nohup: ignoring input
Salonrandevu client baslatiliyor...
Dump dizini: /var/www/www-root/data/www/randevumceptetest/storage/app/salonrandevu/20260529_171253
Login deneniyor...
Login sonuc: OK - POST /auth/staff [mail+password]
Detay: token alindi (uzunluk 4416)
Randevular cekiliyor (/company/appointment/list) - sayfa sayfa...
  sayfa 1 islendi (toplam islenen=10 eklenen=0 update=10 skip=0)
  sayfa 2 islendi (toplam islenen=20 eklenen=0 update=20 skip=0)
  sayfa 3 islendi (toplam islenen=30 eklenen=0 update=30 skip=0)
  sayfa 4 islendi (toplam islenen=40 eklenen=0 update=39 skip=1)
  sayfa 5 islendi (toplam islenen=50 eklenen=0 update=49 skip=1)
  sayfa 6 islendi (toplam islenen=60 eklenen=0 update=59 skip=1)
  sayfa 7 islendi (toplam islenen=70 eklenen=0 update=69 skip=1)
  sayfa 8 islendi (toplam islenen=80 eklenen=0 update=79 skip=1)
  sayfa 9 islendi (toplam islenen=90 eklenen=0 update=88 skip=2)
  sayfa 10 islendi (toplam islenen=100 eklenen=0 update=98 skip=2)
  sayfa 11 islendi (toplam islenen=110 eklenen=0 update=108 skip=2)
  sayfa 12 islendi (toplam islenen=120 eklenen=0 update=118 skip=2)
  sayfa 13 islendi (toplam islenen=130 eklenen=0 update=127 skip=3)
  sayfa 14 islendi (toplam islenen=140 eklenen=0 update=137 skip=3)
  sayfa 15 islendi (toplam islenen=150 eklenen=0 update=147 skip=3)
  sayfa 16 islendi (toplam islenen=160 eklenen=0 update=156 skip=4)
  sayfa 17 islendi (toplam islenen=170 eklenen=0 update=166 skip=4)
  sayfa 18 islendi (toplam islenen=180 eklenen=0 update=176 skip=4)
  sayfa 19 islendi (toplam islenen=190 eklenen=0 update=186 skip=4)
  sayfa 20 islendi (toplam islenen=200 eklenen=0 update=196 skip=4)
  sayfa 21 islendi (toplam islenen=210 eklenen=0 update=206 skip=4)
  sayfa 22 islendi (toplam islenen=220 eklenen=0 update=216 skip=4)
  sayfa 23 islendi (toplam islenen=230 eklenen=0 update=226 skip=4)
  sayfa 24 islendi (toplam islenen=240 eklenen=0 update=236 skip=4)
  sayfa 25 islendi (toplam islenen=250 eklenen=0 update=246 skip=4)
  sayfa 26 islendi (toplam islenen=260 eklenen=0 update=256 skip=4)
  sayfa 27 islendi (toplam islenen=270 eklenen=0 update=266 skip=4)
  sayfa 28 islendi (toplam islenen=280 eklenen=0 update=276 skip=4)
  sayfa 29 islendi (toplam islenen=290 eklenen=0 update=286 skip=4)
  sayfa 30 islendi (toplam islenen=300 eklenen=0 update=296 skip=4)
  sayfa 31 islendi (toplam islenen=310 eklenen=0 update=306 skip=4)
  sayfa 32 islendi (toplam islenen=320 eklenen=0 update=316 skip=4)
  sayfa 33 islendi (toplam islenen=330 eklenen=0 update=326 skip=4)
  sayfa 34 islendi (toplam islenen=340 eklenen=0 update=336 skip=4)
  sayfa 35 islendi (toplam islenen=350 eklenen=0 update=346 skip=4)
  sayfa 36 islendi (toplam islenen=360 eklenen=0 update=355 skip=5)
  sayfa 37 islendi (toplam islenen=370 eklenen=0 update=365 skip=5)
  sayfa 38 islendi (toplam islenen=380 eklenen=0 update=375 skip=5)
  sayfa 39 islendi (toplam islenen=390 eklenen=0 update=385 skip=5)
  sayfa 40 islendi (toplam islenen=400 eklenen=0 update=395 skip=5)
  sayfa 41 islendi (toplam islenen=410 eklenen=0 update=405 skip=5)
  sayfa 42 islendi (toplam islenen=420 eklenen=0 update=415 skip=5)
  sayfa 43 islendi (toplam islenen=430 eklenen=0 update=425 skip=5)
  sayfa 44 islendi (toplam islenen=440 eklenen=0 update=433 skip=7)
  sayfa 45 islendi (toplam islenen=450 eklenen=0 update=441 skip=9)
  sayfa 46 islendi (toplam islenen=460 eklenen=0 update=450 skip=10)
  sayfa 47 islendi (toplam islenen=470 eklenen=0 update=459 skip=11)
  sayfa 48 islendi (toplam islenen=480 eklenen=0 update=468 skip=12)
  sayfa 49 islendi (toplam islenen=490 eklenen=0 update=478 skip=12)
  sayfa 50 islendi (toplam islenen=500 eklenen=0 update=488 skip=12)
  sayfa 51 islendi (toplam islenen=510 eklenen=0 update=498 skip=12)
  sayfa 52 islendi (toplam islenen=520 eklenen=0 update=508 skip=12)
  sayfa 53 islendi (toplam islenen=530 eklenen=0 update=518 skip=12)
  sayfa 54 islendi (toplam islenen=540 eklenen=0 update=528 skip=12)
  sayfa 55 islendi (toplam islenen=550 eklenen=0 update=538 skip=12)
  sayfa 56 islendi (toplam islenen=560 eklenen=0 update=548 skip=12)
  sayfa 57 islendi (toplam islenen=570 eklenen=0 update=558 skip=12)
  sayfa 58 islendi (toplam islenen=580 eklenen=0 update=568 skip=12)
  sayfa 59 islendi (toplam islenen=590 eklenen=0 update=578 skip=12)
  sayfa 60 islendi (toplam islenen=600 eklenen=0 update=588 skip=12)
  sayfa 61 islendi (toplam islenen=610 eklenen=0 update=598 skip=12)
  sayfa 62 islendi (toplam islenen=620 eklenen=0 update=608 skip=12)
  sayfa 63 islendi (toplam islenen=630 eklenen=0 update=618 skip=12)
  sayfa 64 islendi (toplam islenen=640 eklenen=0 update=628 skip=12)
  sayfa 65 islendi (toplam islenen=650 eklenen=0 update=638 skip=12)
  sayfa 66 islendi (toplam islenen=660 eklenen=0 update=648 skip=12)
  sayfa 67 islendi (toplam islenen=670 eklenen=0 update=657 skip=13)
  sayfa 68 islendi (toplam islenen=680 eklenen=0 update=667 skip=13)
  sayfa 69 islendi (toplam islenen=690 eklenen=0 update=677 skip=13)
  sayfa 70 islendi (toplam islenen=700 eklenen=0 update=687 skip=13)
  sayfa 71 islendi (toplam islenen=710 eklenen=0 update=696 skip=14)
  sayfa 72 islendi (toplam islenen=720 eklenen=0 update=705 skip=15)
  sayfa 73 islendi (toplam islenen=730 eklenen=0 update=715 skip=15)
  sayfa 74 islendi (toplam islenen=740 eklenen=0 update=725 skip=15)
  sayfa 75 islendi (toplam islenen=750 eklenen=0 update=735 skip=15)
  sayfa 76 islendi (toplam islenen=760 eklenen=0 update=745 skip=15)
  sayfa 77 islendi (toplam islenen=770 eklenen=0 update=755 skip=15)
  sayfa 78 islendi (toplam islenen=780 eklenen=0 update=765 skip=15)
  sayfa 79 islendi (toplam islenen=790 eklenen=0 update=775 skip=15)
  sayfa 80 islendi (toplam islenen=800 eklenen=0 update=784 skip=16)
  sayfa 81 islendi (toplam islenen=810 eklenen=0 update=794 skip=16)
  sayfa 82 islendi (toplam islenen=820 eklenen=0 update=803 skip=17)
  sayfa 83 islendi (toplam islenen=830 eklenen=0 update=813 skip=17)
  sayfa 84 islendi (toplam islenen=840 eklenen=0 update=823 skip=17)
  sayfa 85 islendi (toplam islenen=850 eklenen=0 update=832 skip=18)
  sayfa 86 islendi (toplam islenen=860 eklenen=0 update=842 skip=18)
  sayfa 87 islendi (toplam islenen=870 eklenen=0 update=851 skip=19)
  sayfa 88 islendi (toplam islenen=880 eklenen=0 update=860 skip=20)
  sayfa 89 islendi (toplam islenen=890 eklenen=0 update=869 skip=21)
  sayfa 90 islendi (toplam islenen=900 eklenen=0 update=879 skip=21)
  sayfa 91 islendi (toplam islenen=910 eklenen=0 update=889 skip=21)
  sayfa 92 islendi (toplam islenen=920 eklenen=0 update=897 skip=23)
  sayfa 93 islendi (toplam islenen=930 eklenen=0 update=907 skip=23)
  sayfa 94 islendi (toplam islenen=940 eklenen=0 update=916 skip=24)
  sayfa 95 islendi (toplam islenen=950 eklenen=0 update=924 skip=26)
  sayfa 96 islendi (toplam islenen=960 eklenen=0 update=934 skip=26)
  sayfa 97 islendi (toplam islenen=970 eklenen=0 update=943 skip=27)
  sayfa 98 islendi (toplam islenen=980 eklenen=0 update=953 skip=27)
  sayfa 99 islendi (toplam islenen=990 eklenen=0 update=963 skip=27)
  sayfa 100 islendi (toplam islenen=1000 eklenen=0 update=973 skip=27)
  sayfa 101 islendi (toplam islenen=1010 eklenen=0 update=983 skip=27)
  sayfa 102 islendi (toplam islenen=1020 eklenen=0 update=993 skip=27)
  sayfa 103 islendi (toplam islenen=1030 eklenen=0 update=1003 skip=27)
  sayfa 104 islendi (toplam islenen=1040 eklenen=0 update=1013 skip=27)
  sayfa 105 islendi (toplam islenen=1050 eklenen=0 update=1023 skip=27)
  sayfa 106 islendi (toplam islenen=1060 eklenen=0 update=1033 skip=27)
  sayfa 107 islendi (toplam islenen=1070 eklenen=0 update=1043 skip=27)
  sayfa 108 islendi (toplam islenen=1080 eklenen=0 update=1053 skip=27)
  sayfa 109 islendi (toplam islenen=1090 eklenen=0 update=1063 skip=27)
  sayfa 110 islendi (toplam islenen=1100 eklenen=0 update=1072 skip=28)
  sayfa 111 islendi (toplam islenen=1110 eklenen=0 update=1081 skip=29)
  sayfa 112 islendi (toplam islenen=1120 eklenen=0 update=1091 skip=29)
  sayfa 113 islendi (toplam islenen=1130 eklenen=0 update=1101 skip=29)
  sayfa 114 islendi (toplam islenen=1140 eklenen=0 update=1110 skip=30)
  sayfa 115 islendi (toplam islenen=1150 eklenen=0 update=1120 skip=30)
  sayfa 116 islendi (toplam islenen=1160 eklenen=0 update=1130 skip=30)
  sayfa 117 islendi (toplam islenen=1170 eklenen=0 update=1140 skip=30)
  sayfa 118 islendi (toplam islenen=1180 eklenen=0 update=1150 skip=30)
  sayfa 119 islendi (toplam islenen=1190 eklenen=0 update=1160 skip=30)
  sayfa 120 islendi (toplam islenen=1200 eklenen=0 update=1170 skip=30)
  sayfa 121 islendi (toplam islenen=1210 eklenen=0 update=1180 skip=30)
  sayfa 122 islendi (toplam islenen=1220 eklenen=0 update=1189 skip=31)
  sayfa 123 islendi (toplam islenen=1230 eklenen=0 update=1199 skip=31)
  sayfa 124 islendi (toplam islenen=1240 eklenen=0 update=1208 skip=32)
  sayfa 125 islendi (toplam islenen=1250 eklenen=0 update=1216 skip=34)
  sayfa 126 islendi (toplam islenen=1260 eklenen=0 update=1225 skip=35)
  sayfa 127 islendi (toplam islenen=1270 eklenen=0 update=1235 skip=35)
  sayfa 128 islendi (toplam islenen=1280 eklenen=0 update=1245 skip=35)
  sayfa 129 islendi (toplam islenen=1290 eklenen=0 update=1255 skip=35)
  sayfa 130 islendi (toplam islenen=1300 eklenen=0 update=1264 skip=36)
  sayfa 131 islendi (toplam islenen=1310 eklenen=0 update=1274 skip=36)
  sayfa 132 islendi (toplam islenen=1320 eklenen=0 update=1284 skip=36)
  sayfa 133 islendi (toplam islenen=1330 eklenen=0 update=1294 skip=36)
  sayfa 134 islendi (toplam islenen=1340 eklenen=0 update=1300 skip=40)
  sayfa 135 islendi (toplam islenen=1350 eklenen=0 update=1309 skip=41)
  sayfa 136 islendi (toplam islenen=1360 eklenen=0 update=1318 skip=42)
  sayfa 137 islendi (toplam islenen=1370 eklenen=0 update=1328 skip=42)
  sayfa 138 islendi (toplam islenen=1380 eklenen=0 update=1338 skip=42)
  sayfa 139 islendi (toplam islenen=1390 eklenen=0 update=1348 skip=42)
  sayfa 140 islendi (toplam islenen=1400 eklenen=0 update=1358 skip=42)
  sayfa 141 islendi (toplam islenen=1410 eklenen=0 update=1368 skip=42)
  sayfa 142 islendi (toplam islenen=1420 eklenen=0 update=1376 skip=44)
  sayfa 143 islendi (toplam islenen=1430 eklenen=0 update=1385 skip=45)
  sayfa 144 islendi (toplam islenen=1440 eklenen=0 update=1395 skip=45)
  sayfa 145 islendi (toplam islenen=1450 eklenen=0 update=1405 skip=45)
  sayfa 146 islendi (toplam islenen=1460 eklenen=0 update=1415 skip=45)
  sayfa 147 islendi (toplam islenen=1470 eklenen=0 update=1423 skip=47)
  sayfa 148 islendi (toplam islenen=1480 eklenen=0 update=1432 skip=48)
  sayfa 149 islendi (toplam islenen=1490 eklenen=0 update=1441 skip=49)
  sayfa 150 islendi (toplam islenen=1500 eklenen=0 update=1450 skip=50)
  sayfa 151 islendi (toplam islenen=1510 eklenen=0 update=1460 skip=50)
  sayfa 152 islendi (toplam islenen=1520 eklenen=0 update=1470 skip=50)
  sayfa 153 islendi (toplam islenen=1530 eklenen=0 update=1480 skip=50)
  sayfa 154 islendi (toplam islenen=1540 eklenen=0 update=1489 skip=51)
  sayfa 155 islendi (toplam islenen=1550 eklenen=0 update=1498 skip=52)
  sayfa 156 islendi (toplam islenen=1560 eklenen=0 update=1508 skip=52)
  sayfa 157 islendi (toplam islenen=1570 eklenen=0 update=1516 skip=54)
  sayfa 158 islendi (toplam islenen=1580 eklenen=0 update=1526 skip=54)
  sayfa 159 islendi (toplam islenen=1590 eklenen=0 update=1536 skip=54)
  sayfa 160 islendi (toplam islenen=1600 eklenen=0 update=1545 skip=55)
  sayfa 161 islendi (toplam islenen=1610 eklenen=0 update=1554 skip=56)
  sayfa 162 islendi (toplam islenen=1620 eklenen=0 update=1560 skip=60)
  sayfa 163 islendi (toplam islenen=1630 eklenen=0 update=1567 skip=63)
  sayfa 164 islendi (toplam islenen=1640 eklenen=0 update=1576 skip=64)
  sayfa 165 islendi (toplam islenen=1650 eklenen=0 update=1584 skip=66)
  sayfa 166 islendi (toplam islenen=1660 eklenen=0 update=1591 skip=69)
  sayfa 167 islendi (toplam islenen=1670 eklenen=0 update=1599 skip=71)
  sayfa 168 islendi (toplam islenen=1680 eklenen=0 update=1608 skip=72)
  sayfa 169 islendi (toplam islenen=1690 eklenen=0 update=1617 skip=73)
  sayfa 170 islendi (toplam islenen=1700 eklenen=0 update=1627 skip=73)
  sayfa 171 islendi (toplam islenen=1710 eklenen=0 update=1636 skip=74)
  sayfa 172 islendi (toplam islenen=1720 eklenen=0 update=1645 skip=75)
  sayfa 173 islendi (toplam islenen=1730 eklenen=0 update=1653 skip=77)
  sayfa 174 islendi (toplam islenen=1740 eklenen=0 update=1659 skip=81)
  sayfa 175 islendi (toplam islenen=1750 eklenen=0 update=1669 skip=81)
  sayfa 176 islendi (toplam islenen=1760 eklenen=0 update=1677 skip=83)
  sayfa 177 islendi (toplam islenen=1770 eklenen=0 update=1685 skip=85)
  sayfa 178 islendi (toplam islenen=1780 eklenen=0 update=1694 skip=86)
  sayfa 179 islendi (toplam islenen=1790 eklenen=0 update=1701 skip=89)
  sayfa 180 islendi (toplam islenen=1800 eklenen=0 update=1711 skip=89)
  sayfa 181 islendi (toplam islenen=1810 eklenen=0 update=1720 skip=90)
  sayfa 182 islendi (toplam islenen=1820 eklenen=0 update=1730 skip=90)
  sayfa 183 islendi (toplam islenen=1830 eklenen=0 update=1740 skip=90)
  sayfa 184 islendi (toplam islenen=1840 eklenen=0 update=1750 skip=90)
  sayfa 185 islendi (toplam islenen=1850 eklenen=0 update=1760 skip=90)
  sayfa 186 islendi (toplam islenen=1860 eklenen=0 update=1769 skip=91)
  sayfa 187 islendi (toplam islenen=1870 eklenen=0 update=1779 skip=91)
  sayfa 188 islendi (toplam islenen=1880 eklenen=0 update=1788 skip=92)
  sayfa 189 islendi (toplam islenen=1890 eklenen=0 update=1796 skip=94)
  sayfa 190 islendi (toplam islenen=1900 eklenen=0 update=1803 skip=97)
  sayfa 191 islendi (toplam islenen=1910 eklenen=0 update=1811 skip=99)
  sayfa 192 islendi (toplam islenen=1920 eklenen=0 update=1819 skip=101)
  sayfa 193 islendi (toplam islenen=1930 eklenen=0 update=1827 skip=103)
  sayfa 194 islendi (toplam islenen=1940 eklenen=0 update=1834 skip=106)
  sayfa 195 islendi (toplam islenen=1950 eklenen=0 update=1843 skip=107)
  sayfa 196 islendi (toplam islenen=1960 eklenen=0 update=1850 skip=110)
  sayfa 197 islendi (toplam islenen=1970 eklenen=0 update=1858 skip=112)
  sayfa 198 islendi (toplam islenen=1980 eklenen=0 update=1865 skip=115)
  sayfa 199 islendi (toplam islenen=1990 eklenen=0 update=1871 skip=119)
  sayfa 200 islendi (toplam islenen=2000 eklenen=0 update=1881 skip=119)
  sayfa 201 islendi (toplam islenen=2010 eklenen=0 update=1887 skip=123)
  sayfa 202 islendi (toplam islenen=2020 eklenen=0 update=1897 skip=123)
  sayfa 203 islendi (toplam islenen=2030 eklenen=0 update=1904 skip=126)
  sayfa 204 islendi (toplam islenen=2040 eklenen=0 update=1913 skip=127)
  sayfa 205 islendi (toplam islenen=2050 eklenen=0 update=1918 skip=132)
  sayfa 206 islendi (toplam islenen=2060 eklenen=0 update=1928 skip=132)
  sayfa 207 islendi (toplam islenen=2070 eklenen=0 update=1936 skip=134)
  sayfa 208 islendi (toplam islenen=2080 eklenen=0 update=1946 skip=134)
  sayfa 209 islendi (toplam islenen=2090 eklenen=0 update=1951 skip=139)
  sayfa 210 islendi (toplam islenen=2100 eklenen=0 update=1961 skip=139)
  sayfa 211 islendi (toplam islenen=2110 eklenen=0 update=1971 skip=139)
  sayfa 212 islendi (toplam islenen=2120 eklenen=0 update=1981 skip=139)
  sayfa 213 islendi (toplam islenen=2130 eklenen=0 update=1990 skip=140)
  sayfa 214 islendi (toplam islenen=2140 eklenen=0 update=1997 skip=143)
  sayfa 215 islendi (toplam islenen=2150 eklenen=0 update=2007 skip=143)
  sayfa 216 islendi (toplam islenen=2160 eklenen=0 update=2016 skip=144)
  sayfa 217 islendi (toplam islenen=2170 eklenen=0 update=2023 skip=147)
  sayfa 218 islendi (toplam islenen=2180 eklenen=0 update=2025 skip=155)
  sayfa 219 islendi (toplam islenen=2190 eklenen=0 update=2030 skip=160)
  sayfa 220 islendi (toplam islenen=2200 eklenen=0 update=2038 skip=162)
  sayfa 221 islendi (toplam islenen=2210 eklenen=0 update=2048 skip=162)
  sayfa 222 islendi (toplam islenen=2220 eklenen=0 update=2056 skip=164)
  sayfa 223 islendi (toplam islenen=2230 eklenen=0 update=2062 skip=168)
  sayfa 224 islendi (toplam islenen=2240 eklenen=0 update=2071 skip=169)
  sayfa 225 islendi (toplam islenen=2250 eklenen=0 update=2077 skip=173)
  sayfa 226 islendi (toplam islenen=2260 eklenen=0 update=2085 skip=175)
  sayfa 227 islendi (toplam islenen=2270 eklenen=0 update=2093 skip=177)
  sayfa 228 islendi (toplam islenen=2280 eklenen=0 update=2101 skip=179)
  sayfa 229 islendi (toplam islenen=2290 eklenen=0 update=2107 skip=183)
  sayfa 230 islendi (toplam islenen=2300 eklenen=0 update=2114 skip=186)
  sayfa 231 islendi (toplam islenen=2310 eklenen=0 update=2121 skip=189)
  sayfa 232 islendi (toplam islenen=2320 eklenen=0 update=2129 skip=191)
  sayfa 233 islendi (toplam islenen=2330 eklenen=0 update=2139 skip=191)
  sayfa 234 islendi (toplam islenen=2340 eklenen=0 update=2144 skip=196)
  sayfa 235 islendi (toplam islenen=2350 eklenen=0 update=2152 skip=198)
  sayfa 236 islendi (toplam islenen=2360 eklenen=0 update=2158 skip=202)
  sayfa 237 islendi (toplam islenen=2370 eklenen=0 update=2165 skip=205)
  sayfa 238 islendi (toplam islenen=2380 eklenen=0 update=2171 skip=209)
  sayfa 239 islendi (toplam islenen=2390 eklenen=0 update=2179 skip=211)
  sayfa 240 islendi (toplam islenen=2400 eklenen=0 update=2188 skip=212)
  sayfa 241 islendi (toplam islenen=2410 eklenen=0 update=2195 skip=215)
  sayfa 242 islendi (toplam islenen=2420 eklenen=0 update=2202 skip=218)
  sayfa 243 islendi (toplam islenen=2430 eklenen=0 update=2212 skip=218)
  sayfa 244 islendi (toplam islenen=2440 eklenen=0 update=2221 skip=219)
  sayfa 245 islendi (toplam islenen=2450 eklenen=0 update=2231 skip=219)
  sayfa 246 islendi (toplam islenen=2460 eklenen=0 update=2240 skip=220)
  sayfa 247 islendi (toplam islenen=2470 eklenen=0 update=2249 skip=221)
  sayfa 248 islendi (toplam islenen=2480 eklenen=0 update=2257 skip=223)
  sayfa 249 islendi (toplam islenen=2490 eklenen=0 update=2266 skip=224)
  sayfa 250 islendi (toplam islenen=2500 eklenen=0 update=2275 skip=225)
  sayfa 251 islendi (toplam islenen=2510 eklenen=0 update=2285 skip=225)
  sayfa 252 islendi (toplam islenen=2520 eklenen=0 update=2295 skip=225)
  sayfa 253 islendi (toplam islenen=2530 eklenen=0 update=2305 skip=225)
  sayfa 254 islendi (toplam islenen=2540 eklenen=0 update=2315 skip=225)
  sayfa 255 islendi (toplam islenen=2550 eklenen=0 update=2325 skip=225)
  sayfa 256 islendi (toplam islenen=2560 eklenen=0 update=2335 skip=225)
  sayfa 257 islendi (toplam islenen=2570 eklenen=0 update=2345 skip=225)
  sayfa 258 islendi (toplam islenen=2580 eklenen=0 update=2355 skip=225)
  sayfa 259 islendi (toplam islenen=2590 eklenen=0 update=2365 skip=225)
  sayfa 260 islendi (toplam islenen=2600 eklenen=0 update=2375 skip=225)
  sayfa 261 islendi (toplam islenen=2610 eklenen=0 update=2385 skip=225)
  sayfa 262 islendi (toplam islenen=2620 eklenen=0 update=2395 skip=225)
  sayfa 263 islendi (toplam islenen=2630 eklenen=0 update=2405 skip=225)
  sayfa 264 islendi (toplam islenen=2640 eklenen=0 update=2413 skip=227)
  sayfa 265 islendi (toplam islenen=2650 eklenen=0 update=2423 skip=227)
  sayfa 266 islendi (toplam islenen=2660 eklenen=0 update=2431 skip=229)
  sayfa 267 islendi (toplam islenen=2670 eklenen=0 update=2441 skip=229)
  sayfa 268 islendi (toplam islenen=2680 eklenen=0 update=2451 skip=229)
  sayfa 269 islendi (toplam islenen=2690 eklenen=0 update=2461 skip=229)
  sayfa 270 islendi (toplam islenen=2700 eklenen=0 update=2469 skip=231)
  sayfa 271 islendi (toplam islenen=2710 eklenen=0 update=2478 skip=232)
  sayfa 272 islendi (toplam islenen=2720 eklenen=0 update=2485 skip=235)
  sayfa 273 islendi (toplam islenen=2730 eklenen=0 update=2495 skip=235)
  sayfa 274 islendi (toplam islenen=2740 eklenen=0 update=2501 skip=239)
  sayfa 275 islendi (toplam islenen=2750 eklenen=0 update=2510 skip=240)
  sayfa 276 islendi (toplam islenen=2760 eklenen=0 update=2518 skip=242)
  sayfa 277 islendi (toplam islenen=2770 eklenen=0 update=2526 skip=244)
  sayfa 278 islendi (toplam islenen=2780 eklenen=0 update=2533 skip=247)
  sayfa 279 islendi (toplam islenen=2790 eklenen=0 update=2539 skip=251)
  sayfa 280 islendi (toplam islenen=2800 eklenen=0 update=2549 skip=251)
  sayfa 281 islendi (toplam islenen=2810 eklenen=0 update=2556 skip=254)
  sayfa 282 islendi (toplam islenen=2820 eklenen=0 update=2563 skip=257)
  sayfa 283 islendi (toplam islenen=2830 eklenen=0 update=2572 skip=258)
  sayfa 284 islendi (toplam islenen=2840 eklenen=0 update=2580 skip=260)
  sayfa 285 islendi (toplam islenen=2850 eklenen=0 update=2590 skip=260)
  sayfa 286 islendi (toplam islenen=2860 eklenen=0 update=2598 skip=262)
  sayfa 287 islendi (toplam islenen=2870 eklenen=0 update=2606 skip=264)
  sayfa 288 islendi (toplam islenen=2880 eklenen=0 update=2615 skip=265)
  sayfa 289 islendi (toplam islenen=2890 eklenen=0 update=2624 skip=266)
  sayfa 290 islendi (toplam islenen=2900 eklenen=0 update=2634 skip=266)
  sayfa 291 islendi (toplam islenen=2910 eklenen=0 update=2644 skip=266)
  sayfa 292 islendi (toplam islenen=2920 eklenen=0 update=2653 skip=267)
  sayfa 293 islendi (toplam islenen=2930 eklenen=0 update=2663 skip=267)
  sayfa 294 islendi (toplam islenen=2940 eklenen=0 update=2673 skip=267)
  sayfa 295 islendi (toplam islenen=2950 eklenen=0 update=2683 skip=267)
  sayfa 296 islendi (toplam islenen=2960 eklenen=0 update=2693 skip=267)
  sayfa 297 islendi (toplam islenen=2970 eklenen=0 update=2700 skip=270)
  sayfa 298 islendi (toplam islenen=2980 eklenen=0 update=2708 skip=272)
  sayfa 299 islendi (toplam islenen=2990 eklenen=0 update=2718 skip=272)
  sayfa 300 islendi (toplam islenen=3000 eklenen=0 update=2724 skip=276)
  sayfa 301 islendi (toplam islenen=3010 eklenen=0 update=2734 skip=276)
  sayfa 302 islendi (toplam islenen=3020 eklenen=0 update=2744 skip=276)
  sayfa 303 islendi (toplam islenen=3030 eklenen=0 update=2753 skip=277)
  sayfa 304 islendi (toplam islenen=3040 eklenen=0 update=2763 skip=277)
  sayfa 305 islendi (toplam islenen=3050 eklenen=0 update=2771 skip=279)
  sayfa 306 islendi (toplam islenen=3060 eklenen=0 update=2779 skip=281)
  sayfa 307 islendi (toplam islenen=3070 eklenen=0 update=2789 skip=281)
  sayfa 308 islendi (toplam islenen=3080 eklenen=0 update=2799 skip=281)
  sayfa 309 islendi (toplam islenen=3090 eklenen=0 update=2808 skip=282)
  sayfa 310 islendi (toplam islenen=3100 eklenen=0 update=2817 skip=283)
  sayfa 311 islendi (toplam islenen=3110 eklenen=0 update=2826 skip=284)
  sayfa 312 islendi (toplam islenen=3120 eklenen=0 update=2833 skip=287)
  sayfa 313 islendi (toplam islenen=3130 eklenen=0 update=2842 skip=288)
  sayfa 314 islendi (toplam islenen=3140 eklenen=0 update=2852 skip=288)
  sayfa 315 islendi (toplam islenen=3150 eklenen=0 update=2860 skip=290)
  sayfa 316 islendi (toplam islenen=3160 eklenen=0 update=2868 skip=292)
  sayfa 317 islendi (toplam islenen=3170 eklenen=0 update=2877 skip=293)
  sayfa 318 islendi (toplam islenen=3180 eklenen=0 update=2886 skip=294)
  sayfa 319 islendi (toplam islenen=3190 eklenen=0 update=2895 skip=295)
  sayfa 320 islendi (toplam islenen=3200 eklenen=0 update=2904 skip=296)
  sayfa 321 islendi (toplam islenen=3210 eklenen=0 update=2914 skip=296)
  sayfa 322 islendi (toplam islenen=3220 eklenen=0 update=2924 skip=296)
  sayfa 323 islendi (toplam islenen=3230 eklenen=0 update=2934 skip=296)
  sayfa 324 islendi (toplam islenen=3240 eklenen=0 update=2944 skip=296)
  sayfa 325 islendi (toplam islenen=3250 eklenen=0 update=2954 skip=296)
  sayfa 326 islendi (toplam islenen=3260 eklenen=0 update=2964 skip=296)
  sayfa 327 islendi (toplam islenen=3270 eklenen=0 update=2974 skip=296)
  sayfa 328 islendi (toplam islenen=3280 eklenen=0 update=2984 skip=296)
  sayfa 329 islendi (toplam islenen=3290 eklenen=0 update=2991 skip=299)
  sayfa 330 islendi (toplam islenen=3300 eklenen=0 update=3001 skip=299)
  sayfa 331 islendi (toplam islenen=3310 eklenen=0 update=3011 skip=299)
  sayfa 332 islendi (toplam islenen=3320 eklenen=0 update=3020 skip=300)
  sayfa 333 islendi (toplam islenen=3330 eklenen=0 update=3030 skip=300)
  sayfa 334 islendi (toplam islenen=3340 eklenen=0 update=3040 skip=300)
  sayfa 335 islendi (toplam islenen=3350 eklenen=0 update=3049 skip=301)
  sayfa 336 islendi (toplam islenen=3360 eklenen=0 update=3058 skip=302)
  sayfa 337 islendi (toplam islenen=3370 eklenen=0 update=3065 skip=305)
  sayfa 338 islendi (toplam islenen=3380 eklenen=0 update=3075 skip=305)
  sayfa 339 islendi (toplam islenen=3390 eklenen=0 update=3085 skip=305)
  sayfa 340 islendi (toplam islenen=3400 eklenen=0 update=3095 skip=305)
  sayfa 341 islendi (toplam islenen=3410 eklenen=0 update=3105 skip=305)
  sayfa 342 islendi (toplam islenen=3420 eklenen=0 update=3115 skip=305)
  sayfa 343 islendi (toplam islenen=3430 eklenen=0 update=3125 skip=305)
  sayfa 344 islendi (toplam islenen=3440 eklenen=0 update=3135 skip=305)
  sayfa 345 islendi (toplam islenen=3450 eklenen=0 update=3145 skip=305)
  sayfa 346 islendi (toplam islenen=3460 eklenen=0 update=3155 skip=305)
  sayfa 347 islendi (toplam islenen=3470 eklenen=0 update=3165 skip=305)
  sayfa 348 islendi (toplam islenen=3480 eklenen=0 update=3175 skip=305)
  sayfa 349 islendi (toplam islenen=3490 eklenen=0 update=3185 skip=305)
  sayfa 350 islendi (toplam islenen=3500 eklenen=0 update=3195 skip=305)
  sayfa 351 islendi (toplam islenen=3510 eklenen=0 update=3205 skip=305)
  sayfa 352 islendi (toplam islenen=3520 eklenen=0 update=3215 skip=305)
  sayfa 353 islendi (toplam islenen=3530 eklenen=0 update=3225 skip=305)
  sayfa 354 islendi (toplam islenen=3540 eklenen=0 update=3235 skip=305)
  sayfa 355 islendi (toplam islenen=3550 eklenen=0 update=3245 skip=305)
  sayfa 356 islendi (toplam islenen=3560 eklenen=0 update=3255 skip=305)
  sayfa 357 islendi (toplam islenen=3570 eklenen=0 update=3265 skip=305)
  sayfa 358 islendi (toplam islenen=3580 eklenen=0 update=3275 skip=305)
  sayfa 359 islendi (toplam islenen=3590 eklenen=0 update=3285 skip=305)
  sayfa 360 islendi (toplam islenen=3600 eklenen=0 update=3295 skip=305)
  sayfa 361 islendi (toplam islenen=3610 eklenen=0 update=3305 skip=305)
  sayfa 362 islendi (toplam islenen=3620 eklenen=0 update=3315 skip=305)
  sayfa 363 islendi (toplam islenen=3630 eklenen=0 update=3325 skip=305)
  sayfa 364 islendi (toplam islenen=3640 eklenen=0 update=3335 skip=305)
  sayfa 365 islendi (toplam islenen=3650 eklenen=0 update=3345 skip=305)
  sayfa 366 islendi (toplam islenen=3660 eklenen=0 update=3355 skip=305)
  sayfa 367 islendi (toplam islenen=3670 eklenen=0 update=3365 skip=305)
  sayfa 368 islendi (toplam islenen=3680 eklenen=0 update=3375 skip=305)
  sayfa 369 islendi (toplam islenen=3690 eklenen=0 update=3385 skip=305)
  sayfa 370 islendi (toplam islenen=3700 eklenen=0 update=3395 skip=305)
  sayfa 371 islendi (toplam islenen=3710 eklenen=0 update=3405 skip=305)
  sayfa 372 islendi (toplam islenen=3720 eklenen=0 update=3415 skip=305)
  sayfa 373 islendi (toplam islenen=3730 eklenen=0 update=3425 skip=305)
  sayfa 374 islendi (toplam islenen=3740 eklenen=0 update=3435 skip=305)
  sayfa 375 islendi (toplam islenen=3750 eklenen=0 update=3445 skip=305)
  sayfa 376 islendi (toplam islenen=3760 eklenen=0 update=3455 skip=305)
  sayfa 377 islendi (toplam islenen=3770 eklenen=0 update=3465 skip=305)
  sayfa 378 islendi (toplam islenen=3780 eklenen=0 update=3475 skip=305)
  sayfa 379 islendi (toplam islenen=3790 eklenen=0 update=3485 skip=305)
  sayfa 380 islendi (toplam islenen=3800 eklenen=0 update=3495 skip=305)
  sayfa 381 islendi (toplam islenen=3810 eklenen=0 update=3505 skip=305)
  sayfa 382 islendi (toplam islenen=3820 eklenen=0 update=3515 skip=305)
  sayfa 383 islendi (toplam islenen=3830 eklenen=0 update=3525 skip=305)
  sayfa 384 islendi (toplam islenen=3840 eklenen=0 update=3535 skip=305)
  sayfa 385 islendi (toplam islenen=3850 eklenen=0 update=3545 skip=305)
  sayfa 386 islendi (toplam islenen=3860 eklenen=0 update=3555 skip=305)
  sayfa 387 islendi (toplam islenen=3870 eklenen=0 update=3565 skip=305)
  sayfa 388 islendi (toplam islenen=3880 eklenen=0 update=3575 skip=305)
  sayfa 389 islendi (toplam islenen=3890 eklenen=0 update=3585 skip=305)
  sayfa 390 islendi (toplam islenen=3900 eklenen=0 update=3595 skip=305)
  sayfa 391 islendi (toplam islenen=3910 eklenen=0 update=3605 skip=305)
  sayfa 392 islendi (toplam islenen=3920 eklenen=0 update=3615 skip=305)
  sayfa 393 islendi (toplam islenen=3930 eklenen=0 update=3625 skip=305)
  sayfa 394 islendi (toplam islenen=3940 eklenen=0 update=3635 skip=305)
  sayfa 395 islendi (toplam islenen=3950 eklenen=0 update=3645 skip=305)
  sayfa 396 islendi (toplam islenen=3960 eklenen=0 update=3655 skip=305)
  sayfa 397 islendi (toplam islenen=3970 eklenen=0 update=3665 skip=305)
  sayfa 398 islendi (toplam islenen=3980 eklenen=0 update=3675 skip=305)
  sayfa 399 islendi (toplam islenen=3990 eklenen=0 update=3685 skip=305)
  sayfa 400 islendi (toplam islenen=4000 eklenen=0 update=3695 skip=305)
  sayfa 401 islendi (toplam islenen=4010 eklenen=0 update=3705 skip=305)
  sayfa 402 islendi (toplam islenen=4020 eklenen=0 update=3715 skip=305)
  sayfa 403 islendi (toplam islenen=4030 eklenen=0 update=3725 skip=305)
  sayfa 404 islendi (toplam islenen=4040 eklenen=0 update=3735 skip=305)
  sayfa 405 islendi (toplam islenen=4050 eklenen=0 update=3745 skip=305)
  sayfa 406 islendi (toplam islenen=4060 eklenen=0 update=3755 skip=305)
  sayfa 407 islendi (toplam islenen=4070 eklenen=0 update=3765 skip=305)
  sayfa 408 islendi (toplam islenen=4080 eklenen=0 update=3775 skip=305)
  sayfa 409 islendi (toplam islenen=4090 eklenen=0 update=3785 skip=305)
  sayfa 410 islendi (toplam islenen=4100 eklenen=0 update=3795 skip=305)
  sayfa 411 islendi (toplam islenen=4110 eklenen=0 update=3805 skip=305)
  sayfa 412 islendi (toplam islenen=4120 eklenen=0 update=3815 skip=305)
  sayfa 413 islendi (toplam islenen=4130 eklenen=0 update=3825 skip=305)
  sayfa 414 islendi (toplam islenen=4140 eklenen=0 update=3835 skip=305)
  sayfa 415 islendi (toplam islenen=4150 eklenen=0 update=3845 skip=305)
  sayfa 416 islendi (toplam islenen=4160 eklenen=0 update=3855 skip=305)
  sayfa 417 islendi (toplam islenen=4170 eklenen=0 update=3865 skip=305)
  sayfa 418 islendi (toplam islenen=4180 eklenen=0 update=3875 skip=305)
  sayfa 419 islendi (toplam islenen=4190 eklenen=0 update=3885 skip=305)
  sayfa 420 islendi (toplam islenen=4200 eklenen=0 update=3895 skip=305)
  sayfa 421 islendi (toplam islenen=4210 eklenen=0 update=3905 skip=305)
  sayfa 422 islendi (toplam islenen=4220 eklenen=0 update=3915 skip=305)
  sayfa 423 islendi (toplam islenen=4230 eklenen=0 update=3925 skip=305)
  sayfa 424 islendi (toplam islenen=4240 eklenen=0 update=3935 skip=305)
  sayfa 425 islendi (toplam islenen=4250 eklenen=0 update=3945 skip=305)
  sayfa 426 islendi (toplam islenen=4260 eklenen=0 update=3955 skip=305)
  sayfa 427 islendi (toplam islenen=4270 eklenen=0 update=3965 skip=305)
  sayfa 428 islendi (toplam islenen=4280 eklenen=0 update=3975 skip=305)
  sayfa 429 islendi (toplam islenen=4290 eklenen=0 update=3985 skip=305)
  sayfa 430 islendi (toplam islenen=4300 eklenen=0 update=3995 skip=305)
  sayfa 431 islendi (toplam islenen=4310 eklenen=0 update=4005 skip=305)
  sayfa 432 islendi (toplam islenen=4320 eklenen=0 update=4015 skip=305)
  sayfa 433 islendi (toplam islenen=4330 eklenen=0 update=4025 skip=305)
  sayfa 434 islendi (toplam islenen=4340 eklenen=0 update=4035 skip=305)
  sayfa 435 islendi (toplam islenen=4350 eklenen=0 update=4045 skip=305)
  sayfa 436 islendi (toplam islenen=4360 eklenen=0 update=4055 skip=305)
  sayfa 437 islendi (toplam islenen=4370 eklenen=0 update=4065 skip=305)
  sayfa 438 islendi (toplam islenen=4380 eklenen=0 update=4075 skip=305)
  sayfa 439 islendi (toplam islenen=4390 eklenen=0 update=4085 skip=305)
  sayfa 440 islendi (toplam islenen=4400 eklenen=0 update=4095 skip=305)
  sayfa 441 islendi (toplam islenen=4410 eklenen=0 update=4105 skip=305)
  sayfa 442 islendi (toplam islenen=4420 eklenen=0 update=4115 skip=305)
  sayfa 443 islendi (toplam islenen=4430 eklenen=0 update=4125 skip=305)
  sayfa 444 islendi (toplam islenen=4440 eklenen=0 update=4135 skip=305)
  sayfa 445 islendi (toplam islenen=4450 eklenen=0 update=4145 skip=305)
  sayfa 446 islendi (toplam islenen=4460 eklenen=0 update=4155 skip=305)
  sayfa 447 islendi (toplam islenen=4470 eklenen=0 update=4165 skip=305)
  sayfa 448 islendi (toplam islenen=4480 eklenen=0 update=4175 skip=305)
  sayfa 449 islendi (toplam islenen=4490 eklenen=0 update=4185 skip=305)
  sayfa 450 islendi (toplam islenen=4500 eklenen=0 update=4195 skip=305)
  sayfa 451 islendi (toplam islenen=4510 eklenen=0 update=4205 skip=305)
  sayfa 452 islendi (toplam islenen=4520 eklenen=0 update=4215 skip=305)
  sayfa 453 islendi (toplam islenen=4530 eklenen=0 update=4225 skip=305)
  sayfa 454 islendi (toplam islenen=4540 eklenen=0 update=4235 skip=305)
  sayfa 455 islendi (toplam islenen=4550 eklenen=0 update=4245 skip=305)
  sayfa 456 islendi (toplam islenen=4560 eklenen=0 update=4255 skip=305)
  sayfa 457 islendi (toplam islenen=4570 eklenen=0 update=4265 skip=305)
  sayfa 458 islendi (toplam islenen=4580 eklenen=0 update=4275 skip=305)
  sayfa 459 islendi (toplam islenen=4590 eklenen=0 update=4285 skip=305)
  sayfa 460 islendi (toplam islenen=4600 eklenen=0 update=4295 skip=305)
  sayfa 461 islendi (toplam islenen=4610 eklenen=0 update=4305 skip=305)
  sayfa 462 islendi (toplam islenen=4620 eklenen=0 update=4315 skip=305)
  sayfa 463 islendi (toplam islenen=4630 eklenen=0 update=4325 skip=305)
  sayfa 464 islendi (toplam islenen=4640 eklenen=0 update=4335 skip=305)
  sayfa 465 islendi (toplam islenen=4650 eklenen=0 update=4345 skip=305)
  sayfa 466 islendi (toplam islenen=4660 eklenen=0 update=4355 skip=305)
  sayfa 467 islendi (toplam islenen=4670 eklenen=0 update=4365 skip=305)
  sayfa 468 islendi (toplam islenen=4680 eklenen=0 update=4375 skip=305)
  sayfa 469 islendi (toplam islenen=4690 eklenen=0 update=4385 skip=305)
  sayfa 470 islendi (toplam islenen=4700 eklenen=0 update=4395 skip=305)
  sayfa 471 islendi (toplam islenen=4710 eklenen=0 update=4405 skip=305)
  sayfa 472 islendi (toplam islenen=4720 eklenen=0 update=4415 skip=305)
  sayfa 473 islendi (toplam islenen=4730 eklenen=0 update=4425 skip=305)
  sayfa 474 islendi (toplam islenen=4740 eklenen=0 update=4435 skip=305)
  sayfa 475 islendi (toplam islenen=4750 eklenen=0 update=4445 skip=305)
  sayfa 476 islendi (toplam islenen=4760 eklenen=0 update=4455 skip=305)
  sayfa 477 islendi (toplam islenen=4770 eklenen=0 update=4465 skip=305)
  sayfa 478 islendi (toplam islenen=4780 eklenen=0 update=4475 skip=305)
  sayfa 479 islendi (toplam islenen=4790 eklenen=0 update=4485 skip=305)
  sayfa 480 islendi (toplam islenen=4800 eklenen=0 update=4495 skip=305)
  sayfa 481 islendi (toplam islenen=4810 eklenen=0 update=4505 skip=305)
  sayfa 482 islendi (toplam islenen=4820 eklenen=0 update=4515 skip=305)
  sayfa 483 islendi (toplam islenen=4830 eklenen=0 update=4525 skip=305)
  sayfa 484 islendi (toplam islenen=4840 eklenen=0 update=4535 skip=305)
  sayfa 485 islendi (toplam islenen=4850 eklenen=0 update=4545 skip=305)
  sayfa 486 islendi (toplam islenen=4860 eklenen=0 update=4555 skip=305)
  sayfa 487 islendi (toplam islenen=4870 eklenen=0 update=4565 skip=305)
  sayfa 488 islendi (toplam islenen=4880 eklenen=0 update=4575 skip=305)
  sayfa 489 islendi (toplam islenen=4890 eklenen=0 update=4585 skip=305)
  sayfa 490 islendi (toplam islenen=4900 eklenen=0 update=4595 skip=305)
  sayfa 491 islendi (toplam islenen=4910 eklenen=0 update=4605 skip=305)
  sayfa 492 islendi (toplam islenen=4920 eklenen=0 update=4615 skip=305)
  sayfa 493 islendi (toplam islenen=4930 eklenen=0 update=4625 skip=305)
  sayfa 494 islendi (toplam islenen=4940 eklenen=0 update=4635 skip=305)
  sayfa 495 islendi (toplam islenen=4950 eklenen=0 update=4645 skip=305)
  sayfa 496 islendi (toplam islenen=4960 eklenen=0 update=4655 skip=305)
  sayfa 497 islendi (toplam islenen=4970 eklenen=0 update=4665 skip=305)
  sayfa 498 islendi (toplam islenen=4980 eklenen=0 update=4675 skip=305)
  sayfa 499 islendi (toplam islenen=4990 eklenen=0 update=4685 skip=305)
  sayfa 500 islendi (toplam islenen=5000 eklenen=0 update=4695 skip=305)
  sayfa 501 islendi (toplam islenen=5010 eklenen=0 update=4705 skip=305)
  sayfa 502 islendi (toplam islenen=5020 eklenen=0 update=4715 skip=305)
  sayfa 503 islendi (toplam islenen=5030 eklenen=0 update=4725 skip=305)
  sayfa 504 islendi (toplam islenen=5040 eklenen=0 update=4735 skip=305)
  sayfa 505 islendi (toplam islenen=5050 eklenen=0 update=4745 skip=305)
  sayfa 506 islendi (toplam islenen=5060 eklenen=0 update=4755 skip=305)
  sayfa 507 islendi (toplam islenen=5070 eklenen=0 update=4765 skip=305)
  sayfa 508 islendi (toplam islenen=5080 eklenen=0 update=4775 skip=305)
  sayfa 509 islendi (toplam islenen=5090 eklenen=0 update=4785 skip=305)
  sayfa 510 islendi (toplam islenen=5100 eklenen=0 update=4795 skip=305)
  sayfa 511 islendi (toplam islenen=5110 eklenen=0 update=4805 skip=305)
  sayfa 512 islendi (toplam islenen=5120 eklenen=0 update=4815 skip=305)
  sayfa 513 islendi (toplam islenen=5130 eklenen=0 update=4825 skip=305)
  sayfa 514 islendi (toplam islenen=5140 eklenen=0 update=4835 skip=305)
  sayfa 515 islendi (toplam islenen=5150 eklenen=0 update=4845 skip=305)
  sayfa 516 islendi (toplam islenen=5160 eklenen=0 update=4855 skip=305)
  sayfa 517 islendi (toplam islenen=5170 eklenen=0 update=4865 skip=305)
  sayfa 518 islendi (toplam islenen=5180 eklenen=0 update=4875 skip=305)
  sayfa 519 islendi (toplam islenen=5190 eklenen=0 update=4885 skip=305)
  sayfa 520 islendi (toplam islenen=5200 eklenen=0 update=4895 skip=305)
  sayfa 521 islendi (toplam islenen=5210 eklenen=0 update=4905 skip=305)
  sayfa 522 islendi (toplam islenen=5220 eklenen=0 update=4915 skip=305)
  sayfa 523 islendi (toplam islenen=5230 eklenen=0 update=4925 skip=305)
  sayfa 524 islendi (toplam islenen=5240 eklenen=0 update=4935 skip=305)
  sayfa 525 islendi (toplam islenen=5250 eklenen=0 update=4945 skip=305)
  sayfa 526 islendi (toplam islenen=5260 eklenen=0 update=4955 skip=305)
  sayfa 527 islendi (toplam islenen=5270 eklenen=0 update=4965 skip=305)
  sayfa 528 islendi (toplam islenen=5280 eklenen=0 update=4975 skip=305)
  sayfa 529 islendi (toplam islenen=5290 eklenen=0 update=4985 skip=305)
  sayfa 530 islendi (toplam islenen=5300 eklenen=0 update=4995 skip=305)
  sayfa 531 islendi (toplam islenen=5310 eklenen=0 update=5005 skip=305)
  sayfa 532 islendi (toplam islenen=5320 eklenen=0 update=5015 skip=305)
  sayfa 533 islendi (toplam islenen=5330 eklenen=0 update=5025 skip=305)
  sayfa 534 islendi (toplam islenen=5340 eklenen=0 update=5035 skip=305)
  sayfa 535 islendi (toplam islenen=5350 eklenen=0 update=5045 skip=305)
  sayfa 536 islendi (toplam islenen=5360 eklenen=0 update=5055 skip=305)
  sayfa 537 islendi (toplam islenen=5370 eklenen=0 update=5065 skip=305)
  sayfa 538 islendi (toplam islenen=5380 eklenen=0 update=5075 skip=305)
  sayfa 539 islendi (toplam islenen=5390 eklenen=0 update=5085 skip=305)
  sayfa 540 islendi (toplam islenen=5400 eklenen=0 update=5095 skip=305)
  sayfa 541 islendi (toplam islenen=5410 eklenen=0 update=5105 skip=305)
  sayfa 542 islendi (toplam islenen=5420 eklenen=0 update=5115 skip=305)
  sayfa 543 islendi (toplam islenen=5430 eklenen=0 update=5125 skip=305)
  sayfa 544 islendi (toplam islenen=5440 eklenen=0 update=5135 skip=305)
  sayfa 545 islendi (toplam islenen=5450 eklenen=0 update=5145 skip=305)
  sayfa 546 islendi (toplam islenen=5460 eklenen=0 update=5155 skip=305)
  sayfa 547 islendi (toplam islenen=5470 eklenen=0 update=5165 skip=305)
  sayfa 548 islendi (toplam islenen=5480 eklenen=0 update=5175 skip=305)
  sayfa 549 islendi (toplam islenen=5490 eklenen=0 update=5185 skip=305)
  sayfa 550 islendi (toplam islenen=5500 eklenen=0 update=5195 skip=305)
  sayfa 551 islendi (toplam islenen=5510 eklenen=0 update=5205 skip=305)
  sayfa 552 islendi (toplam islenen=5520 eklenen=0 update=5215 skip=305)
  sayfa 553 islendi (toplam islenen=5530 eklenen=0 update=5225 skip=305)
  sayfa 554 islendi (toplam islenen=5540 eklenen=0 update=5235 skip=305)
  sayfa 555 islendi (toplam islenen=5550 eklenen=0 update=5245 skip=305)
  sayfa 556 islendi (toplam islenen=5560 eklenen=0 update=5255 skip=305)
  sayfa 557 islendi (toplam islenen=5570 eklenen=0 update=5265 skip=305)
  sayfa 558 islendi (toplam islenen=5580 eklenen=0 update=5275 skip=305)
  sayfa 559 islendi (toplam islenen=5590 eklenen=0 update=5285 skip=305)
  sayfa 560 islendi (toplam islenen=5600 eklenen=0 update=5295 skip=305)
  sayfa 561 islendi (toplam islenen=5610 eklenen=0 update=5305 skip=305)
  sayfa 562 islendi (toplam islenen=5620 eklenen=0 update=5315 skip=305)
  sayfa 563 islendi (toplam islenen=5630 eklenen=0 update=5325 skip=305)
  sayfa 564 islendi (toplam islenen=5640 eklenen=0 update=5335 skip=305)
  sayfa 565 islendi (toplam islenen=5650 eklenen=0 update=5345 skip=305)
  sayfa 566 islendi (toplam islenen=5660 eklenen=0 update=5355 skip=305)
  sayfa 567 islendi (toplam islenen=5670 eklenen=0 update=5365 skip=305)
  sayfa 568 islendi (toplam islenen=5680 eklenen=0 update=5375 skip=305)
  sayfa 569 islendi (toplam islenen=5690 eklenen=0 update=5385 skip=305)
  sayfa 570 islendi (toplam islenen=5700 eklenen=0 update=5395 skip=305)
  sayfa 571 islendi (toplam islenen=5710 eklenen=0 update=5405 skip=305)
  sayfa 572 islendi (toplam islenen=5720 eklenen=0 update=5415 skip=305)
  sayfa 573 islendi (toplam islenen=5730 eklenen=0 update=5425 skip=305)
  sayfa 574 islendi (toplam islenen=5740 eklenen=0 update=5435 skip=305)
  sayfa 575 islendi (toplam islenen=5750 eklenen=0 update=5445 skip=305)
  sayfa 576 islendi (toplam islenen=5760 eklenen=0 update=5455 skip=305)
  sayfa 577 islendi (toplam islenen=5770 eklenen=0 update=5465 skip=305)
  sayfa 578 islendi (toplam islenen=5780 eklenen=0 update=5475 skip=305)
  sayfa 579 islendi (toplam islenen=5790 eklenen=0 update=5485 skip=305)
  sayfa 580 islendi (toplam islenen=5800 eklenen=0 update=5495 skip=305)
  sayfa 581 islendi (toplam islenen=5810 eklenen=0 update=5505 skip=305)
  sayfa 582 islendi (toplam islenen=5820 eklenen=0 update=5515 skip=305)
  sayfa 583 islendi (toplam islenen=5830 eklenen=0 update=5525 skip=305)
  sayfa 584 islendi (toplam islenen=5840 eklenen=0 update=5535 skip=305)
  sayfa 585 islendi (toplam islenen=5850 eklenen=0 update=5545 skip=305)
  sayfa 586 islendi (toplam islenen=5860 eklenen=0 update=5555 skip=305)
  sayfa 587 islendi (toplam islenen=5870 eklenen=0 update=5565 skip=305)
  sayfa 588 islendi (toplam islenen=5880 eklenen=0 update=5575 skip=305)
  sayfa 589 islendi (toplam islenen=5890 eklenen=0 update=5585 skip=305)
  sayfa 590 islendi (toplam islenen=5900 eklenen=0 update=5595 skip=305)
  sayfa 591 islendi (toplam islenen=5910 eklenen=0 update=5605 skip=305)
  sayfa 592 islendi (toplam islenen=5920 eklenen=0 update=5615 skip=305)
  sayfa 593 islendi (toplam islenen=5930 eklenen=0 update=5625 skip=305)
  sayfa 594 islendi (toplam islenen=5940 eklenen=0 update=5635 skip=305)
  sayfa 595 islendi (toplam islenen=5950 eklenen=0 update=5645 skip=305)
  sayfa 596 islendi (toplam islenen=5960 eklenen=0 update=5655 skip=305)
  sayfa 597 islendi (toplam islenen=5970 eklenen=0 update=5665 skip=305)
  sayfa 598 islendi (toplam islenen=5980 eklenen=0 update=5675 skip=305)
  sayfa 599 islendi (toplam islenen=5990 eklenen=0 update=5685 skip=305)
  sayfa 600 islendi (toplam islenen=6000 eklenen=0 update=5695 skip=305)
  sayfa 601 islendi (toplam islenen=6010 eklenen=0 update=5705 skip=305)
  sayfa 602 islendi (toplam islenen=6020 eklenen=0 update=5715 skip=305)
  sayfa 603 islendi (toplam islenen=6030 eklenen=0 update=5725 skip=305)
  sayfa 604 islendi (toplam islenen=6040 eklenen=0 update=5735 skip=305)
  sayfa 605 islendi (toplam islenen=6050 eklenen=0 update=5745 skip=305)
  sayfa 606 islendi (toplam islenen=6060 eklenen=0 update=5755 skip=305)
  sayfa 607 islendi (toplam islenen=6070 eklenen=0 update=5765 skip=305)
  sayfa 608 islendi (toplam islenen=6080 eklenen=0 update=5775 skip=305)
  sayfa 609 islendi (toplam islenen=6090 eklenen=0 update=5785 skip=305)
  sayfa 610 islendi (toplam islenen=6100 eklenen=0 update=5795 skip=305)
  sayfa 611 islendi (toplam islenen=6110 eklenen=0 update=5805 skip=305)
  sayfa 612 islendi (toplam islenen=6120 eklenen=0 update=5815 skip=305)
  sayfa 613 islendi (toplam islenen=6130 eklenen=0 update=5825 skip=305)
  sayfa 614 islendi (toplam islenen=6140 eklenen=0 update=5835 skip=305)
  sayfa 615 islendi (toplam islenen=6150 eklenen=0 update=5845 skip=305)
  sayfa 616 islendi (toplam islenen=6160 eklenen=0 update=5855 skip=305)
  sayfa 617 islendi (toplam islenen=6170 eklenen=0 update=5865 skip=305)
  sayfa 618 islendi (toplam islenen=6180 eklenen=0 update=5875 skip=305)
  sayfa 619 islendi (toplam islenen=6190 eklenen=0 update=5885 skip=305)
  sayfa 620 islendi (toplam islenen=6200 eklenen=0 update=5895 skip=305)
  sayfa 621 islendi (toplam islenen=6210 eklenen=0 update=5905 skip=305)
  sayfa 622 islendi (toplam islenen=6220 eklenen=0 update=5915 skip=305)
  sayfa 623 islendi (toplam islenen=6230 eklenen=0 update=5925 skip=305)
  sayfa 624 islendi (toplam islenen=6240 eklenen=0 update=5935 skip=305)
  sayfa 625 islendi (toplam islenen=6250 eklenen=0 update=5945 skip=305)
  sayfa 626 islendi (toplam islenen=6260 eklenen=0 update=5955 skip=305)
  sayfa 627 islendi (toplam islenen=6270 eklenen=0 update=5965 skip=305)
  sayfa 628 islendi (toplam islenen=6280 eklenen=0 update=5975 skip=305)
  sayfa 629 islendi (toplam islenen=6290 eklenen=0 update=5985 skip=305)
  sayfa 630 islendi (toplam islenen=6300 eklenen=0 update=5995 skip=305)
  sayfa 631 islendi (toplam islenen=6310 eklenen=0 update=6005 skip=305)
  sayfa 632 islendi (toplam islenen=6320 eklenen=0 update=6015 skip=305)
  sayfa 633 islendi (toplam islenen=6330 eklenen=0 update=6025 skip=305)
  sayfa 634 islendi (toplam islenen=6340 eklenen=0 update=6035 skip=305)
  sayfa 635 islendi (toplam islenen=6350 eklenen=0 update=6045 skip=305)
  sayfa 636 islendi (toplam islenen=6360 eklenen=0 update=6055 skip=305)
  sayfa 637 islendi (toplam islenen=6370 eklenen=0 update=6065 skip=305)
  sayfa 638 islendi (toplam islenen=6380 eklenen=0 update=6075 skip=305)
  sayfa 639 islendi (toplam islenen=6390 eklenen=0 update=6085 skip=305)
  sayfa 640 islendi (toplam islenen=6400 eklenen=0 update=6095 skip=305)
  sayfa 641 islendi (toplam islenen=6410 eklenen=0 update=6105 skip=305)
  sayfa 642 islendi (toplam islenen=6420 eklenen=0 update=6115 skip=305)
  sayfa 643 islendi (toplam islenen=6430 eklenen=0 update=6125 skip=305)
  sayfa 644 islendi (toplam islenen=6440 eklenen=0 update=6135 skip=305)
  sayfa 645 islendi (toplam islenen=6450 eklenen=0 update=6145 skip=305)
  sayfa 646 islendi (toplam islenen=6460 eklenen=0 update=6155 skip=305)
  sayfa 647 islendi (toplam islenen=6470 eklenen=0 update=6165 skip=305)
  sayfa 648 islendi (toplam islenen=6480 eklenen=0 update=6175 skip=305)
  sayfa 649 islendi (toplam islenen=6490 eklenen=0 update=6185 skip=305)
  sayfa 650 islendi (toplam islenen=6500 eklenen=0 update=6195 skip=305)
  sayfa 651 islendi (toplam islenen=6510 eklenen=0 update=6205 skip=305)
  sayfa 652 islendi (toplam islenen=6520 eklenen=0 update=6215 skip=305)
  sayfa 653 islendi (toplam islenen=6530 eklenen=0 update=6225 skip=305)
  sayfa 654 islendi (toplam islenen=6540 eklenen=0 update=6235 skip=305)
  sayfa 655 islendi (toplam islenen=6550 eklenen=0 update=6245 skip=305)
  sayfa 656 islendi (toplam islenen=6560 eklenen=0 update=6255 skip=305)
  sayfa 657 islendi (toplam islenen=6570 eklenen=0 update=6265 skip=305)
  sayfa 658 islendi (toplam islenen=6580 eklenen=0 update=6275 skip=305)
  sayfa 659 islendi (toplam islenen=6590 eklenen=0 update=6285 skip=305)
  sayfa 660 islendi (toplam islenen=6600 eklenen=0 update=6295 skip=305)
  sayfa 661 islendi (toplam islenen=6610 eklenen=0 update=6305 skip=305)
  sayfa 662 islendi (toplam islenen=6620 eklenen=0 update=6315 skip=305)
  sayfa 663 islendi (toplam islenen=6630 eklenen=0 update=6325 skip=305)
  sayfa 664 islendi (toplam islenen=6640 eklenen=0 update=6335 skip=305)
  sayfa 665 islendi (toplam islenen=6650 eklenen=0 update=6345 skip=305)
  sayfa 666 islendi (toplam islenen=6660 eklenen=0 update=6355 skip=305)
  sayfa 667 islendi (toplam islenen=6670 eklenen=0 update=6365 skip=305)
  sayfa 668 islendi (toplam islenen=6680 eklenen=0 update=6375 skip=305)
  sayfa 669 islendi (toplam islenen=6690 eklenen=0 update=6385 skip=305)
  sayfa 670 islendi (toplam islenen=6700 eklenen=0 update=6395 skip=305)
  sayfa 671 islendi (toplam islenen=6710 eklenen=0 update=6405 skip=305)
  sayfa 672 islendi (toplam islenen=6720 eklenen=0 update=6415 skip=305)
  sayfa 673 islendi (toplam islenen=6730 eklenen=0 update=6425 skip=305)
  sayfa 674 islendi (toplam islenen=6740 eklenen=0 update=6435 skip=305)
  sayfa 675 islendi (toplam islenen=6750 eklenen=0 update=6445 skip=305)
  sayfa 676 islendi (toplam islenen=6760 eklenen=0 update=6455 skip=305)
  sayfa 677 islendi (toplam islenen=6770 eklenen=0 update=6465 skip=305)
  sayfa 678 islendi (toplam islenen=6780 eklenen=0 update=6475 skip=305)
  sayfa 679 islendi (toplam islenen=6790 eklenen=0 update=6485 skip=305)
  sayfa 680 islendi (toplam islenen=6800 eklenen=0 update=6495 skip=305)
  sayfa 681 islendi (toplam islenen=6810 eklenen=0 update=6505 skip=305)
  sayfa 682 islendi (toplam islenen=6820 eklenen=0 update=6515 skip=305)
  sayfa 683 islendi (toplam islenen=6830 eklenen=0 update=6525 skip=305)
  sayfa 684 islendi (toplam islenen=6840 eklenen=0 update=6535 skip=305)
  sayfa 685 islendi (toplam islenen=6850 eklenen=0 update=6545 skip=305)
  sayfa 686 islendi (toplam islenen=6860 eklenen=0 update=6555 skip=305)
  sayfa 687 islendi (toplam islenen=6870 eklenen=0 update=6565 skip=305)
  sayfa 688 islendi (toplam islenen=6880 eklenen=0 update=6575 skip=305)
  sayfa 689 islendi (toplam islenen=6890 eklenen=0 update=6585 skip=305)
  sayfa 690 islendi (toplam islenen=6900 eklenen=0 update=6595 skip=305)
  sayfa 691 islendi (toplam islenen=6910 eklenen=0 update=6605 skip=305)
  sayfa 692 islendi (toplam islenen=6920 eklenen=0 update=6615 skip=305)
  sayfa 693 islendi (toplam islenen=6930 eklenen=0 update=6625 skip=305)
  sayfa 694 islendi (toplam islenen=6940 eklenen=0 update=6635 skip=305)
  sayfa 695 islendi (toplam islenen=6950 eklenen=0 update=6645 skip=305)
  sayfa 696 islendi (toplam islenen=6960 eklenen=0 update=6655 skip=305)
  sayfa 697 islendi (toplam islenen=6970 eklenen=0 update=6665 skip=305)
  sayfa 698 islendi (toplam islenen=6980 eklenen=0 update=6675 skip=305)
  sayfa 699 islendi (toplam islenen=6990 eklenen=0 update=6685 skip=305)
  sayfa 700 islendi (toplam islenen=7000 eklenen=0 update=6695 skip=305)
  sayfa 701 islendi (toplam islenen=7010 eklenen=0 update=6705 skip=305)
  sayfa 702 islendi (toplam islenen=7020 eklenen=0 update=6715 skip=305)
  sayfa 703 islendi (toplam islenen=7030 eklenen=0 update=6725 skip=305)
  sayfa 704 islendi (toplam islenen=7040 eklenen=0 update=6735 skip=305)
  sayfa 705 islendi (toplam islenen=7050 eklenen=0 update=6745 skip=305)
  sayfa 706 islendi (toplam islenen=7060 eklenen=0 update=6755 skip=305)
  sayfa 707 islendi (toplam islenen=7070 eklenen=0 update=6765 skip=305)
  sayfa 708 islendi (toplam islenen=7080 eklenen=0 update=6775 skip=305)
  sayfa 709 islendi (toplam islenen=7090 eklenen=0 update=6785 skip=305)
  sayfa 710 islendi (toplam islenen=7100 eklenen=0 update=6795 skip=305)
  sayfa 711 islendi (toplam islenen=7110 eklenen=0 update=6805 skip=305)
  sayfa 712 islendi (toplam islenen=7120 eklenen=0 update=6815 skip=305)
  sayfa 713 islendi (toplam islenen=7130 eklenen=0 update=6825 skip=305)
  sayfa 714 islendi (toplam islenen=7140 eklenen=0 update=6835 skip=305)
  sayfa 715 islendi (toplam islenen=7150 eklenen=0 update=6845 skip=305)
  sayfa 716 islendi (toplam islenen=7160 eklenen=0 update=6855 skip=305)
  sayfa 717 islendi (toplam islenen=7170 eklenen=0 update=6865 skip=305)
  sayfa 718 islendi (toplam islenen=7180 eklenen=0 update=6875 skip=305)
  sayfa 719 islendi (toplam islenen=7190 eklenen=0 update=6885 skip=305)
  sayfa 720 islendi (toplam islenen=7200 eklenen=0 update=6895 skip=305)
  sayfa 721 islendi (toplam islenen=7210 eklenen=0 update=6905 skip=305)
  sayfa 722 islendi (toplam islenen=7220 eklenen=0 update=6915 skip=305)
  sayfa 723 islendi (toplam islenen=7230 eklenen=0 update=6925 skip=305)
  sayfa 724 islendi (toplam islenen=7240 eklenen=0 update=6935 skip=305)
  sayfa 725 islendi (toplam islenen=7250 eklenen=0 update=6945 skip=305)
  sayfa 726 islendi (toplam islenen=7260 eklenen=0 update=6955 skip=305)
  sayfa 727 islendi (toplam islenen=7270 eklenen=0 update=6965 skip=305)
  sayfa 728 islendi (toplam islenen=7280 eklenen=0 update=6975 skip=305)
  sayfa 729 islendi (toplam islenen=7290 eklenen=0 update=6985 skip=305)
  sayfa 730 islendi (toplam islenen=7300 eklenen=0 update=6995 skip=305)
  sayfa 731 islendi (toplam islenen=7310 eklenen=0 update=7005 skip=305)
  sayfa 732 islendi (toplam islenen=7320 eklenen=0 update=7015 skip=305)
  sayfa 733 islendi (toplam islenen=7330 eklenen=0 update=7025 skip=305)
  sayfa 734 islendi (toplam islenen=7340 eklenen=0 update=7035 skip=305)
  sayfa 735 islendi (toplam islenen=7350 eklenen=0 update=7045 skip=305)
  sayfa 736 islendi (toplam islenen=7360 eklenen=0 update=7055 skip=305)
  sayfa 737 islendi (toplam islenen=7370 eklenen=0 update=7065 skip=305)
  sayfa 738 islendi (toplam islenen=7380 eklenen=0 update=7075 skip=305)
  sayfa 739 islendi (toplam islenen=7390 eklenen=0 update=7085 skip=305)
  sayfa 740 islendi (toplam islenen=7400 eklenen=0 update=7095 skip=305)
  sayfa 741 islendi (toplam islenen=7410 eklenen=0 update=7105 skip=305)
  sayfa 742 islendi (toplam islenen=7420 eklenen=0 update=7115 skip=305)
  sayfa 743 islendi (toplam islenen=7430 eklenen=0 update=7125 skip=305)
  sayfa 744 islendi (toplam islenen=7440 eklenen=0 update=7135 skip=305)
  sayfa 745 islendi (toplam islenen=7450 eklenen=0 update=7145 skip=305)
  sayfa 746 islendi (toplam islenen=7460 eklenen=0 update=7155 skip=305)
  sayfa 747 islendi (toplam islenen=7470 eklenen=0 update=7165 skip=305)
  sayfa 748 islendi (toplam islenen=7480 eklenen=0 update=7175 skip=305)
  sayfa 749 islendi (toplam islenen=7490 eklenen=0 update=7185 skip=305)
  sayfa 750 islendi (toplam islenen=7500 eklenen=0 update=7195 skip=305)
  sayfa 751 islendi (toplam islenen=7510 eklenen=0 update=7205 skip=305)
  sayfa 752 islendi (toplam islenen=7520 eklenen=0 update=7215 skip=305)
  sayfa 753 islendi (toplam islenen=7530 eklenen=0 update=7225 skip=305)
  sayfa 754 islendi (toplam islenen=7540 eklenen=0 update=7235 skip=305)
  sayfa 755 islendi (toplam islenen=7550 eklenen=0 update=7245 skip=305)
  sayfa 756 islendi (toplam islenen=7560 eklenen=0 update=7255 skip=305)
  sayfa 757 islendi (toplam islenen=7570 eklenen=0 update=7265 skip=305)
  sayfa 758 islendi (toplam islenen=7580 eklenen=0 update=7275 skip=305)
  sayfa 759 islendi (toplam islenen=7590 eklenen=0 update=7285 skip=305)
  sayfa 760 islendi (toplam islenen=7600 eklenen=0 update=7295 skip=305)
  sayfa 761 islendi (toplam islenen=7610 eklenen=0 update=7305 skip=305)
  sayfa 762 islendi (toplam islenen=7620 eklenen=0 update=7315 skip=305)
  sayfa 763 islendi (toplam islenen=7630 eklenen=0 update=7325 skip=305)
  sayfa 764 islendi (toplam islenen=7640 eklenen=0 update=7335 skip=305)
  sayfa 765 islendi (toplam islenen=7650 eklenen=0 update=7345 skip=305)
  sayfa 766 islendi (toplam islenen=7660 eklenen=0 update=7355 skip=305)
  sayfa 767 islendi (toplam islenen=7670 eklenen=0 update=7365 skip=305)
  sayfa 768 islendi (toplam islenen=7680 eklenen=0 update=7375 skip=305)
  sayfa 769 islendi (toplam islenen=7690 eklenen=0 update=7385 skip=305)
  sayfa 770 islendi (toplam islenen=7700 eklenen=0 update=7395 skip=305)
  sayfa 771 islendi (toplam islenen=7710 eklenen=0 update=7405 skip=305)
  sayfa 772 islendi (toplam islenen=7720 eklenen=0 update=7415 skip=305)
  sayfa 773 islendi (toplam islenen=7730 eklenen=0 update=7425 skip=305)
  sayfa 774 islendi (toplam islenen=7740 eklenen=0 update=7435 skip=305)
  sayfa 775 islendi (toplam islenen=7750 eklenen=0 update=7445 skip=305)
  sayfa 776 islendi (toplam islenen=7760 eklenen=0 update=7455 skip=305)
  sayfa 777 islendi (toplam islenen=7770 eklenen=0 update=7465 skip=305)
  sayfa 778 islendi (toplam islenen=7780 eklenen=0 update=7475 skip=305)
  sayfa 779 islendi (toplam islenen=7790 eklenen=0 update=7485 skip=305)
  sayfa 780 islendi (toplam islenen=7800 eklenen=0 update=7495 skip=305)
  sayfa 781 islendi (toplam islenen=7810 eklenen=0 update=7505 skip=305)
  sayfa 782 islendi (toplam islenen=7820 eklenen=0 update=7515 skip=305)
  sayfa 783 islendi (toplam islenen=7830 eklenen=0 update=7525 skip=305)
  sayfa 784 islendi (toplam islenen=7840 eklenen=0 update=7535 skip=305)
  sayfa 785 islendi (toplam islenen=7850 eklenen=0 update=7545 skip=305)
  sayfa 786 islendi (toplam islenen=7860 eklenen=0 update=7555 skip=305)
  sayfa 787 islendi (toplam islenen=7870 eklenen=0 update=7565 skip=305)
  sayfa 788 islendi (toplam islenen=7880 eklenen=0 update=7575 skip=305)
  sayfa 789 islendi (toplam islenen=7890 eklenen=0 update=7585 skip=305)
  sayfa 790 islendi (toplam islenen=7900 eklenen=0 update=7595 skip=305)
  sayfa 791 islendi (toplam islenen=7910 eklenen=0 update=7605 skip=305)
  sayfa 792 islendi (toplam islenen=7920 eklenen=0 update=7615 skip=305)
  sayfa 793 islendi (toplam islenen=7930 eklenen=0 update=7625 skip=305)
  sayfa 794 islendi (toplam islenen=7940 eklenen=0 update=7635 skip=305)
  sayfa 795 islendi (toplam islenen=7950 eklenen=0 update=7645 skip=305)
  sayfa 796 islendi (toplam islenen=7960 eklenen=0 update=7655 skip=305)
  sayfa 797 islendi (toplam islenen=7970 eklenen=0 update=7665 skip=305)
  sayfa 798 islendi (toplam islenen=7980 eklenen=0 update=7675 skip=305)
  sayfa 799 islendi (toplam islenen=7990 eklenen=0 update=7685 skip=305)
  sayfa 800 islendi (toplam islenen=8000 eklenen=0 update=7695 skip=305)
  sayfa 801 islendi (toplam islenen=8010 eklenen=0 update=7705 skip=305)
  sayfa 802 islendi (toplam islenen=8020 eklenen=0 update=7715 skip=305)
  sayfa 803 islendi (toplam islenen=8030 eklenen=0 update=7725 skip=305)
  sayfa 804 islendi (toplam islenen=8040 eklenen=0 update=7735 skip=305)
  sayfa 805 islendi (toplam islenen=8050 eklenen=0 update=7745 skip=305)
  sayfa 806 islendi (toplam islenen=8060 eklenen=0 update=7755 skip=305)
  sayfa 807 islendi (toplam islenen=8070 eklenen=0 update=7765 skip=305)
  sayfa 808 islendi (toplam islenen=8080 eklenen=0 update=7775 skip=305)
  sayfa 809 islendi (toplam islenen=8090 eklenen=0 update=7785 skip=305)
  sayfa 810 islendi (toplam islenen=8100 eklenen=0 update=7795 skip=305)
  sayfa 811 islendi (toplam islenen=8110 eklenen=0 update=7805 skip=305)
  sayfa 812 islendi (toplam islenen=8120 eklenen=0 update=7815 skip=305)
  sayfa 813 islendi (toplam islenen=8130 eklenen=0 update=7825 skip=305)
  sayfa 814 islendi (toplam islenen=8140 eklenen=0 update=7835 skip=305)
  sayfa 815 islendi (toplam islenen=8150 eklenen=0 update=7845 skip=305)
  sayfa 816 islendi (toplam islenen=8160 eklenen=0 update=7855 skip=305)
  sayfa 817 islendi (toplam islenen=8170 eklenen=0 update=7865 skip=305)
  sayfa 818 islendi (toplam islenen=8180 eklenen=0 update=7875 skip=305)
  sayfa 819 islendi (toplam islenen=8190 eklenen=0 update=7885 skip=305)
  sayfa 820 islendi (toplam islenen=8200 eklenen=0 update=7895 skip=305)
  sayfa 821 islendi (toplam islenen=8210 eklenen=0 update=7905 skip=305)
  sayfa 822 islendi (toplam islenen=8220 eklenen=0 update=7915 skip=305)
  sayfa 823 islendi (toplam islenen=8230 eklenen=0 update=7925 skip=305)
  sayfa 824 islendi (toplam islenen=8240 eklenen=0 update=7935 skip=305)
  sayfa 825 islendi (toplam islenen=8250 eklenen=0 update=7945 skip=305)
  sayfa 826 islendi (toplam islenen=8260 eklenen=0 update=7955 skip=305)
  sayfa 827 islendi (toplam islenen=8270 eklenen=0 update=7965 skip=305)
  sayfa 828 islendi (toplam islenen=8280 eklenen=0 update=7975 skip=305)
  sayfa 829 islendi (toplam islenen=8290 eklenen=0 update=7985 skip=305)
  sayfa 830 islendi (toplam islenen=8300 eklenen=0 update=7995 skip=305)
  sayfa 831 islendi (toplam islenen=8310 eklenen=0 update=8005 skip=305)
  sayfa 832 islendi (toplam islenen=8320 eklenen=0 update=8015 skip=305)
  sayfa 833 islendi (toplam islenen=8330 eklenen=0 update=8025 skip=305)
  sayfa 834 islendi (toplam islenen=8340 eklenen=0 update=8035 skip=305)
  sayfa 835 islendi (toplam islenen=8350 eklenen=0 update=8045 skip=305)
  sayfa 836 islendi (toplam islenen=8360 eklenen=0 update=8055 skip=305)
  sayfa 837 islendi (toplam islenen=8370 eklenen=0 update=8065 skip=305)
  sayfa 838 islendi (toplam islenen=8380 eklenen=0 update=8075 skip=305)
  sayfa 839 islendi (toplam islenen=8390 eklenen=0 update=8085 skip=305)
  sayfa 840 islendi (toplam islenen=8400 eklenen=0 update=8095 skip=305)
  sayfa 841 islendi (toplam islenen=8410 eklenen=0 update=8105 skip=305)
  sayfa 842 islendi (toplam islenen=8420 eklenen=0 update=8115 skip=305)
  sayfa 843 islendi (toplam islenen=8430 eklenen=0 update=8125 skip=305)
  sayfa 844 islendi (toplam islenen=8440 eklenen=0 update=8135 skip=305)
  sayfa 845 islendi (toplam islenen=8450 eklenen=0 update=8145 skip=305)
  sayfa 846 islendi (toplam islenen=8460 eklenen=0 update=8155 skip=305)
  sayfa 847 islendi (toplam islenen=8470 eklenen=0 update=8165 skip=305)
  sayfa 848 islendi (toplam islenen=8480 eklenen=0 update=8175 skip=305)
  sayfa 849 islendi (toplam islenen=8490 eklenen=0 update=8185 skip=305)
  sayfa 850 islendi (toplam islenen=8500 eklenen=0 update=8195 skip=305)
  sayfa 851 islendi (toplam islenen=8510 eklenen=0 update=8205 skip=305)
  sayfa 852 islendi (toplam islenen=8520 eklenen=0 update=8215 skip=305)
  sayfa 853 islendi (toplam islenen=8530 eklenen=0 update=8225 skip=305)
  sayfa 854 islendi (toplam islenen=8540 eklenen=0 update=8235 skip=305)
  sayfa 855 islendi (toplam islenen=8550 eklenen=0 update=8245 skip=305)
  sayfa 856 islendi (toplam islenen=8560 eklenen=0 update=8255 skip=305)
  sayfa 857 islendi (toplam islenen=8570 eklenen=0 update=8265 skip=305)
  sayfa 858 islendi (toplam islenen=8580 eklenen=0 update=8275 skip=305)
  sayfa 859 islendi (toplam islenen=8590 eklenen=0 update=8285 skip=305)
  sayfa 860 islendi (toplam islenen=8600 eklenen=0 update=8295 skip=305)
  sayfa 861 islendi (toplam islenen=8610 eklenen=0 update=8305 skip=305)
  sayfa 862 islendi (toplam islenen=8620 eklenen=0 update=8315 skip=305)
  sayfa 863 islendi (toplam islenen=8630 eklenen=0 update=8325 skip=305)
  sayfa 864 islendi (toplam islenen=8640 eklenen=0 update=8335 skip=305)
  sayfa 865 islendi (toplam islenen=8650 eklenen=0 update=8345 skip=305)
  sayfa 866 islendi (toplam islenen=8660 eklenen=0 update=8355 skip=305)
  sayfa 867 islendi (toplam islenen=8670 eklenen=0 update=8365 skip=305)
  sayfa 868 islendi (toplam islenen=8680 eklenen=0 update=8375 skip=305)
  sayfa 869 islendi (toplam islenen=8690 eklenen=0 update=8385 skip=305)
  sayfa 870 islendi (toplam islenen=8700 eklenen=0 update=8395 skip=305)
  sayfa 871 islendi (toplam islenen=8710 eklenen=0 update=8405 skip=305)
  sayfa 872 islendi (toplam islenen=8720 eklenen=0 update=8415 skip=305)
  sayfa 873 islendi (toplam islenen=8730 eklenen=0 update=8425 skip=305)
  sayfa 874 islendi (toplam islenen=8740 eklenen=0 update=8435 skip=305)
  sayfa 875 islendi (toplam islenen=8750 eklenen=0 update=8445 skip=305)
  sayfa 876 islendi (toplam islenen=8760 eklenen=0 update=8455 skip=305)
  sayfa 877 islendi (toplam islenen=8770 eklenen=0 update=8465 skip=305)
  sayfa 878 islendi (toplam islenen=8780 eklenen=0 update=8475 skip=305)
  sayfa 879 islendi (toplam islenen=8790 eklenen=0 update=8485 skip=305)
  sayfa 880 islendi (toplam islenen=8800 eklenen=0 update=8495 skip=305)
  sayfa 881 islendi (toplam islenen=8810 eklenen=0 update=8505 skip=305)
  sayfa 882 islendi (toplam islenen=8820 eklenen=0 update=8515 skip=305)
  sayfa 883 islendi (toplam islenen=8830 eklenen=0 update=8525 skip=305)
  sayfa 884 islendi (toplam islenen=8840 eklenen=0 update=8535 skip=305)
  sayfa 885 islendi (toplam islenen=8850 eklenen=0 update=8545 skip=305)
  sayfa 886 islendi (toplam islenen=8860 eklenen=0 update=8555 skip=305)
  sayfa 887 islendi (toplam islenen=8870 eklenen=0 update=8565 skip=305)
  sayfa 888 islendi (toplam islenen=8880 eklenen=0 update=8575 skip=305)
  sayfa 889 islendi (toplam islenen=8890 eklenen=0 update=8585 skip=305)
  sayfa 890 islendi (toplam islenen=8900 eklenen=0 update=8595 skip=305)
  sayfa 891 islendi (toplam islenen=8910 eklenen=0 update=8605 skip=305)
  sayfa 892 islendi (toplam islenen=8920 eklenen=0 update=8615 skip=305)
  sayfa 893 islendi (toplam islenen=8930 eklenen=0 update=8625 skip=305)
  sayfa 894 islendi (toplam islenen=8940 eklenen=0 update=8635 skip=305)
  sayfa 895 islendi (toplam islenen=8950 eklenen=0 update=8645 skip=305)
  sayfa 896 islendi (toplam islenen=8960 eklenen=0 update=8655 skip=305)
  sayfa 897 islendi (toplam islenen=8970 eklenen=0 update=8665 skip=305)
  sayfa 898 islendi (toplam islenen=8980 eklenen=0 update=8675 skip=305)
  sayfa 899 islendi (toplam islenen=8990 eklenen=0 update=8685 skip=305)
  sayfa 900 islendi (toplam islenen=9000 eklenen=0 update=8695 skip=305)
  sayfa 901 islendi (toplam islenen=9010 eklenen=0 update=8705 skip=305)
  sayfa 902 islendi (toplam islenen=9020 eklenen=0 update=8715 skip=305)
  sayfa 903 islendi (toplam islenen=9030 eklenen=0 update=8725 skip=305)
  sayfa 904 islendi (toplam islenen=9040 eklenen=0 update=8735 skip=305)
  sayfa 905 islendi (toplam islenen=9050 eklenen=0 update=8745 skip=305)
  sayfa 906 islendi (toplam islenen=9060 eklenen=0 update=8755 skip=305)
  sayfa 907 islendi (toplam islenen=9070 eklenen=0 update=8765 skip=305)
  sayfa 908 islendi (toplam islenen=9080 eklenen=0 update=8775 skip=305)
  sayfa 909 islendi (toplam islenen=9090 eklenen=0 update=8785 skip=305)
  sayfa 910 islendi (toplam islenen=9100 eklenen=0 update=8795 skip=305)
  sayfa 911 islendi (toplam islenen=9110 eklenen=0 update=8805 skip=305)
  sayfa 912 islendi (toplam islenen=9120 eklenen=0 update=8815 skip=305)
  sayfa 913 islendi (toplam islenen=9130 eklenen=0 update=8825 skip=305)
  sayfa 914 islendi (toplam islenen=9140 eklenen=0 update=8835 skip=305)
  sayfa 915 islendi (toplam islenen=9150 eklenen=0 update=8845 skip=305)
  sayfa 916 islendi (toplam islenen=9160 eklenen=0 update=8855 skip=305)
  sayfa 917 islendi (toplam islenen=9170 eklenen=0 update=8865 skip=305)
  sayfa 918 islendi (toplam islenen=9180 eklenen=0 update=8875 skip=305)
  sayfa 919 islendi (toplam islenen=9190 eklenen=0 update=8885 skip=305)
  sayfa 920 islendi (toplam islenen=9200 eklenen=0 update=8895 skip=305)
  sayfa 921 islendi (toplam islenen=9210 eklenen=0 update=8905 skip=305)
  sayfa 922 islendi (toplam islenen=9220 eklenen=0 update=8915 skip=305)
  sayfa 923 islendi (toplam islenen=9230 eklenen=0 update=8925 skip=305)
  sayfa 924 islendi (toplam islenen=9240 eklenen=0 update=8935 skip=305)
  sayfa 925 islendi (toplam islenen=9250 eklenen=0 update=8945 skip=305)
  sayfa 926 islendi (toplam islenen=9260 eklenen=0 update=8955 skip=305)
  sayfa 927 islendi (toplam islenen=9270 eklenen=0 update=8965 skip=305)
  sayfa 928 islendi (toplam islenen=9280 eklenen=0 update=8975 skip=305)
  sayfa 929 islendi (toplam islenen=9290 eklenen=0 update=8985 skip=305)
  sayfa 930 islendi (toplam islenen=9300 eklenen=0 update=8995 skip=305)
  sayfa 931 islendi (toplam islenen=9310 eklenen=0 update=9005 skip=305)
  sayfa 932 islendi (toplam islenen=9320 eklenen=0 update=9015 skip=305)
  sayfa 933 islendi (toplam islenen=9330 eklenen=0 update=9025 skip=305)
  sayfa 934 islendi (toplam islenen=9340 eklenen=0 update=9035 skip=305)
  sayfa 935 islendi (toplam islenen=9350 eklenen=0 update=9045 skip=305)
  sayfa 936 islendi (toplam islenen=9360 eklenen=0 update=9055 skip=305)
  sayfa 937 islendi (toplam islenen=9370 eklenen=0 update=9065 skip=305)
  sayfa 938 islendi (toplam islenen=9380 eklenen=0 update=9075 skip=305)
  sayfa 939 islendi (toplam islenen=9390 eklenen=0 update=9085 skip=305)
  sayfa 940 islendi (toplam islenen=9400 eklenen=0 update=9095 skip=305)
  sayfa 941 islendi (toplam islenen=9410 eklenen=0 update=9105 skip=305)
  sayfa 942 islendi (toplam islenen=9420 eklenen=0 update=9115 skip=305)
  sayfa 943 islendi (toplam islenen=9430 eklenen=0 update=9125 skip=305)
  sayfa 944 islendi (toplam islenen=9440 eklenen=0 update=9135 skip=305)
  sayfa 945 islendi (toplam islenen=9450 eklenen=0 update=9145 skip=305)
  sayfa 946 islendi (toplam islenen=9460 eklenen=0 update=9155 skip=305)
  sayfa 947 islendi (toplam islenen=9470 eklenen=0 update=9165 skip=305)
  sayfa 948 islendi (toplam islenen=9480 eklenen=0 update=9175 skip=305)
  sayfa 949 islendi (toplam islenen=9490 eklenen=0 update=9185 skip=305)
  sayfa 950 islendi (toplam islenen=9500 eklenen=0 update=9195 skip=305)
  sayfa 951 islendi (toplam islenen=9510 eklenen=0 update=9205 skip=305)
  sayfa 952 islendi (toplam islenen=9520 eklenen=0 update=9215 skip=305)
  sayfa 953 islendi (toplam islenen=9530 eklenen=0 update=9225 skip=305)
  sayfa 954 islendi (toplam islenen=9540 eklenen=0 update=9235 skip=305)
  sayfa 955 islendi (toplam islenen=9550 eklenen=0 update=9245 skip=305)
  sayfa 956 islendi (toplam islenen=9560 eklenen=0 update=9255 skip=305)
  sayfa 957 islendi (toplam islenen=9570 eklenen=0 update=9265 skip=305)
  sayfa 958 islendi (toplam islenen=9580 eklenen=0 update=9275 skip=305)
  sayfa 959 islendi (toplam islenen=9590 eklenen=0 update=9285 skip=305)
  sayfa 960 islendi (toplam islenen=9600 eklenen=0 update=9295 skip=305)
  sayfa 961 islendi (toplam islenen=9610 eklenen=0 update=9305 skip=305)
  sayfa 962 islendi (toplam islenen=9620 eklenen=0 update=9315 skip=305)
  sayfa 963 islendi (toplam islenen=9630 eklenen=0 update=9325 skip=305)
  sayfa 964 islendi (toplam islenen=9640 eklenen=0 update=9335 skip=305)
  sayfa 965 islendi (toplam islenen=9650 eklenen=0 update=9345 skip=305)
  sayfa 966 islendi (toplam islenen=9660 eklenen=0 update=9355 skip=305)
  sayfa 967 islendi (toplam islenen=9670 eklenen=0 update=9365 skip=305)
  sayfa 968 islendi (toplam islenen=9680 eklenen=0 update=9375 skip=305)
  sayfa 969 islendi (toplam islenen=9690 eklenen=0 update=9385 skip=305)
  sayfa 970 islendi (toplam islenen=9700 eklenen=0 update=9395 skip=305)
  sayfa 971 islendi (toplam islenen=9710 eklenen=0 update=9405 skip=305)
  sayfa 972 islendi (toplam islenen=9720 eklenen=0 update=9415 skip=305)
  sayfa 973 islendi (toplam islenen=9730 eklenen=0 update=9425 skip=305)
  sayfa 974 islendi (toplam islenen=9740 eklenen=0 update=9435 skip=305)
  sayfa 975 islendi (toplam islenen=9750 eklenen=0 update=9445 skip=305)
  sayfa 976 islendi (toplam islenen=9760 eklenen=0 update=9455 skip=305)
  sayfa 977 islendi (toplam islenen=9770 eklenen=0 update=9465 skip=305)
  sayfa 978 islendi (toplam islenen=9780 eklenen=0 update=9475 skip=305)
  sayfa 979 islendi (toplam islenen=9790 eklenen=0 update=9485 skip=305)
  sayfa 980 islendi (toplam islenen=9800 eklenen=0 update=9495 skip=305)
  sayfa 981 islendi (toplam islenen=9810 eklenen=0 update=9505 skip=305)
  sayfa 982 islendi (toplam islenen=9820 eklenen=0 update=9515 skip=305)
  sayfa 983 islendi (toplam islenen=9830 eklenen=0 update=9525 skip=305)
  sayfa 984 islendi (toplam islenen=9840 eklenen=0 update=9535 skip=305)
  sayfa 985 islendi (toplam islenen=9850 eklenen=0 update=9545 skip=305)
  sayfa 986 islendi (toplam islenen=9860 eklenen=0 update=9555 skip=305)
  sayfa 987 islendi (toplam islenen=9870 eklenen=0 update=9565 skip=305)
  sayfa 988 islendi (toplam islenen=9880 eklenen=0 update=9575 skip=305)
  sayfa 989 islendi (toplam islenen=9890 eklenen=0 update=9585 skip=305)
  sayfa 990 islendi (toplam islenen=9900 eklenen=0 update=9595 skip=305)
  sayfa 991 islendi (toplam islenen=9910 eklenen=0 update=9605 skip=305)
  sayfa 992 islendi (toplam islenen=9920 eklenen=0 update=9615 skip=305)
  sayfa 993 islendi (toplam islenen=9930 eklenen=0 update=9625 skip=305)
  sayfa 994 islendi (toplam islenen=9940 eklenen=0 update=9635 skip=305)
  sayfa 995 islendi (toplam islenen=9950 eklenen=0 update=9645 skip=305)
  sayfa 996 islendi (toplam islenen=9960 eklenen=0 update=9655 skip=305)
  sayfa 997 islendi (toplam islenen=9970 eklenen=0 update=9665 skip=305)
  sayfa 998 islendi (toplam islenen=9980 eklenen=0 update=9675 skip=305)
  sayfa 999 islendi (toplam islenen=9990 eklenen=0 update=9685 skip=305)
  sayfa 1000 islendi (toplam islenen=10000 eklenen=0 update=9695 skip=305)
  sayfa 1001 islendi (toplam islenen=10010 eklenen=0 update=9705 skip=305)
  sayfa 1002 islendi (toplam islenen=10020 eklenen=0 update=9715 skip=305)
  sayfa 1003 islendi (toplam islenen=10030 eklenen=0 update=9725 skip=305)
  sayfa 1004 islendi (toplam islenen=10040 eklenen=0 update=9735 skip=305)
  sayfa 1005 islendi (toplam islenen=10050 eklenen=0 update=9745 skip=305)
  sayfa 1006 islendi (toplam islenen=10060 eklenen=0 update=9755 skip=305)
  sayfa 1007 islendi (toplam islenen=10070 eklenen=0 update=9765 skip=305)
  sayfa 1008 islendi (toplam islenen=10080 eklenen=0 update=9775 skip=305)
  sayfa 1009 islendi (toplam islenen=10090 eklenen=0 update=9785 skip=305)
  sayfa 1010 islendi (toplam islenen=10100 eklenen=0 update=9795 skip=305)
  sayfa 1011 islendi (toplam islenen=10110 eklenen=0 update=9805 skip=305)
  sayfa 1012 islendi (toplam islenen=10120 eklenen=0 update=9815 skip=305)
  sayfa 1013 islendi (toplam islenen=10130 eklenen=0 update=9825 skip=305)
  sayfa 1014 islendi (toplam islenen=10140 eklenen=0 update=9835 skip=305)
  sayfa 1015 islendi (toplam islenen=10150 eklenen=0 update=9845 skip=305)
  sayfa 1016 islendi (toplam islenen=10160 eklenen=0 update=9855 skip=305)
  sayfa 1017 islendi (toplam islenen=10170 eklenen=0 update=9865 skip=305)
  sayfa 1018 islendi (toplam islenen=10180 eklenen=0 update=9875 skip=305)
  sayfa 1019 islendi (toplam islenen=10190 eklenen=0 update=9885 skip=305)
  sayfa 1020 islendi (toplam islenen=10200 eklenen=0 update=9895 skip=305)
  sayfa 1021 islendi (toplam islenen=10210 eklenen=0 update=9905 skip=305)
  sayfa 1022 islendi (toplam islenen=10220 eklenen=0 update=9915 skip=305)
  sayfa 1023 islendi (toplam islenen=10230 eklenen=0 update=9925 skip=305)
  sayfa 1024 islendi (toplam islenen=10240 eklenen=0 update=9935 skip=305)
  sayfa 1025 islendi (toplam islenen=10250 eklenen=0 update=9945 skip=305)
  sayfa 1026 islendi (toplam islenen=10260 eklenen=0 update=9955 skip=305)
  sayfa 1027 islendi (toplam islenen=10270 eklenen=0 update=9965 skip=305)
  sayfa 1028 islendi (toplam islenen=10280 eklenen=0 update=9975 skip=305)
  sayfa 1029 islendi (toplam islenen=10290 eklenen=0 update=9985 skip=305)
  sayfa 1030 islendi (toplam islenen=10300 eklenen=0 update=9995 skip=305)
  sayfa 1031 islendi (toplam islenen=10310 eklenen=0 update=10005 skip=305)
  sayfa 1032 islendi (toplam islenen=10320 eklenen=0 update=10015 skip=305)
  sayfa 1033 islendi (toplam islenen=10330 eklenen=0 update=10025 skip=305)
  sayfa 1034 islendi (toplam islenen=10340 eklenen=0 update=10035 skip=305)
  sayfa 1035 islendi (toplam islenen=10350 eklenen=0 update=10045 skip=305)
  sayfa 1036 islendi (toplam islenen=10360 eklenen=0 update=10055 skip=305)
  sayfa 1037 islendi (toplam islenen=10370 eklenen=0 update=10065 skip=305)
  sayfa 1038 islendi (toplam islenen=10380 eklenen=0 update=10075 skip=305)
  sayfa 1039 islendi (toplam islenen=10390 eklenen=0 update=10085 skip=305)
  sayfa 1040 islendi (toplam islenen=10400 eklenen=0 update=10095 skip=305)
  sayfa 1041 islendi (toplam islenen=10410 eklenen=0 update=10105 skip=305)
  sayfa 1042 islendi (toplam islenen=10420 eklenen=0 update=10115 skip=305)
  sayfa 1043 islendi (toplam islenen=10430 eklenen=0 update=10125 skip=305)
  sayfa 1044 islendi (toplam islenen=10440 eklenen=0 update=10135 skip=305)
  sayfa 1045 islendi (toplam islenen=10450 eklenen=0 update=10145 skip=305)
  sayfa 1046 islendi (toplam islenen=10460 eklenen=0 update=10155 skip=305)
  sayfa 1047 islendi (toplam islenen=10470 eklenen=0 update=10165 skip=305)
  sayfa 1048 islendi (toplam islenen=10480 eklenen=0 update=10175 skip=305)
  sayfa 1049 islendi (toplam islenen=10490 eklenen=0 update=10185 skip=305)
  sayfa 1050 islendi (toplam islenen=10500 eklenen=0 update=10195 skip=305)
  sayfa 1051 islendi (toplam islenen=10510 eklenen=0 update=10205 skip=305)
  sayfa 1052 islendi (toplam islenen=10520 eklenen=0 update=10215 skip=305)
  sayfa 1053 islendi (toplam islenen=10530 eklenen=0 update=10225 skip=305)
  sayfa 1054 islendi (toplam islenen=10540 eklenen=0 update=10235 skip=305)
  sayfa 1055 islendi (toplam islenen=10550 eklenen=0 update=10245 skip=305)
  sayfa 1056 islendi (toplam islenen=10560 eklenen=0 update=10255 skip=305)
  sayfa 1057 islendi (toplam islenen=10570 eklenen=0 update=10265 skip=305)
  sayfa 1058 islendi (toplam islenen=10580 eklenen=0 update=10275 skip=305)
  sayfa 1059 islendi (toplam islenen=10590 eklenen=0 update=10285 skip=305)
  sayfa 1060 islendi (toplam islenen=10600 eklenen=0 update=10295 skip=305)
  sayfa 1061 islendi (toplam islenen=10610 eklenen=0 update=10305 skip=305)
  sayfa 1062 islendi (toplam islenen=10620 eklenen=0 update=10315 skip=305)
  sayfa 1063 islendi (toplam islenen=10630 eklenen=0 update=10325 skip=305)
  sayfa 1064 islendi (toplam islenen=10640 eklenen=0 update=10335 skip=305)
  sayfa 1065 islendi (toplam islenen=10650 eklenen=0 update=10345 skip=305)
  sayfa 1066 islendi (toplam islenen=10660 eklenen=0 update=10355 skip=305)
  sayfa 1067 islendi (toplam islenen=10670 eklenen=0 update=10365 skip=305)
  sayfa 1068 islendi (toplam islenen=10680 eklenen=0 update=10375 skip=305)
  sayfa 1069 islendi (toplam islenen=10690 eklenen=0 update=10385 skip=305)
  sayfa 1070 islendi (toplam islenen=10700 eklenen=0 update=10395 skip=305)
  sayfa 1071 islendi (toplam islenen=10710 eklenen=0 update=10405 skip=305)
  sayfa 1072 islendi (toplam islenen=10720 eklenen=0 update=10415 skip=305)
  sayfa 1073 islendi (toplam islenen=10730 eklenen=0 update=10425 skip=305)
  sayfa 1074 islendi (toplam islenen=10740 eklenen=0 update=10435 skip=305)
  sayfa 1075 islendi (toplam islenen=10750 eklenen=0 update=10445 skip=305)
  sayfa 1076 islendi (toplam islenen=10760 eklenen=0 update=10455 skip=305)
  sayfa 1077 islendi (toplam islenen=10770 eklenen=0 update=10465 skip=305)
  sayfa 1078 islendi (toplam islenen=10780 eklenen=0 update=10475 skip=305)
  sayfa 1079 islendi (toplam islenen=10790 eklenen=0 update=10485 skip=305)
  sayfa 1080 islendi (toplam islenen=10800 eklenen=0 update=10495 skip=305)
  sayfa 1081 islendi (toplam islenen=10810 eklenen=0 update=10505 skip=305)
  sayfa 1082 islendi (toplam islenen=10820 eklenen=0 update=10515 skip=305)
  sayfa 1083 islendi (toplam islenen=10830 eklenen=0 update=10525 skip=305)
  sayfa 1084 islendi (toplam islenen=10840 eklenen=0 update=10535 skip=305)
  sayfa 1085 islendi (toplam islenen=10850 eklenen=0 update=10545 skip=305)
  sayfa 1086 islendi (toplam islenen=10860 eklenen=0 update=10555 skip=305)
  sayfa 1087 islendi (toplam islenen=10870 eklenen=0 update=10565 skip=305)
  sayfa 1088 islendi (toplam islenen=10880 eklenen=0 update=10575 skip=305)
  sayfa 1089 islendi (toplam islenen=10890 eklenen=0 update=10585 skip=305)
  sayfa 1090 islendi (toplam islenen=10900 eklenen=0 update=10595 skip=305)
  sayfa 1091 islendi (toplam islenen=10910 eklenen=0 update=10605 skip=305)
  sayfa 1092 islendi (toplam islenen=10920 eklenen=0 update=10615 skip=305)
  sayfa 1093 islendi (toplam islenen=10930 eklenen=0 update=10625 skip=305)
  sayfa 1094 islendi (toplam islenen=10940 eklenen=0 update=10635 skip=305)
  sayfa 1095 islendi (toplam islenen=10950 eklenen=0 update=10645 skip=305)
  sayfa 1096 islendi (toplam islenen=10960 eklenen=0 update=10655 skip=305)
  sayfa 1097 islendi (toplam islenen=10970 eklenen=0 update=10665 skip=305)
  sayfa 1098 islendi (toplam islenen=10980 eklenen=0 update=10675 skip=305)
  sayfa 1099 islendi (toplam islenen=10990 eklenen=0 update=10685 skip=305)
  sayfa 1100 islendi (toplam islenen=11000 eklenen=0 update=10695 skip=305)
  sayfa 1101 islendi (toplam islenen=11010 eklenen=0 update=10705 skip=305)
  sayfa 1102 islendi (toplam islenen=11020 eklenen=0 update=10715 skip=305)
  sayfa 1103 islendi (toplam islenen=11030 eklenen=0 update=10725 skip=305)
  sayfa 1104 islendi (toplam islenen=11040 eklenen=0 update=10735 skip=305)
  sayfa 1105 islendi (toplam islenen=11050 eklenen=0 update=10745 skip=305)
  sayfa 1106 islendi (toplam islenen=11060 eklenen=0 update=10755 skip=305)
  sayfa 1107 islendi (toplam islenen=11070 eklenen=0 update=10765 skip=305)
  sayfa 1108 islendi (toplam islenen=11080 eklenen=0 update=10775 skip=305)
  sayfa 1109 islendi (toplam islenen=11090 eklenen=0 update=10785 skip=305)
  sayfa 1110 islendi (toplam islenen=11100 eklenen=0 update=10795 skip=305)
  sayfa 1111 islendi (toplam islenen=11110 eklenen=0 update=10805 skip=305)
  sayfa 1112 islendi (toplam islenen=11120 eklenen=0 update=10815 skip=305)
  sayfa 1113 islendi (toplam islenen=11130 eklenen=0 update=10825 skip=305)
  sayfa 1114 islendi (toplam islenen=11140 eklenen=0 update=10835 skip=305)
  sayfa 1115 islendi (toplam islenen=11150 eklenen=0 update=10845 skip=305)
  sayfa 1116 islendi (toplam islenen=11160 eklenen=0 update=10855 skip=305)
  sayfa 1117 islendi (toplam islenen=11170 eklenen=0 update=10865 skip=305)
  sayfa 1118 islendi (toplam islenen=11180 eklenen=0 update=10875 skip=305)
  sayfa 1119 islendi (toplam islenen=11190 eklenen=0 update=10885 skip=305)
  sayfa 1120 islendi (toplam islenen=11200 eklenen=0 update=10895 skip=305)
  sayfa 1121 islendi (toplam islenen=11210 eklenen=0 update=10905 skip=305)
  sayfa 1122 islendi (toplam islenen=11220 eklenen=0 update=10915 skip=305)
  sayfa 1123 islendi (toplam islenen=11230 eklenen=0 update=10925 skip=305)
  sayfa 1124 islendi (toplam islenen=11240 eklenen=0 update=10935 skip=305)
  sayfa 1125 islendi (toplam islenen=11250 eklenen=0 update=10945 skip=305)
  sayfa 1126 islendi (toplam islenen=11260 eklenen=0 update=10955 skip=305)
  sayfa 1127 islendi (toplam islenen=11270 eklenen=0 update=10965 skip=305)
  sayfa 1128 islendi (toplam islenen=11280 eklenen=0 update=10975 skip=305)
  sayfa 1129 islendi (toplam islenen=11290 eklenen=0 update=10985 skip=305)
  sayfa 1130 islendi (toplam islenen=11300 eklenen=0 update=10995 skip=305)
  sayfa 1131 islendi (toplam islenen=11310 eklenen=0 update=11005 skip=305)
  sayfa 1132 islendi (toplam islenen=11320 eklenen=0 update=11015 skip=305)
  sayfa 1133 islendi (toplam islenen=11330 eklenen=0 update=11025 skip=305)
  sayfa 1134 islendi (toplam islenen=11340 eklenen=0 update=11035 skip=305)
  sayfa 1135 islendi (toplam islenen=11350 eklenen=0 update=11045 skip=305)
  sayfa 1136 islendi (toplam islenen=11360 eklenen=0 update=11055 skip=305)
  sayfa 1137 islendi (toplam islenen=11370 eklenen=0 update=11065 skip=305)
  sayfa 1138 islendi (toplam islenen=11380 eklenen=0 update=11075 skip=305)
  sayfa 1139 islendi (toplam islenen=11390 eklenen=0 update=11085 skip=305)
  sayfa 1140 islendi (toplam islenen=11400 eklenen=0 update=11095 skip=305)
  sayfa 1141 islendi (toplam islenen=11410 eklenen=0 update=11105 skip=305)
  sayfa 1142 islendi (toplam islenen=11420 eklenen=0 update=11115 skip=305)
  sayfa 1143 islendi (toplam islenen=11430 eklenen=0 update=11125 skip=305)
  sayfa 1144 islendi (toplam islenen=11440 eklenen=0 update=11135 skip=305)
  sayfa 1145 islendi (toplam islenen=11450 eklenen=0 update=11145 skip=305)
  sayfa 1146 islendi (toplam islenen=11460 eklenen=0 update=11155 skip=305)
  sayfa 1147 islendi (toplam islenen=11470 eklenen=0 update=11165 skip=305)
  sayfa 1148 islendi (toplam islenen=11480 eklenen=0 update=11175 skip=305)
  sayfa 1149 islendi (toplam islenen=11490 eklenen=0 update=11185 skip=305)
  sayfa 1150 islendi (toplam islenen=11500 eklenen=0 update=11195 skip=305)
  sayfa 1151 islendi (toplam islenen=11510 eklenen=0 update=11205 skip=305)
  sayfa 1152 islendi (toplam islenen=11520 eklenen=0 update=11215 skip=305)
  sayfa 1153 islendi (toplam islenen=11530 eklenen=0 update=11225 skip=305)
  sayfa 1154 islendi (toplam islenen=11540 eklenen=0 update=11235 skip=305)
  sayfa 1155 islendi (toplam islenen=11550 eklenen=0 update=11245 skip=305)
  sayfa 1156 islendi (toplam islenen=11560 eklenen=0 update=11255 skip=305)
  sayfa 1157 islendi (toplam islenen=11570 eklenen=0 update=11265 skip=305)
  sayfa 1158 islendi (toplam islenen=11580 eklenen=0 update=11275 skip=305)
  sayfa 1159 islendi (toplam islenen=11590 eklenen=0 update=11285 skip=305)
  sayfa 1160 islendi (toplam islenen=11600 eklenen=0 update=11295 skip=305)
  sayfa 1161 islendi (toplam islenen=11610 eklenen=0 update=11305 skip=305)
  sayfa 1162 islendi (toplam islenen=11620 eklenen=0 update=11315 skip=305)
  sayfa 1163 islendi (toplam islenen=11630 eklenen=0 update=11325 skip=305)
  sayfa 1164 islendi (toplam islenen=11640 eklenen=0 update=11335 skip=305)
  sayfa 1165 islendi (toplam islenen=11650 eklenen=0 update=11345 skip=305)
  sayfa 1166 islendi (toplam islenen=11660 eklenen=0 update=11355 skip=305)
  sayfa 1167 islendi (toplam islenen=11670 eklenen=0 update=11365 skip=305)
  sayfa 1168 islendi (toplam islenen=11680 eklenen=0 update=11375 skip=305)
  sayfa 1169 islendi (toplam islenen=11690 eklenen=0 update=11385 skip=305)
  sayfa 1170 islendi (toplam islenen=11700 eklenen=0 update=11395 skip=305)
  sayfa 1171 islendi (toplam islenen=11710 eklenen=0 update=11405 skip=305)
  sayfa 1172 islendi (toplam islenen=11720 eklenen=0 update=11415 skip=305)
  sayfa 1173 islendi (toplam islenen=11730 eklenen=0 update=11425 skip=305)
  sayfa 1174 islendi (toplam islenen=11740 eklenen=0 update=11435 skip=305)
  sayfa 1175 islendi (toplam islenen=11750 eklenen=0 update=11445 skip=305)
  sayfa 1176 islendi (toplam islenen=11760 eklenen=0 update=11455 skip=305)
  sayfa 1177 islendi (toplam islenen=11770 eklenen=0 update=11465 skip=305)
  sayfa 1178 islendi (toplam islenen=11780 eklenen=0 update=11475 skip=305)
  sayfa 1179 islendi (toplam islenen=11790 eklenen=0 update=11485 skip=305)
  sayfa 1180 islendi (toplam islenen=11800 eklenen=0 update=11495 skip=305)
  sayfa 1181 islendi (toplam islenen=11810 eklenen=0 update=11505 skip=305)
  sayfa 1182 islendi (toplam islenen=11820 eklenen=0 update=11515 skip=305)
  sayfa 1183 islendi (toplam islenen=11830 eklenen=0 update=11525 skip=305)
  sayfa 1184 islendi (toplam islenen=11840 eklenen=0 update=11535 skip=305)
  sayfa 1185 islendi (toplam islenen=11850 eklenen=0 update=11545 skip=305)
  sayfa 1186 islendi (toplam islenen=11860 eklenen=0 update=11555 skip=305)
  sayfa 1187 islendi (toplam islenen=11870 eklenen=0 update=11565 skip=305)
  sayfa 1188 islendi (toplam islenen=11880 eklenen=0 update=11575 skip=305)
  sayfa 1189 islendi (toplam islenen=11890 eklenen=0 update=11585 skip=305)
  sayfa 1190 islendi (toplam islenen=11900 eklenen=0 update=11595 skip=305)
  sayfa 1191 islendi (toplam islenen=11910 eklenen=0 update=11605 skip=305)
  sayfa 1192 islendi (toplam islenen=11920 eklenen=0 update=11615 skip=305)
  sayfa 1193 islendi (toplam islenen=11930 eklenen=0 update=11625 skip=305)
  sayfa 1194 islendi (toplam islenen=11940 eklenen=0 update=11635 skip=305)
  sayfa 1195 islendi (toplam islenen=11950 eklenen=0 update=11645 skip=305)
  sayfa 1196 islendi (toplam islenen=11960 eklenen=0 update=11655 skip=305)
  sayfa 1197 islendi (toplam islenen=11970 eklenen=0 update=11665 skip=305)
  sayfa 1198 islendi (toplam islenen=11980 eklenen=0 update=11675 skip=305)
  sayfa 1199 islendi (toplam islenen=11990 eklenen=0 update=11685 skip=305)
  sayfa 1200 islendi (toplam islenen=12000 eklenen=0 update=11695 skip=305)
  sayfa 1201 islendi (toplam islenen=12010 eklenen=0 update=11705 skip=305)
  sayfa 1202 islendi (toplam islenen=12020 eklenen=0 update=11715 skip=305)
  sayfa 1203 islendi (toplam islenen=12030 eklenen=0 update=11725 skip=305)
  sayfa 1204 islendi (toplam islenen=12040 eklenen=0 update=11735 skip=305)
  sayfa 1205 islendi (toplam islenen=12050 eklenen=0 update=11745 skip=305)
  sayfa 1206 islendi (toplam islenen=12060 eklenen=0 update=11755 skip=305)
  sayfa 1207 islendi (toplam islenen=12070 eklenen=0 update=11765 skip=305)
  sayfa 1208 islendi (toplam islenen=12080 eklenen=0 update=11775 skip=305)
  sayfa 1209 islendi (toplam islenen=12090 eklenen=0 update=11785 skip=305)
  sayfa 1210 islendi (toplam islenen=12100 eklenen=0 update=11795 skip=305)
  sayfa 1211 islendi (toplam islenen=12110 eklenen=0 update=11805 skip=305)
  sayfa 1212 islendi (toplam islenen=12120 eklenen=0 update=11815 skip=305)
  sayfa 1213 islendi (toplam islenen=12130 eklenen=0 update=11825 skip=305)
  sayfa 1214 islendi (toplam islenen=12140 eklenen=0 update=11835 skip=305)
  sayfa 1215 islendi (toplam islenen=12150 eklenen=0 update=11845 skip=305)
  sayfa 1216 islendi (toplam islenen=12160 eklenen=0 update=11855 skip=305)
  sayfa 1217 islendi (toplam islenen=12170 eklenen=0 update=11865 skip=305)
  sayfa 1218 islendi (toplam islenen=12180 eklenen=0 update=11875 skip=305)
  sayfa 1219 islendi (toplam islenen=12190 eklenen=0 update=11885 skip=305)
  sayfa 1220 islendi (toplam islenen=12200 eklenen=0 update=11895 skip=305)
  sayfa 1221 islendi (toplam islenen=12210 eklenen=0 update=11905 skip=305)
  sayfa 1222 islendi (toplam islenen=12220 eklenen=0 update=11915 skip=305)
  sayfa 1223 islendi (toplam islenen=12230 eklenen=0 update=11925 skip=305)
  sayfa 1224 islendi (toplam islenen=12240 eklenen=0 update=11935 skip=305)
  sayfa 1225 islendi (toplam islenen=12250 eklenen=0 update=11945 skip=305)
  sayfa 1226 islendi (toplam islenen=12260 eklenen=0 update=11955 skip=305)
  sayfa 1227 islendi (toplam islenen=12270 eklenen=0 update=11965 skip=305)
  sayfa 1228 islendi (toplam islenen=12280 eklenen=0 update=11975 skip=305)
  sayfa 1229 islendi (toplam islenen=12290 eklenen=0 update=11985 skip=305)
  sayfa 1230 islendi (toplam islenen=12300 eklenen=0 update=11995 skip=305)
  sayfa 1231 islendi (toplam islenen=12310 eklenen=0 update=12005 skip=305)
  sayfa 1232 islendi (toplam islenen=12320 eklenen=0 update=12015 skip=305)
  sayfa 1233 islendi (toplam islenen=12330 eklenen=0 update=12025 skip=305)
  sayfa 1234 islendi (toplam islenen=12340 eklenen=0 update=12035 skip=305)
  sayfa 1235 islendi (toplam islenen=12350 eklenen=0 update=12045 skip=305)
  sayfa 1236 islendi (toplam islenen=12360 eklenen=0 update=12055 skip=305)
  sayfa 1237 islendi (toplam islenen=12370 eklenen=0 update=12065 skip=305)
  sayfa 1238 islendi (toplam islenen=12380 eklenen=0 update=12075 skip=305)
  sayfa 1239 islendi (toplam islenen=12390 eklenen=0 update=12085 skip=305)
  sayfa 1240 islendi (toplam islenen=12400 eklenen=0 update=12095 skip=305)
  sayfa 1241 islendi (toplam islenen=12410 eklenen=0 update=12105 skip=305)
  sayfa 1242 islendi (toplam islenen=12420 eklenen=0 update=12115 skip=305)
  sayfa 1243 islendi (toplam islenen=12430 eklenen=0 update=12125 skip=305)
  sayfa 1244 islendi (toplam islenen=12440 eklenen=0 update=12135 skip=305)
  sayfa 1245 islendi (toplam islenen=12450 eklenen=0 update=12145 skip=305)
  sayfa 1246 islendi (toplam islenen=12460 eklenen=0 update=12155 skip=305)
  sayfa 1247 islendi (toplam islenen=12470 eklenen=0 update=12165 skip=305)
  sayfa 1248 islendi (toplam islenen=12480 eklenen=0 update=12175 skip=305)
  sayfa 1249 islendi (toplam islenen=12490 eklenen=0 update=12185 skip=305)
  sayfa 1250 islendi (toplam islenen=12500 eklenen=0 update=12195 skip=305)
  sayfa 1251 islendi (toplam islenen=12510 eklenen=0 update=12205 skip=305)
  sayfa 1252 islendi (toplam islenen=12520 eklenen=0 update=12215 skip=305)
  sayfa 1253 islendi (toplam islenen=12530 eklenen=0 update=12225 skip=305)
  sayfa 1254 islendi (toplam islenen=12540 eklenen=0 update=12235 skip=305)
  sayfa 1255 islendi (toplam islenen=12550 eklenen=0 update=12245 skip=305)
  sayfa 1256 islendi (toplam islenen=12560 eklenen=0 update=12255 skip=305)
  sayfa 1257 islendi (toplam islenen=12570 eklenen=0 update=12265 skip=305)
  sayfa 1258 islendi (toplam islenen=12580 eklenen=0 update=12275 skip=305)
  sayfa 1259 islendi (toplam islenen=12590 eklenen=0 update=12285 skip=305)
  sayfa 1260 islendi (toplam islenen=12600 eklenen=0 update=12295 skip=305)
  sayfa 1261 islendi (toplam islenen=12610 eklenen=0 update=12305 skip=305)
  sayfa 1262 islendi (toplam islenen=12620 eklenen=0 update=12315 skip=305)
  sayfa 1263 islendi (toplam islenen=12630 eklenen=0 update=12325 skip=305)
  sayfa 1264 islendi (toplam islenen=12640 eklenen=0 update=12335 skip=305)
  sayfa 1265 islendi (toplam islenen=12650 eklenen=0 update=12345 skip=305)
  sayfa 1266 islendi (toplam islenen=12660 eklenen=0 update=12355 skip=305)
  sayfa 1267 islendi (toplam islenen=12670 eklenen=0 update=12365 skip=305)
  sayfa 1268 islendi (toplam islenen=12680 eklenen=0 update=12375 skip=305)
  sayfa 1269 islendi (toplam islenen=12690 eklenen=0 update=12385 skip=305)
  sayfa 1270 islendi (toplam islenen=12700 eklenen=0 update=12395 skip=305)
  sayfa 1271 islendi (toplam islenen=12710 eklenen=0 update=12405 skip=305)
  sayfa 1272 islendi (toplam islenen=12720 eklenen=0 update=12415 skip=305)
  sayfa 1273 islendi (toplam islenen=12730 eklenen=0 update=12425 skip=305)
  sayfa 1274 islendi (toplam islenen=12740 eklenen=0 update=12435 skip=305)
  sayfa 1275 islendi (toplam islenen=12750 eklenen=0 update=12445 skip=305)
  sayfa 1276 islendi (toplam islenen=12760 eklenen=0 update=12455 skip=305)
  sayfa 1277 islendi (toplam islenen=12770 eklenen=0 update=12465 skip=305)
  sayfa 1278 islendi (toplam islenen=12780 eklenen=0 update=12475 skip=305)
  sayfa 1279 islendi (toplam islenen=12790 eklenen=0 update=12485 skip=305)
  sayfa 1280 islendi (toplam islenen=12800 eklenen=0 update=12495 skip=305)
  sayfa 1281 islendi (toplam islenen=12810 eklenen=0 update=12505 skip=305)
  sayfa 1282 islendi (toplam islenen=12820 eklenen=0 update=12515 skip=305)
  sayfa 1283 islendi (toplam islenen=12830 eklenen=0 update=12525 skip=305)
  sayfa 1284 islendi (toplam islenen=12840 eklenen=0 update=12535 skip=305)
  sayfa 1285 islendi (toplam islenen=12850 eklenen=0 update=12545 skip=305)
  sayfa 1286 islendi (toplam islenen=12860 eklenen=0 update=12555 skip=305)
  sayfa 1287 islendi (toplam islenen=12870 eklenen=0 update=12565 skip=305)
  sayfa 1288 islendi (toplam islenen=12880 eklenen=0 update=12575 skip=305)
  sayfa 1289 islendi (toplam islenen=12890 eklenen=0 update=12585 skip=305)
  sayfa 1290 islendi (toplam islenen=12900 eklenen=0 update=12595 skip=305)
  sayfa 1291 islendi (toplam islenen=12910 eklenen=0 update=12605 skip=305)
  sayfa 1292 islendi (toplam islenen=12920 eklenen=0 update=12615 skip=305)
  sayfa 1293 islendi (toplam islenen=12930 eklenen=0 update=12625 skip=305)
  sayfa 1294 islendi (toplam islenen=12940 eklenen=0 update=12635 skip=305)
  sayfa 1295 islendi (toplam islenen=12950 eklenen=0 update=12645 skip=305)
  sayfa 1296 islendi (toplam islenen=12960 eklenen=0 update=12655 skip=305)
  sayfa 1297 islendi (toplam islenen=12970 eklenen=0 update=12665 skip=305)
  sayfa 1298 islendi (toplam islenen=12980 eklenen=0 update=12675 skip=305)
  sayfa 1299 islendi (toplam islenen=12990 eklenen=0 update=12685 skip=305)
  sayfa 1300 islendi (toplam islenen=13000 eklenen=0 update=12695 skip=305)
  sayfa 1301 islendi (toplam islenen=13010 eklenen=0 update=12705 skip=305)
  sayfa 1302 islendi (toplam islenen=13020 eklenen=0 update=12715 skip=305)
  sayfa 1303 islendi (toplam islenen=13030 eklenen=0 update=12725 skip=305)
  sayfa 1304 islendi (toplam islenen=13040 eklenen=0 update=12735 skip=305)
  sayfa 1305 islendi (toplam islenen=13050 eklenen=0 update=12745 skip=305)
  sayfa 1306 islendi (toplam islenen=13060 eklenen=0 update=12755 skip=305)
  sayfa 1307 islendi (toplam islenen=13070 eklenen=0 update=12765 skip=305)
  sayfa 1308 islendi (toplam islenen=13080 eklenen=0 update=12775 skip=305)
  sayfa 1309 islendi (toplam islenen=13090 eklenen=0 update=12785 skip=305)
  sayfa 1310 islendi (toplam islenen=13100 eklenen=0 update=12795 skip=305)
  sayfa 1311 islendi (toplam islenen=13110 eklenen=0 update=12805 skip=305)
  sayfa 1312 islendi (toplam islenen=13120 eklenen=0 update=12815 skip=305)
  sayfa 1313 islendi (toplam islenen=13130 eklenen=0 update=12825 skip=305)
  sayfa 1314 islendi (toplam islenen=13140 eklenen=0 update=12835 skip=305)
  sayfa 1315 islendi (toplam islenen=13150 eklenen=0 update=12845 skip=305)
  sayfa 1316 islendi (toplam islenen=13160 eklenen=0 update=12855 skip=305)
  sayfa 1317 islendi (toplam islenen=13170 eklenen=0 update=12865 skip=305)
  sayfa 1318 islendi (toplam islenen=13180 eklenen=0 update=12875 skip=305)
  sayfa 1319 islendi (toplam islenen=13190 eklenen=0 update=12885 skip=305)
  sayfa 1320 islendi (toplam islenen=13200 eklenen=0 update=12895 skip=305)
  sayfa 1321 islendi (toplam islenen=13210 eklenen=0 update=12905 skip=305)
  sayfa 1322 islendi (toplam islenen=13220 eklenen=0 update=12915 skip=305)
  sayfa 1323 islendi (toplam islenen=13230 eklenen=0 update=12925 skip=305)
  sayfa 1324 islendi (toplam islenen=13240 eklenen=0 update=12935 skip=305)
  sayfa 1325 islendi (toplam islenen=13250 eklenen=0 update=12945 skip=305)
  sayfa 1326 islendi (toplam islenen=13260 eklenen=0 update=12955 skip=305)
  sayfa 1327 islendi (toplam islenen=13270 eklenen=0 update=12965 skip=305)
  sayfa 1328 islendi (toplam islenen=13280 eklenen=0 update=12975 skip=305)
  sayfa 1329 islendi (toplam islenen=13290 eklenen=0 update=12985 skip=305)
  sayfa 1330 islendi (toplam islenen=13300 eklenen=0 update=12995 skip=305)
  sayfa 1331 islendi (toplam islenen=13310 eklenen=0 update=13005 skip=305)
  sayfa 1332 islendi (toplam islenen=13320 eklenen=0 update=13015 skip=305)
  sayfa 1333 islendi (toplam islenen=13330 eklenen=0 update=13025 skip=305)
  sayfa 1334 islendi (toplam islenen=13340 eklenen=0 update=13035 skip=305)
  sayfa 1335 islendi (toplam islenen=13350 eklenen=0 update=13045 skip=305)
  sayfa 1336 islendi (toplam islenen=13360 eklenen=0 update=13055 skip=305)
  sayfa 1337 islendi (toplam islenen=13370 eklenen=0 update=13065 skip=305)
  sayfa 1338 islendi (toplam islenen=13380 eklenen=0 update=13075 skip=305)
  sayfa 1339 islendi (toplam islenen=13390 eklenen=0 update=13085 skip=305)
  sayfa 1340 islendi (toplam islenen=13400 eklenen=0 update=13095 skip=305)
  sayfa 1341 islendi (toplam islenen=13410 eklenen=0 update=13105 skip=305)
  sayfa 1342 islendi (toplam islenen=13420 eklenen=0 update=13115 skip=305)
  sayfa 1343 islendi (toplam islenen=13430 eklenen=0 update=13125 skip=305)
  sayfa 1344 islendi (toplam islenen=13440 eklenen=0 update=13135 skip=305)
  sayfa 1345 islendi (toplam islenen=13450 eklenen=0 update=13145 skip=305)
  sayfa 1346 islendi (toplam islenen=13460 eklenen=0 update=13155 skip=305)
  sayfa 1347 islendi (toplam islenen=13470 eklenen=0 update=13165 skip=305)
  sayfa 1348 islendi (toplam islenen=13480 eklenen=0 update=13175 skip=305)
  sayfa 1349 islendi (toplam islenen=13490 eklenen=0 update=13185 skip=305)
  sayfa 1350 islendi (toplam islenen=13500 eklenen=0 update=13195 skip=305)
  sayfa 1351 islendi (toplam islenen=13510 eklenen=0 update=13205 skip=305)
  sayfa 1352 islendi (toplam islenen=13520 eklenen=0 update=13215 skip=305)
  sayfa 1353 islendi (toplam islenen=13530 eklenen=0 update=13225 skip=305)
  sayfa 1354 islendi (toplam islenen=13540 eklenen=0 update=13235 skip=305)
  sayfa 1355 islendi (toplam islenen=13550 eklenen=0 update=13245 skip=305)
  sayfa 1356 islendi (toplam islenen=13560 eklenen=0 update=13255 skip=305)
  sayfa 1357 islendi (toplam islenen=13570 eklenen=0 update=13265 skip=305)
  sayfa 1358 islendi (toplam islenen=13580 eklenen=0 update=13275 skip=305)
  sayfa 1359 islendi (toplam islenen=13590 eklenen=0 update=13285 skip=305)
  sayfa 1360 islendi (toplam islenen=13600 eklenen=0 update=13295 skip=305)
  sayfa 1361 islendi (toplam islenen=13610 eklenen=0 update=13305 skip=305)
  sayfa 1362 islendi (toplam islenen=13620 eklenen=0 update=13315 skip=305)
  sayfa 1363 islendi (toplam islenen=13630 eklenen=0 update=13325 skip=305)
  sayfa 1364 islendi (toplam islenen=13640 eklenen=0 update=13335 skip=305)
  sayfa 1365 islendi (toplam islenen=13650 eklenen=0 update=13345 skip=305)
  sayfa 1366 islendi (toplam islenen=13660 eklenen=0 update=13355 skip=305)
  sayfa 1367 islendi (toplam islenen=13670 eklenen=0 update=13365 skip=305)
  sayfa 1368 islendi (toplam islenen=13680 eklenen=0 update=13375 skip=305)
  sayfa 1369 islendi (toplam islenen=13690 eklenen=0 update=13385 skip=305)
  sayfa 1370 islendi (toplam islenen=13700 eklenen=0 update=13395 skip=305)
  sayfa 1371 islendi (toplam islenen=13710 eklenen=0 update=13405 skip=305)
  sayfa 1372 islendi (toplam islenen=13720 eklenen=0 update=13415 skip=305)
  sayfa 1373 islendi (toplam islenen=13730 eklenen=0 update=13425 skip=305)
  sayfa 1374 islendi (toplam islenen=13740 eklenen=0 update=13435 skip=305)
  sayfa 1375 islendi (toplam islenen=13750 eklenen=0 update=13445 skip=305)
  sayfa 1376 islendi (toplam islenen=13760 eklenen=0 update=13455 skip=305)
  sayfa 1377 islendi (toplam islenen=13770 eklenen=0 update=13465 skip=305)
  sayfa 1378 islendi (toplam islenen=13780 eklenen=0 update=13475 skip=305)
  sayfa 1379 islendi (toplam islenen=13790 eklenen=0 update=13485 skip=305)
  sayfa 1380 islendi (toplam islenen=13800 eklenen=0 update=13495 skip=305)
  sayfa 1381 islendi (toplam islenen=13810 eklenen=0 update=13505 skip=305)
  sayfa 1382 islendi (toplam islenen=13820 eklenen=0 update=13515 skip=305)
  sayfa 1383 islendi (toplam islenen=13830 eklenen=0 update=13525 skip=305)
  sayfa 1384 islendi (toplam islenen=13840 eklenen=0 update=13535 skip=305)
  sayfa 1385 islendi (toplam islenen=13850 eklenen=0 update=13545 skip=305)
  sayfa 1386 islendi (toplam islenen=13860 eklenen=0 update=13555 skip=305)
  sayfa 1387 islendi (toplam islenen=13870 eklenen=0 update=13565 skip=305)
  sayfa 1388 islendi (toplam islenen=13880 eklenen=0 update=13575 skip=305)
  sayfa 1389 islendi (toplam islenen=13890 eklenen=0 update=13585 skip=305)
  sayfa 1390 islendi (toplam islenen=13900 eklenen=0 update=13595 skip=305)
  sayfa 1391 islendi (toplam islenen=13910 eklenen=0 update=13605 skip=305)
  sayfa 1392 islendi (toplam islenen=13920 eklenen=0 update=13615 skip=305)
  sayfa 1393 islendi (toplam islenen=13930 eklenen=0 update=13625 skip=305)
  sayfa 1394 islendi (toplam islenen=13940 eklenen=0 update=13635 skip=305)
  sayfa 1395 islendi (toplam islenen=13950 eklenen=0 update=13645 skip=305)
  sayfa 1396 islendi (toplam islenen=13960 eklenen=0 update=13655 skip=305)
  sayfa 1397 islendi (toplam islenen=13970 eklenen=0 update=13665 skip=305)
  sayfa 1398 islendi (toplam islenen=13980 eklenen=0 update=13675 skip=305)
  sayfa 1399 islendi (toplam islenen=13990 eklenen=0 update=13685 skip=305)
  sayfa 1400 islendi (toplam islenen=14000 eklenen=0 update=13695 skip=305)
  sayfa 1401 islendi (toplam islenen=14010 eklenen=0 update=13705 skip=305)
  sayfa 1402 islendi (toplam islenen=14020 eklenen=0 update=13715 skip=305)
  sayfa 1403 islendi (toplam islenen=14030 eklenen=0 update=13725 skip=305)
  sayfa 1404 islendi (toplam islenen=14040 eklenen=0 update=13735 skip=305)
  sayfa 1405 islendi (toplam islenen=14050 eklenen=0 update=13745 skip=305)
  sayfa 1406 islendi (toplam islenen=14060 eklenen=0 update=13755 skip=305)
  sayfa 1407 islendi (toplam islenen=14070 eklenen=0 update=13765 skip=305)
  sayfa 1408 islendi (toplam islenen=14080 eklenen=0 update=13775 skip=305)
  sayfa 1409 islendi (toplam islenen=14090 eklenen=0 update=13785 skip=305)
  sayfa 1410 islendi (toplam islenen=14100 eklenen=0 update=13795 skip=305)
  sayfa 1411 islendi (toplam islenen=14110 eklenen=0 update=13805 skip=305)
  sayfa 1412 islendi (toplam islenen=14120 eklenen=0 update=13815 skip=305)
  sayfa 1413 islendi (toplam islenen=14130 eklenen=0 update=13825 skip=305)
  sayfa 1414 islendi (toplam islenen=14140 eklenen=0 update=13835 skip=305)
  sayfa 1415 islendi (toplam islenen=14150 eklenen=0 update=13845 skip=305)
  sayfa 1416 islendi (toplam islenen=14160 eklenen=0 update=13855 skip=305)
  sayfa 1417 islendi (toplam islenen=14170 eklenen=0 update=13865 skip=305)
  sayfa 1418 islendi (toplam islenen=14180 eklenen=0 update=13875 skip=305)
  sayfa 1419 islendi (toplam islenen=14190 eklenen=0 update=13885 skip=305)
  sayfa 1420 islendi (toplam islenen=14200 eklenen=0 update=13895 skip=305)
  sayfa 1421 islendi (toplam islenen=14210 eklenen=0 update=13905 skip=305)
  sayfa 1422 islendi (toplam islenen=14220 eklenen=0 update=13915 skip=305)
  sayfa 1423 islendi (toplam islenen=14230 eklenen=0 update=13925 skip=305)
  sayfa 1424 islendi (toplam islenen=14240 eklenen=0 update=13935 skip=305)
  sayfa 1425 islendi (toplam islenen=14250 eklenen=0 update=13945 skip=305)
  sayfa 1426 islendi (toplam islenen=14260 eklenen=0 update=13955 skip=305)
  sayfa 1427 islendi (toplam islenen=14270 eklenen=0 update=13965 skip=305)
  sayfa 1428 islendi (toplam islenen=14280 eklenen=0 update=13975 skip=305)
  sayfa 1429 islendi (toplam islenen=14290 eklenen=0 update=13985 skip=305)
  sayfa 1430 islendi (toplam islenen=14300 eklenen=0 update=13995 skip=305)
  sayfa 1431 islendi (toplam islenen=14310 eklenen=0 update=14005 skip=305)
  sayfa 1432 islendi (toplam islenen=14320 eklenen=0 update=14015 skip=305)
  sayfa 1433 islendi (toplam islenen=14330 eklenen=0 update=14025 skip=305)
  sayfa 1434 islendi (toplam islenen=14340 eklenen=0 update=14035 skip=305)
  sayfa 1435 islendi (toplam islenen=14350 eklenen=0 update=14045 skip=305)
  sayfa 1436 islendi (toplam islenen=14360 eklenen=0 update=14055 skip=305)
  sayfa 1437 islendi (toplam islenen=14370 eklenen=0 update=14065 skip=305)
  sayfa 1438 islendi (toplam islenen=14380 eklenen=0 update=14075 skip=305)
  sayfa 1439 islendi (toplam islenen=14390 eklenen=0 update=14085 skip=305)
  sayfa 1440 islendi (toplam islenen=14400 eklenen=0 update=14095 skip=305)
  sayfa 1441 islendi (toplam islenen=14410 eklenen=0 update=14105 skip=305)
  sayfa 1442 islendi (toplam islenen=14420 eklenen=0 update=14115 skip=305)
  sayfa 1443 islendi (toplam islenen=14430 eklenen=0 update=14125 skip=305)
  sayfa 1444 islendi (toplam islenen=14440 eklenen=0 update=14135 skip=305)
  sayfa 1445 islendi (toplam islenen=14450 eklenen=0 update=14145 skip=305)
  sayfa 1446 islendi (toplam islenen=14460 eklenen=0 update=14155 skip=305)
  sayfa 1447 islendi (toplam islenen=14470 eklenen=0 update=14165 skip=305)
  sayfa 1448 islendi (toplam islenen=14480 eklenen=0 update=14175 skip=305)
  sayfa 1449 islendi (toplam islenen=14490 eklenen=0 update=14185 skip=305)
  sayfa 1450 islendi (toplam islenen=14500 eklenen=0 update=14195 skip=305)
  sayfa 1451 islendi (toplam islenen=14510 eklenen=0 update=14205 skip=305)
  sayfa 1452 islendi (toplam islenen=14520 eklenen=0 update=14215 skip=305)
  sayfa 1453 islendi (toplam islenen=14530 eklenen=0 update=14225 skip=305)
  sayfa 1454 islendi (toplam islenen=14540 eklenen=0 update=14235 skip=305)
  sayfa 1455 islendi (toplam islenen=14550 eklenen=0 update=14245 skip=305)
  sayfa 1456 islendi (toplam islenen=14560 eklenen=0 update=14255 skip=305)
  sayfa 1457 islendi (toplam islenen=14570 eklenen=0 update=14265 skip=305)
  sayfa 1458 islendi (toplam islenen=14580 eklenen=0 update=14275 skip=305)
  sayfa 1459 islendi (toplam islenen=14590 eklenen=0 update=14285 skip=305)
  sayfa 1460 islendi (toplam islenen=14600 eklenen=0 update=14295 skip=305)
  sayfa 1461 islendi (toplam islenen=14610 eklenen=0 update=14305 skip=305)
  sayfa 1462 islendi (toplam islenen=14620 eklenen=0 update=14315 skip=305)
  sayfa 1463 islendi (toplam islenen=14630 eklenen=0 update=14325 skip=305)
  sayfa 1464 islendi (toplam islenen=14640 eklenen=0 update=14335 skip=305)
  sayfa 1465 islendi (toplam islenen=14650 eklenen=0 update=14345 skip=305)
  sayfa 1466 islendi (toplam islenen=14660 eklenen=0 update=14355 skip=305)
  sayfa 1467 islendi (toplam islenen=14670 eklenen=0 update=14365 skip=305)
  sayfa 1468 islendi (toplam islenen=14680 eklenen=0 update=14375 skip=305)
  sayfa 1469 islendi (toplam islenen=14690 eklenen=0 update=14385 skip=305)
  sayfa 1470 islendi (toplam islenen=14700 eklenen=0 update=14395 skip=305)
  sayfa 1471 islendi (toplam islenen=14710 eklenen=0 update=14405 skip=305)
  sayfa 1472 islendi (toplam islenen=14720 eklenen=0 update=14415 skip=305)
  sayfa 1473 islendi (toplam islenen=14730 eklenen=0 update=14425 skip=305)
  sayfa 1474 islendi (toplam islenen=14740 eklenen=0 update=14435 skip=305)
  sayfa 1475 islendi (toplam islenen=14750 eklenen=0 update=14445 skip=305)
  sayfa 1476 islendi (toplam islenen=14760 eklenen=0 update=14455 skip=305)
  sayfa 1477 islendi (toplam islenen=14770 eklenen=0 update=14465 skip=305)
  sayfa 1478 islendi (toplam islenen=14780 eklenen=0 update=14475 skip=305)
  sayfa 1479 islendi (toplam islenen=14790 eklenen=0 update=14485 skip=305)
  sayfa 1480 islendi (toplam islenen=14800 eklenen=0 update=14495 skip=305)
  sayfa 1481 islendi (toplam islenen=14810 eklenen=0 update=14505 skip=305)
  sayfa 1482 islendi (toplam islenen=14820 eklenen=0 update=14515 skip=305)
  sayfa 1483 islendi (toplam islenen=14830 eklenen=0 update=14525 skip=305)
  sayfa 1484 islendi (toplam islenen=14840 eklenen=0 update=14535 skip=305)
  sayfa 1485 islendi (toplam islenen=14850 eklenen=0 update=14545 skip=305)
  sayfa 1486 islendi (toplam islenen=14860 eklenen=0 update=14555 skip=305)
  sayfa 1487 islendi (toplam islenen=14870 eklenen=0 update=14565 skip=305)
  sayfa 1488 islendi (toplam islenen=14880 eklenen=0 update=14575 skip=305)
  sayfa 1489 islendi (toplam islenen=14890 eklenen=0 update=14585 skip=305)
  sayfa 1490 islendi (toplam islenen=14900 eklenen=0 update=14595 skip=305)
  sayfa 1491 islendi (toplam islenen=14910 eklenen=0 update=14605 skip=305)
  sayfa 1492 islendi (toplam islenen=14920 eklenen=0 update=14615 skip=305)
  sayfa 1493 islendi (toplam islenen=14930 eklenen=0 update=14625 skip=305)
  sayfa 1494 islendi (toplam islenen=14940 eklenen=0 update=14635 skip=305)
  sayfa 1495 islendi (toplam islenen=14950 eklenen=0 update=14645 skip=305)
  sayfa 1496 islendi (toplam islenen=14960 eklenen=0 update=14655 skip=305)
  sayfa 1497 islendi (toplam islenen=14970 eklenen=0 update=14665 skip=305)
  sayfa 1498 islendi (toplam islenen=14980 eklenen=0 update=14675 skip=305)
  sayfa 1499 islendi (toplam islenen=14990 eklenen=0 update=14685 skip=305)
  sayfa 1500 islendi (toplam islenen=15000 eklenen=0 update=14695 skip=305)
  sayfa 1501 islendi (toplam islenen=15010 eklenen=0 update=14705 skip=305)
  sayfa 1502 islendi (toplam islenen=15020 eklenen=0 update=14715 skip=305)
  sayfa 1503 islendi (toplam islenen=15030 eklenen=0 update=14725 skip=305)
  sayfa 1504 islendi (toplam islenen=15040 eklenen=0 update=14735 skip=305)
  sayfa 1505 islendi (toplam islenen=15050 eklenen=0 update=14745 skip=305)
  sayfa 1506 islendi (toplam islenen=15060 eklenen=0 update=14755 skip=305)
  sayfa 1507 islendi (toplam islenen=15070 eklenen=0 update=14765 skip=305)
  sayfa 1508 islendi (toplam islenen=15080 eklenen=0 update=14775 skip=305)
  sayfa 1509 islendi (toplam islenen=15090 eklenen=0 update=14785 skip=305)
  sayfa 1510 islendi (toplam islenen=15100 eklenen=0 update=14795 skip=305)
  sayfa 1511 islendi (toplam islenen=15110 eklenen=0 update=14805 skip=305)
  sayfa 1512 islendi (toplam islenen=15120 eklenen=0 update=14815 skip=305)
  sayfa 1513 islendi (toplam islenen=15130 eklenen=0 update=14825 skip=305)
  sayfa 1514 islendi (toplam islenen=15140 eklenen=0 update=14835 skip=305)
  sayfa 1515 islendi (toplam islenen=15150 eklenen=0 update=14845 skip=305)
  sayfa 1516 islendi (toplam islenen=15160 eklenen=0 update=14855 skip=305)
  sayfa 1517 islendi (toplam islenen=15170 eklenen=0 update=14865 skip=305)
  sayfa 1518 islendi (toplam islenen=15180 eklenen=0 update=14875 skip=305)
  sayfa 1519 islendi (toplam islenen=15190 eklenen=0 update=14885 skip=305)
  sayfa 1520 islendi (toplam islenen=15200 eklenen=0 update=14895 skip=305)
  sayfa 1521 islendi (toplam islenen=15210 eklenen=0 update=14905 skip=305)
  sayfa 1522 islendi (toplam islenen=15220 eklenen=0 update=14915 skip=305)
  sayfa 1523 islendi (toplam islenen=15230 eklenen=0 update=14925 skip=305)
  sayfa 1524 islendi (toplam islenen=15240 eklenen=0 update=14935 skip=305)
  sayfa 1525 islendi (toplam islenen=15250 eklenen=0 update=14945 skip=305)
  sayfa 1526 islendi (toplam islenen=15260 eklenen=0 update=14955 skip=305)
  sayfa 1527 islendi (toplam islenen=15270 eklenen=0 update=14965 skip=305)
  sayfa 1528 islendi (toplam islenen=15280 eklenen=0 update=14975 skip=305)
  sayfa 1529 islendi (toplam islenen=15290 eklenen=0 update=14985 skip=305)
  sayfa 1530 islendi (toplam islenen=15300 eklenen=0 update=14995 skip=305)
  sayfa 1531 islendi (toplam islenen=15310 eklenen=0 update=15005 skip=305)
  sayfa 1532 islendi (toplam islenen=15320 eklenen=0 update=15015 skip=305)
  sayfa 1533 islendi (toplam islenen=15330 eklenen=0 update=15025 skip=305)
  sayfa 1534 islendi (toplam islenen=15340 eklenen=0 update=15035 skip=305)
  sayfa 1535 islendi (toplam islenen=15350 eklenen=0 update=15045 skip=305)
  sayfa 1536 islendi (toplam islenen=15360 eklenen=0 update=15055 skip=305)
  sayfa 1537 islendi (toplam islenen=15370 eklenen=0 update=15065 skip=305)
  sayfa 1538 islendi (toplam islenen=15380 eklenen=0 update=15075 skip=305)
  sayfa 1539 islendi (toplam islenen=15390 eklenen=0 update=15085 skip=305)
  sayfa 1540 islendi (toplam islenen=15400 eklenen=0 update=15095 skip=305)
  sayfa 1541 islendi (toplam islenen=15410 eklenen=0 update=15105 skip=305)
  sayfa 1542 islendi (toplam islenen=15420 eklenen=0 update=15115 skip=305)
  sayfa 1543 islendi (toplam islenen=15430 eklenen=0 update=15125 skip=305)
  sayfa 1544 islendi (toplam islenen=15440 eklenen=0 update=15135 skip=305)
  sayfa 1545 islendi (toplam islenen=15450 eklenen=0 update=15145 skip=305)
  sayfa 1546 islendi (toplam islenen=15460 eklenen=0 update=15155 skip=305)
  sayfa 1547 islendi (toplam islenen=15470 eklenen=0 update=15165 skip=305)
  sayfa 1548 islendi (toplam islenen=15480 eklenen=0 update=15175 skip=305)
  sayfa 1549 islendi (toplam islenen=15490 eklenen=0 update=15185 skip=305)
  sayfa 1550 islendi (toplam islenen=15500 eklenen=0 update=15195 skip=305)
  sayfa 1551 islendi (toplam islenen=15510 eklenen=0 update=15205 skip=305)
  sayfa 1552 islendi (toplam islenen=15520 eklenen=0 update=15215 skip=305)
  sayfa 1553 islendi (toplam islenen=15530 eklenen=0 update=15225 skip=305)
  sayfa 1554 islendi (toplam islenen=15540 eklenen=0 update=15235 skip=305)
  sayfa 1555 islendi (toplam islenen=15550 eklenen=0 update=15245 skip=305)
  sayfa 1556 islendi (toplam islenen=15560 eklenen=0 update=15255 skip=305)
  sayfa 1557 islendi (toplam islenen=15570 eklenen=0 update=15265 skip=305)
  sayfa 1558 islendi (toplam islenen=15580 eklenen=0 update=15275 skip=305)
  sayfa 1559 islendi (toplam islenen=15590 eklenen=0 update=15285 skip=305)
  sayfa 1560 islendi (toplam islenen=15600 eklenen=0 update=15295 skip=305)
  sayfa 1561 islendi (toplam islenen=15610 eklenen=0 update=15305 skip=305)
  sayfa 1562 islendi (toplam islenen=15620 eklenen=0 update=15315 skip=305)
  sayfa 1563 islendi (toplam islenen=15630 eklenen=0 update=15325 skip=305)
  sayfa 1564 islendi (toplam islenen=15640 eklenen=0 update=15335 skip=305)
  sayfa 1565 islendi (toplam islenen=15650 eklenen=0 update=15345 skip=305)
  sayfa 1566 islendi (toplam islenen=15660 eklenen=0 update=15355 skip=305)
  sayfa 1567 islendi (toplam islenen=15670 eklenen=0 update=15365 skip=305)
  sayfa 1568 islendi (toplam islenen=15680 eklenen=0 update=15375 skip=305)
  sayfa 1569 islendi (toplam islenen=15690 eklenen=0 update=15385 skip=305)
  sayfa 1570 islendi (toplam islenen=15700 eklenen=0 update=15395 skip=305)
  sayfa 1571 islendi (toplam islenen=15710 eklenen=0 update=15405 skip=305)
  sayfa 1572 islendi (toplam islenen=15720 eklenen=0 update=15415 skip=305)
  sayfa 1573 islendi (toplam islenen=15730 eklenen=0 update=15425 skip=305)
  sayfa 1574 islendi (toplam islenen=15740 eklenen=0 update=15435 skip=305)
  sayfa 1575 islendi (toplam islenen=15750 eklenen=0 update=15445 skip=305)
  sayfa 1576 islendi (toplam islenen=15760 eklenen=0 update=15455 skip=305)
  sayfa 1577 islendi (toplam islenen=15770 eklenen=0 update=15465 skip=305)
  sayfa 1578 islendi (toplam islenen=15780 eklenen=0 update=15475 skip=305)
  sayfa 1579 islendi (toplam islenen=15790 eklenen=0 update=15485 skip=305)
  sayfa 1580 islendi (toplam islenen=15800 eklenen=0 update=15495 skip=305)
  sayfa 1581 islendi (toplam islenen=15810 eklenen=0 update=15505 skip=305)
  sayfa 1582 islendi (toplam islenen=15820 eklenen=0 update=15515 skip=305)
  sayfa 1583 islendi (toplam islenen=15830 eklenen=0 update=15525 skip=305)
  sayfa 1584 islendi (toplam islenen=15840 eklenen=0 update=15535 skip=305)
  sayfa 1585 islendi (toplam islenen=15850 eklenen=0 update=15545 skip=305)
  sayfa 1586 islendi (toplam islenen=15860 eklenen=0 update=15555 skip=305)
  sayfa 1587 islendi (toplam islenen=15870 eklenen=0 update=15565 skip=305)
  sayfa 1588 islendi (toplam islenen=15880 eklenen=0 update=15575 skip=305)
  sayfa 1589 islendi (toplam islenen=15890 eklenen=0 update=15585 skip=305)
  sayfa 1590 islendi (toplam islenen=15900 eklenen=0 update=15595 skip=305)
  sayfa 1591 islendi (toplam islenen=15910 eklenen=0 update=15605 skip=305)
  sayfa 1592 islendi (toplam islenen=15920 eklenen=0 update=15615 skip=305)
  sayfa 1593 islendi (toplam islenen=15930 eklenen=0 update=15625 skip=305)
  sayfa 1594 islendi (toplam islenen=15940 eklenen=0 update=15635 skip=305)
  sayfa 1595 islendi (toplam islenen=15950 eklenen=0 update=15645 skip=305)
  sayfa 1596 islendi (toplam islenen=15960 eklenen=0 update=15655 skip=305)
  sayfa 1597 islendi (toplam islenen=15970 eklenen=0 update=15665 skip=305)
  sayfa 1598 islendi (toplam islenen=15980 eklenen=0 update=15675 skip=305)
  sayfa 1599 islendi (toplam islenen=15990 eklenen=0 update=15685 skip=305)
  sayfa 1600 islendi (toplam islenen=16000 eklenen=0 update=15695 skip=305)
  sayfa 1601 islendi (toplam islenen=16010 eklenen=0 update=15705 skip=305)
  sayfa 1602 islendi (toplam islenen=16020 eklenen=0 update=15715 skip=305)
  sayfa 1603 islendi (toplam islenen=16030 eklenen=0 update=15725 skip=305)
  sayfa 1604 islendi (toplam islenen=16040 eklenen=0 update=15735 skip=305)
  sayfa 1605 islendi (toplam islenen=16050 eklenen=0 update=15745 skip=305)
  sayfa 1606 islendi (toplam islenen=16060 eklenen=0 update=15755 skip=305)
  sayfa 1607 islendi (toplam islenen=16070 eklenen=0 update=15765 skip=305)
  sayfa 1608 islendi (toplam islenen=16080 eklenen=0 update=15775 skip=305)
  sayfa 1609 islendi (toplam islenen=16090 eklenen=0 update=15785 skip=305)
  sayfa 1610 islendi (toplam islenen=16100 eklenen=0 update=15795 skip=305)
  sayfa 1611 islendi (toplam islenen=16110 eklenen=0 update=15805 skip=305)
  sayfa 1612 islendi (toplam islenen=16120 eklenen=0 update=15815 skip=305)
  sayfa 1613 islendi (toplam islenen=16130 eklenen=0 update=15825 skip=305)
  sayfa 1614 islendi (toplam islenen=16140 eklenen=0 update=15835 skip=305)
  sayfa 1615 islendi (toplam islenen=16150 eklenen=0 update=15845 skip=305)
  sayfa 1616 islendi (toplam islenen=16160 eklenen=0 update=15855 skip=305)
  sayfa 1617 islendi (toplam islenen=16170 eklenen=0 update=15865 skip=305)
  sayfa 1618 islendi (toplam islenen=16180 eklenen=0 update=15875 skip=305)
  sayfa 1619 islendi (toplam islenen=16190 eklenen=0 update=15885 skip=305)
  sayfa 1620 islendi (toplam islenen=16200 eklenen=0 update=15895 skip=305)
  sayfa 1621 islendi (toplam islenen=16210 eklenen=0 update=15905 skip=305)
  sayfa 1622 islendi (toplam islenen=16220 eklenen=0 update=15915 skip=305)
  sayfa 1623 islendi (toplam islenen=16230 eklenen=0 update=15925 skip=305)
  sayfa 1624 islendi (toplam islenen=16240 eklenen=0 update=15935 skip=305)
  sayfa 1625 islendi (toplam islenen=16250 eklenen=0 update=15945 skip=305)
  sayfa 1626 islendi (toplam islenen=16260 eklenen=0 update=15955 skip=305)
  sayfa 1627 islendi (toplam islenen=16270 eklenen=0 update=15965 skip=305)
  sayfa 1628 islendi (toplam islenen=16280 eklenen=0 update=15975 skip=305)
  sayfa 1629 islendi (toplam islenen=16290 eklenen=0 update=15985 skip=305)
  sayfa 1630 islendi (toplam islenen=16300 eklenen=0 update=15995 skip=305)
  sayfa 1631 islendi (toplam islenen=16310 eklenen=0 update=16005 skip=305)
  sayfa 1632 islendi (toplam islenen=16320 eklenen=0 update=16015 skip=305)
  sayfa 1633 islendi (toplam islenen=16330 eklenen=0 update=16025 skip=305)
  sayfa 1634 islendi (toplam islenen=16340 eklenen=0 update=16035 skip=305)
  sayfa 1635 islendi (toplam islenen=16350 eklenen=0 update=16045 skip=305)
  sayfa 1636 islendi (toplam islenen=16360 eklenen=0 update=16055 skip=305)
  sayfa 1637 islendi (toplam islenen=16370 eklenen=0 update=16065 skip=305)
  sayfa 1638 islendi (toplam islenen=16380 eklenen=0 update=16075 skip=305)
  sayfa 1639 islendi (toplam islenen=16390 eklenen=0 update=16085 skip=305)
  sayfa 1640 islendi (toplam islenen=16400 eklenen=0 update=16095 skip=305)
  sayfa 1641 islendi (toplam islenen=16410 eklenen=0 update=16105 skip=305)
  sayfa 1642 islendi (toplam islenen=16420 eklenen=0 update=16115 skip=305)
  sayfa 1643 islendi (toplam islenen=16430 eklenen=0 update=16125 skip=305)
  sayfa 1644 islendi (toplam islenen=16440 eklenen=0 update=16135 skip=305)
  sayfa 1645 islendi (toplam islenen=16450 eklenen=0 update=16145 skip=305)
  sayfa 1646 islendi (toplam islenen=16460 eklenen=0 update=16155 skip=305)
  sayfa 1647 islendi (toplam islenen=16470 eklenen=0 update=16165 skip=305)
  sayfa 1648 islendi (toplam islenen=16480 eklenen=0 update=16175 skip=305)
  sayfa 1649 islendi (toplam islenen=16490 eklenen=0 update=16185 skip=305)
  sayfa 1650 islendi (toplam islenen=16500 eklenen=0 update=16195 skip=305)
  sayfa 1651 islendi (toplam islenen=16510 eklenen=0 update=16205 skip=305)
  sayfa 1652 islendi (toplam islenen=16520 eklenen=0 update=16215 skip=305)
  sayfa 1653 islendi (toplam islenen=16530 eklenen=0 update=16225 skip=305)
  sayfa 1654 islendi (toplam islenen=16540 eklenen=0 update=16235 skip=305)
  sayfa 1655 islendi (toplam islenen=16550 eklenen=0 update=16245 skip=305)
  sayfa 1656 islendi (toplam islenen=16560 eklenen=0 update=16255 skip=305)
  sayfa 1657 islendi (toplam islenen=16570 eklenen=0 update=16265 skip=305)
  sayfa 1658 islendi (toplam islenen=16580 eklenen=0 update=16275 skip=305)
  sayfa 1659 islendi (toplam islenen=16590 eklenen=0 update=16285 skip=305)
  sayfa 1660 islendi (toplam islenen=16600 eklenen=0 update=16295 skip=305)
  sayfa 1661 islendi (toplam islenen=16610 eklenen=0 update=16305 skip=305)
  sayfa 1662 islendi (toplam islenen=16620 eklenen=0 update=16315 skip=305)
  sayfa 1663 islendi (toplam islenen=16630 eklenen=0 update=16325 skip=305)
  sayfa 1664 islendi (toplam islenen=16640 eklenen=0 update=16335 skip=305)
  sayfa 1665 islendi (toplam islenen=16650 eklenen=0 update=16345 skip=305)
  sayfa 1666 islendi (toplam islenen=16660 eklenen=0 update=16355 skip=305)
  sayfa 1667 islendi (toplam islenen=16670 eklenen=0 update=16365 skip=305)
  sayfa 1668 islendi (toplam islenen=16680 eklenen=0 update=16375 skip=305)
  sayfa 1669 islendi (toplam islenen=16690 eklenen=0 update=16385 skip=305)
  sayfa 1670 islendi (toplam islenen=16700 eklenen=0 update=16395 skip=305)
  sayfa 1671 islendi (toplam islenen=16710 eklenen=0 update=16405 skip=305)
  sayfa 1672 islendi (toplam islenen=16720 eklenen=0 update=16415 skip=305)
  sayfa 1673 islendi (toplam islenen=16730 eklenen=0 update=16425 skip=305)
  sayfa 1674 islendi (toplam islenen=16740 eklenen=0 update=16435 skip=305)
  sayfa 1675 islendi (toplam islenen=16750 eklenen=0 update=16445 skip=305)
  sayfa 1676 islendi (toplam islenen=16760 eklenen=0 update=16455 skip=305)
  sayfa 1677 islendi (toplam islenen=16770 eklenen=0 update=16465 skip=305)
  sayfa 1678 islendi (toplam islenen=16780 eklenen=0 update=16475 skip=305)
  sayfa 1679 islendi (toplam islenen=16790 eklenen=0 update=16485 skip=305)
  sayfa 1680 islendi (toplam islenen=16800 eklenen=0 update=16495 skip=305)
  sayfa 1681 islendi (toplam islenen=16810 eklenen=0 update=16505 skip=305)
  sayfa 1682 islendi (toplam islenen=16820 eklenen=0 update=16515 skip=305)
  sayfa 1683 islendi (toplam islenen=16830 eklenen=0 update=16525 skip=305)
  sayfa 1684 islendi (toplam islenen=16840 eklenen=0 update=16535 skip=305)
  sayfa 1685 islendi (toplam islenen=16850 eklenen=0 update=16545 skip=305)
  sayfa 1686 islendi (toplam islenen=16860 eklenen=0 update=16555 skip=305)
  sayfa 1687 islendi (toplam islenen=16870 eklenen=0 update=16565 skip=305)
  sayfa 1688 islendi (toplam islenen=16880 eklenen=0 update=16575 skip=305)
  sayfa 1689 islendi (toplam islenen=16890 eklenen=0 update=16585 skip=305)
  sayfa 1690 islendi (toplam islenen=16900 eklenen=0 update=16595 skip=305)
  sayfa 1691 islendi (toplam islenen=16910 eklenen=0 update=16605 skip=305)
  sayfa 1692 islendi (toplam islenen=16920 eklenen=0 update=16615 skip=305)
  sayfa 1693 islendi (toplam islenen=16930 eklenen=0 update=16625 skip=305)
  sayfa 1694 islendi (toplam islenen=16940 eklenen=0 update=16635 skip=305)
  sayfa 1695 islendi (toplam islenen=16950 eklenen=0 update=16645 skip=305)
  sayfa 1696 islendi (toplam islenen=16960 eklenen=0 update=16655 skip=305)
  sayfa 1697 islendi (toplam islenen=16970 eklenen=0 update=16665 skip=305)
  sayfa 1698 islendi (toplam islenen=16980 eklenen=0 update=16675 skip=305)
  sayfa 1699 islendi (toplam islenen=16990 eklenen=0 update=16685 skip=305)
  sayfa 1700 islendi (toplam islenen=17000 eklenen=0 update=16695 skip=305)
  sayfa 1701 islendi (toplam islenen=17010 eklenen=0 update=16705 skip=305)
  sayfa 1702 islendi (toplam islenen=17020 eklenen=0 update=16715 skip=305)
  sayfa 1703 islendi (toplam islenen=17030 eklenen=0 update=16725 skip=305)
  sayfa 1704 islendi (toplam islenen=17040 eklenen=0 update=16735 skip=305)
  sayfa 1705 islendi (toplam islenen=17050 eklenen=0 update=16745 skip=305)
  sayfa 1706 islendi (toplam islenen=17060 eklenen=0 update=16755 skip=305)
  sayfa 1707 islendi (toplam islenen=17070 eklenen=0 update=16765 skip=305)
  sayfa 1708 islendi (toplam islenen=17080 eklenen=0 update=16775 skip=305)
  sayfa 1709 islendi (toplam islenen=17090 eklenen=0 update=16785 skip=305)
  sayfa 1710 islendi (toplam islenen=17100 eklenen=0 update=16795 skip=305)
  sayfa 1711 islendi (toplam islenen=17110 eklenen=0 update=16805 skip=305)
  sayfa 1712 islendi (toplam islenen=17120 eklenen=0 update=16815 skip=305)
  sayfa 1713 islendi (toplam islenen=17130 eklenen=0 update=16825 skip=305)
  sayfa 1714 islendi (toplam islenen=17140 eklenen=0 update=16835 skip=305)
  sayfa 1715 islendi (toplam islenen=17150 eklenen=0 update=16845 skip=305)
  sayfa 1716 islendi (toplam islenen=17160 eklenen=0 update=16855 skip=305)
  sayfa 1717 islendi (toplam islenen=17170 eklenen=0 update=16865 skip=305)
  sayfa 1718 islendi (toplam islenen=17180 eklenen=0 update=16875 skip=305)
  sayfa 1719 islendi (toplam islenen=17190 eklenen=0 update=16885 skip=305)
  sayfa 1720 islendi (toplam islenen=17200 eklenen=0 update=16895 skip=305)
  sayfa 1721 islendi (toplam islenen=17210 eklenen=0 update=16905 skip=305)
  sayfa 1722 islendi (toplam islenen=17220 eklenen=0 update=16915 skip=305)
  sayfa 1723 islendi (toplam islenen=17230 eklenen=0 update=16925 skip=305)
  sayfa 1724 islendi (toplam islenen=17240 eklenen=0 update=16935 skip=305)
  sayfa 1725 islendi (toplam islenen=17250 eklenen=0 update=16945 skip=305)
  sayfa 1726 islendi (toplam islenen=17260 eklenen=0 update=16955 skip=305)
  sayfa 1727 islendi (toplam islenen=17270 eklenen=0 update=16965 skip=305)
  sayfa 1728 islendi (toplam islenen=17280 eklenen=0 update=16975 skip=305)
  sayfa 1729 islendi (toplam islenen=17290 eklenen=0 update=16985 skip=305)
  sayfa 1730 islendi (toplam islenen=17300 eklenen=0 update=16995 skip=305)
  sayfa 1731 islendi (toplam islenen=17310 eklenen=0 update=17005 skip=305)
  sayfa 1732 islendi (toplam islenen=17320 eklenen=0 update=17015 skip=305)
  sayfa 1733 islendi (toplam islenen=17330 eklenen=0 update=17025 skip=305)
  sayfa 1734 islendi (toplam islenen=17340 eklenen=0 update=17035 skip=305)
  sayfa 1735 islendi (toplam islenen=17350 eklenen=0 update=17045 skip=305)
  sayfa 1736 islendi (toplam islenen=17360 eklenen=0 update=17055 skip=305)
  sayfa 1737 islendi (toplam islenen=17370 eklenen=0 update=17065 skip=305)
  sayfa 1738 islendi (toplam islenen=17380 eklenen=0 update=17075 skip=305)
  sayfa 1739 islendi (toplam islenen=17390 eklenen=0 update=17085 skip=305)
  sayfa 1740 islendi (toplam islenen=17400 eklenen=0 update=17095 skip=305)
  sayfa 1741 islendi (toplam islenen=17410 eklenen=0 update=17105 skip=305)
  sayfa 1742 islendi (toplam islenen=17420 eklenen=0 update=17115 skip=305)
  sayfa 1743 islendi (toplam islenen=17430 eklenen=0 update=17125 skip=305)
  sayfa 1744 islendi (toplam islenen=17440 eklenen=0 update=17135 skip=305)
  sayfa 1745 islendi (toplam islenen=17450 eklenen=0 update=17145 skip=305)
  sayfa 1746 islendi (toplam islenen=17460 eklenen=0 update=17155 skip=305)
  sayfa 1747 islendi (toplam islenen=17470 eklenen=0 update=17165 skip=305)
  sayfa 1748 islendi (toplam islenen=17480 eklenen=0 update=17175 skip=305)
  sayfa 1749 islendi (toplam islenen=17490 eklenen=0 update=17185 skip=305)
  sayfa 1750 islendi (toplam islenen=17500 eklenen=0 update=17195 skip=305)
  sayfa 1751 islendi (toplam islenen=17510 eklenen=0 update=17205 skip=305)
  sayfa 1752 islendi (toplam islenen=17520 eklenen=0 update=17215 skip=305)
  sayfa 1753 islendi (toplam islenen=17530 eklenen=0 update=17225 skip=305)
  sayfa 1754 islendi (toplam islenen=17540 eklenen=0 update=17235 skip=305)
  sayfa 1755 islendi (toplam islenen=17550 eklenen=0 update=17245 skip=305)
  sayfa 1756 islendi (toplam islenen=17560 eklenen=0 update=17255 skip=305)
  sayfa 1757 islendi (toplam islenen=17570 eklenen=0 update=17265 skip=305)
  sayfa 1758 islendi (toplam islenen=17580 eklenen=0 update=17275 skip=305)
  sayfa 1759 islendi (toplam islenen=17590 eklenen=0 update=17285 skip=305)
  sayfa 1760 islendi (toplam islenen=17600 eklenen=0 update=17295 skip=305)
  sayfa 1761 islendi (toplam islenen=17610 eklenen=0 update=17305 skip=305)
  sayfa 1762 islendi (toplam islenen=17620 eklenen=0 update=17315 skip=305)
  sayfa 1763 islendi (toplam islenen=17630 eklenen=0 update=17325 skip=305)
  sayfa 1764 islendi (toplam islenen=17640 eklenen=0 update=17335 skip=305)
  sayfa 1765 islendi (toplam islenen=17650 eklenen=0 update=17345 skip=305)
  sayfa 1766 islendi (toplam islenen=17660 eklenen=0 update=17355 skip=305)
  sayfa 1767 islendi (toplam islenen=17670 eklenen=0 update=17365 skip=305)
  sayfa 1768 islendi (toplam islenen=17680 eklenen=0 update=17375 skip=305)
  sayfa 1769 islendi (toplam islenen=17690 eklenen=0 update=17385 skip=305)
  sayfa 1770 islendi (toplam islenen=17700 eklenen=0 update=17395 skip=305)
  sayfa 1771 islendi (toplam islenen=17710 eklenen=0 update=17405 skip=305)
  sayfa 1772 islendi (toplam islenen=17720 eklenen=0 update=17415 skip=305)
  sayfa 1773 islendi (toplam islenen=17730 eklenen=0 update=17425 skip=305)
  sayfa 1774 islendi (toplam islenen=17740 eklenen=0 update=17435 skip=305)
  sayfa 1775 islendi (toplam islenen=17750 eklenen=0 update=17445 skip=305)
  sayfa 1776 islendi (toplam islenen=17760 eklenen=0 update=17455 skip=305)
  sayfa 1777 islendi (toplam islenen=17770 eklenen=0 update=17465 skip=305)
  sayfa 1778 islendi (toplam islenen=17780 eklenen=0 update=17475 skip=305)
  sayfa 1779 islendi (toplam islenen=17790 eklenen=0 update=17485 skip=305)
  sayfa 1780 islendi (toplam islenen=17800 eklenen=0 update=17495 skip=305)
  sayfa 1781 islendi (toplam islenen=17810 eklenen=0 update=17505 skip=305)
  sayfa 1782 islendi (toplam islenen=17820 eklenen=0 update=17515 skip=305)
  sayfa 1783 islendi (toplam islenen=17830 eklenen=0 update=17525 skip=305)
  sayfa 1784 islendi (toplam islenen=17840 eklenen=0 update=17535 skip=305)
  sayfa 1785 islendi (toplam islenen=17850 eklenen=0 update=17545 skip=305)
  sayfa 1786 islendi (toplam islenen=17860 eklenen=0 update=17555 skip=305)
  sayfa 1787 islendi (toplam islenen=17870 eklenen=0 update=17565 skip=305)
  sayfa 1788 islendi (toplam islenen=17880 eklenen=0 update=17575 skip=305)
  sayfa 1789 islendi (toplam islenen=17890 eklenen=0 update=17585 skip=305)
  sayfa 1790 islendi (toplam islenen=17900 eklenen=0 update=17595 skip=305)
  sayfa 1791 islendi (toplam islenen=17910 eklenen=0 update=17605 skip=305)
  sayfa 1792 islendi (toplam islenen=17920 eklenen=0 update=17615 skip=305)
  sayfa 1793 islendi (toplam islenen=17930 eklenen=0 update=17625 skip=305)
  sayfa 1794 islendi (toplam islenen=17940 eklenen=0 update=17635 skip=305)
  sayfa 1795 islendi (toplam islenen=17950 eklenen=0 update=17645 skip=305)
  sayfa 1796 islendi (toplam islenen=17960 eklenen=0 update=17655 skip=305)
  sayfa 1797 islendi (toplam islenen=17970 eklenen=0 update=17665 skip=305)
  sayfa 1798 islendi (toplam islenen=17980 eklenen=0 update=17675 skip=305)
  sayfa 1799 islendi (toplam islenen=17990 eklenen=0 update=17685 skip=305)
  sayfa 1800 islendi (toplam islenen=18000 eklenen=0 update=17695 skip=305)
  sayfa 1801 islendi (toplam islenen=18010 eklenen=0 update=17705 skip=305)
  sayfa 1802 islendi (toplam islenen=18020 eklenen=0 update=17715 skip=305)
  sayfa 1803 islendi (toplam islenen=18030 eklenen=0 update=17725 skip=305)
  sayfa 1804 islendi (toplam islenen=18040 eklenen=0 update=17735 skip=305)
  sayfa 1805 islendi (toplam islenen=18050 eklenen=0 update=17745 skip=305)
  sayfa 1806 islendi (toplam islenen=18060 eklenen=0 update=17755 skip=305)
  sayfa 1807 islendi (toplam islenen=18070 eklenen=0 update=17765 skip=305)
  sayfa 1808 islendi (toplam islenen=18080 eklenen=0 update=17775 skip=305)
  sayfa 1809 islendi (toplam islenen=18090 eklenen=0 update=17785 skip=305)
  sayfa 1810 islendi (toplam islenen=18100 eklenen=0 update=17795 skip=305)
  sayfa 1811 islendi (toplam islenen=18110 eklenen=0 update=17805 skip=305)
  sayfa 1812 islendi (toplam islenen=18120 eklenen=0 update=17815 skip=305)
  sayfa 1813 islendi (toplam islenen=18130 eklenen=0 update=17825 skip=305)
  sayfa 1814 islendi (toplam islenen=18140 eklenen=0 update=17835 skip=305)
  sayfa 1815 islendi (toplam islenen=18150 eklenen=0 update=17845 skip=305)
  sayfa 1816 islendi (toplam islenen=18160 eklenen=0 update=17855 skip=305)
  sayfa 1817 islendi (toplam islenen=18170 eklenen=0 update=17865 skip=305)
  sayfa 1818 islendi (toplam islenen=18180 eklenen=0 update=17875 skip=305)
  sayfa 1819 islendi (toplam islenen=18190 eklenen=0 update=17885 skip=305)
  sayfa 1820 islendi (toplam islenen=18200 eklenen=0 update=17895 skip=305)
  sayfa 1821 islendi (toplam islenen=18210 eklenen=0 update=17905 skip=305)
  sayfa 1822 islendi (toplam islenen=18220 eklenen=0 update=17915 skip=305)
  sayfa 1823 islendi (toplam islenen=18230 eklenen=0 update=17925 skip=305)
  sayfa 1824 islendi (toplam islenen=18240 eklenen=0 update=17935 skip=305)
  sayfa 1825 islendi (toplam islenen=18250 eklenen=0 update=17945 skip=305)
  sayfa 1826 islendi (toplam islenen=18260 eklenen=0 update=17955 skip=305)
  sayfa 1827 islendi (toplam islenen=18270 eklenen=0 update=17965 skip=305)
  sayfa 1828 islendi (toplam islenen=18280 eklenen=0 update=17975 skip=305)
  sayfa 1829 islendi (toplam islenen=18290 eklenen=0 update=17985 skip=305)
  sayfa 1830 islendi (toplam islenen=18300 eklenen=0 update=17995 skip=305)
  sayfa 1831 islendi (toplam islenen=18310 eklenen=0 update=18005 skip=305)
  sayfa 1832 islendi (toplam islenen=18320 eklenen=0 update=18015 skip=305)
  sayfa 1833 islendi (toplam islenen=18330 eklenen=0 update=18025 skip=305)
  sayfa 1834 islendi (toplam islenen=18340 eklenen=0 update=18035 skip=305)
  sayfa 1835 islendi (toplam islenen=18350 eklenen=0 update=18045 skip=305)
  sayfa 1836 islendi (toplam islenen=18360 eklenen=0 update=18055 skip=305)
  sayfa 1837 islendi (toplam islenen=18370 eklenen=0 update=18065 skip=305)
  sayfa 1838 islendi (toplam islenen=18380 eklenen=0 update=18075 skip=305)
  sayfa 1839 islendi (toplam islenen=18390 eklenen=0 update=18085 skip=305)
  sayfa 1840 islendi (toplam islenen=18400 eklenen=0 update=18095 skip=305)
  sayfa 1841 islendi (toplam islenen=18410 eklenen=0 update=18105 skip=305)
  sayfa 1842 islendi (toplam islenen=18420 eklenen=0 update=18115 skip=305)
  sayfa 1843 islendi (toplam islenen=18430 eklenen=0 update=18125 skip=305)
  sayfa 1844 islendi (toplam islenen=18440 eklenen=0 update=18135 skip=305)
  sayfa 1845 islendi (toplam islenen=18450 eklenen=0 update=18145 skip=305)
  sayfa 1846 islendi (toplam islenen=18460 eklenen=0 update=18155 skip=305)
  sayfa 1847 islendi (toplam islenen=18470 eklenen=0 update=18165 skip=305)
  sayfa 1848 islendi (toplam islenen=18480 eklenen=0 update=18175 skip=305)
  sayfa 1849 islendi (toplam islenen=18490 eklenen=0 update=18185 skip=305)
  sayfa 1850 islendi (toplam islenen=18500 eklenen=0 update=18195 skip=305)
  sayfa 1851 islendi (toplam islenen=18510 eklenen=0 update=18205 skip=305)
  sayfa 1852 islendi (toplam islenen=18520 eklenen=0 update=18215 skip=305)
  sayfa 1853 islendi (toplam islenen=18530 eklenen=0 update=18225 skip=305)
  sayfa 1854 islendi (toplam islenen=18540 eklenen=0 update=18235 skip=305)
  sayfa 1855 islendi (toplam islenen=18550 eklenen=0 update=18245 skip=305)
  sayfa 1856 islendi (toplam islenen=18560 eklenen=0 update=18255 skip=305)
  sayfa 1857 islendi (toplam islenen=18570 eklenen=0 update=18265 skip=305)
  sayfa 1858 islendi (toplam islenen=18580 eklenen=0 update=18275 skip=305)
  sayfa 1859 islendi (toplam islenen=18590 eklenen=0 update=18285 skip=305)
  sayfa 1860 islendi (toplam islenen=18600 eklenen=0 update=18295 skip=305)
  sayfa 1861 islendi (toplam islenen=18610 eklenen=0 update=18305 skip=305)
  sayfa 1862 islendi (toplam islenen=18620 eklenen=0 update=18315 skip=305)
  sayfa 1863 islendi (toplam islenen=18630 eklenen=0 update=18325 skip=305)
  sayfa 1864 islendi (toplam islenen=18640 eklenen=0 update=18335 skip=305)
  sayfa 1865 islendi (toplam islenen=18650 eklenen=0 update=18345 skip=305)
  sayfa 1866 islendi (toplam islenen=18660 eklenen=0 update=18355 skip=305)
  sayfa 1867 islendi (toplam islenen=18670 eklenen=0 update=18365 skip=305)
  sayfa 1868 islendi (toplam islenen=18680 eklenen=0 update=18375 skip=305)
  sayfa 1869 islendi (toplam islenen=18690 eklenen=0 update=18385 skip=305)
  sayfa 1870 islendi (toplam islenen=18700 eklenen=0 update=18395 skip=305)
  sayfa 1871 islendi (toplam islenen=18710 eklenen=0 update=18405 skip=305)
  sayfa 1872 islendi (toplam islenen=18720 eklenen=0 update=18415 skip=305)
  sayfa 1873 islendi (toplam islenen=18730 eklenen=0 update=18425 skip=305)
  sayfa 1874 islendi (toplam islenen=18740 eklenen=0 update=18435 skip=305)
  sayfa 1875 islendi (toplam islenen=18750 eklenen=0 update=18445 skip=305)
  sayfa 1876 islendi (toplam islenen=18760 eklenen=0 update=18455 skip=305)
  sayfa 1877 islendi (toplam islenen=18770 eklenen=0 update=18465 skip=305)
  sayfa 1878 islendi (toplam islenen=18780 eklenen=0 update=18475 skip=305)
  sayfa 1879 islendi (toplam islenen=18790 eklenen=0 update=18485 skip=305)
  sayfa 1880 islendi (toplam islenen=18800 eklenen=0 update=18495 skip=305)
  sayfa 1881 islendi (toplam islenen=18810 eklenen=0 update=18505 skip=305)
  sayfa 1882 islendi (toplam islenen=18820 eklenen=0 update=18515 skip=305)
  sayfa 1883 islendi (toplam islenen=18830 eklenen=0 update=18525 skip=305)
  sayfa 1884 islendi (toplam islenen=18840 eklenen=0 update=18535 skip=305)
  sayfa 1885 islendi (toplam islenen=18850 eklenen=0 update=18545 skip=305)
  sayfa 1886 islendi (toplam islenen=18860 eklenen=0 update=18555 skip=305)
  sayfa 1887 islendi (toplam islenen=18870 eklenen=0 update=18565 skip=305)
  sayfa 1888 islendi (toplam islenen=18880 eklenen=0 update=18575 skip=305)
  sayfa 1889 islendi (toplam islenen=18890 eklenen=0 update=18585 skip=305)
  sayfa 1890 islendi (toplam islenen=18900 eklenen=0 update=18595 skip=305)
  sayfa 1891 islendi (toplam islenen=18910 eklenen=0 update=18605 skip=305)
  sayfa 1892 islendi (toplam islenen=18920 eklenen=0 update=18615 skip=305)
  sayfa 1893 islendi (toplam islenen=18930 eklenen=0 update=18625 skip=305)
  sayfa 1894 islendi (toplam islenen=18940 eklenen=0 update=18635 skip=305)
  sayfa 1895 islendi (toplam islenen=18950 eklenen=0 update=18645 skip=305)
  sayfa 1896 islendi (toplam islenen=18960 eklenen=0 update=18655 skip=305)
  sayfa 1897 islendi (toplam islenen=18970 eklenen=0 update=18665 skip=305)
  sayfa 1898 islendi (toplam islenen=18980 eklenen=0 update=18675 skip=305)
  sayfa 1899 islendi (toplam islenen=18990 eklenen=0 update=18685 skip=305)
  sayfa 1900 islendi (toplam islenen=19000 eklenen=0 update=18695 skip=305)
  sayfa 1901 islendi (toplam islenen=19010 eklenen=0 update=18705 skip=305)
  sayfa 1902 islendi (toplam islenen=19020 eklenen=0 update=18715 skip=305)
  sayfa 1903 islendi (toplam islenen=19030 eklenen=0 update=18725 skip=305)
  sayfa 1904 islendi (toplam islenen=19040 eklenen=0 update=18735 skip=305)
  sayfa 1905 islendi (toplam islenen=19050 eklenen=0 update=18745 skip=305)
  sayfa 1906 islendi (toplam islenen=19060 eklenen=0 update=18755 skip=305)
  sayfa 1907 islendi (toplam islenen=19070 eklenen=0 update=18765 skip=305)
  sayfa 1908 islendi (toplam islenen=19080 eklenen=0 update=18775 skip=305)
  sayfa 1909 islendi (toplam islenen=19090 eklenen=0 update=18785 skip=305)
  sayfa 1910 islendi (toplam islenen=19100 eklenen=0 update=18795 skip=305)
  sayfa 1911 islendi (toplam islenen=19110 eklenen=0 update=18805 skip=305)
  sayfa 1912 islendi (toplam islenen=19120 eklenen=0 update=18815 skip=305)
  sayfa 1913 islendi (toplam islenen=19130 eklenen=0 update=18825 skip=305)
  sayfa 1914 islendi (toplam islenen=19140 eklenen=0 update=18835 skip=305)
  sayfa 1915 islendi (toplam islenen=19150 eklenen=0 update=18845 skip=305)
  sayfa 1916 islendi (toplam islenen=19160 eklenen=0 update=18855 skip=305)
  sayfa 1917 islendi (toplam islenen=19170 eklenen=0 update=18865 skip=305)
  sayfa 1918 islendi (toplam islenen=19180 eklenen=0 update=18875 skip=305)
  sayfa 1919 islendi (toplam islenen=19190 eklenen=0 update=18885 skip=305)
  sayfa 1920 islendi (toplam islenen=19200 eklenen=0 update=18895 skip=305)
  sayfa 1921 islendi (toplam islenen=19210 eklenen=0 update=18905 skip=305)
  sayfa 1922 islendi (toplam islenen=19220 eklenen=0 update=18915 skip=305)
  sayfa 1923 islendi (toplam islenen=19230 eklenen=0 update=18925 skip=305)
  sayfa 1924 islendi (toplam islenen=19240 eklenen=0 update=18935 skip=305)
  sayfa 1925 islendi (toplam islenen=19250 eklenen=0 update=18945 skip=305)
  sayfa 1926 islendi (toplam islenen=19260 eklenen=0 update=18955 skip=305)
  sayfa 1927 islendi (toplam islenen=19270 eklenen=0 update=18965 skip=305)
  sayfa 1928 islendi (toplam islenen=19280 eklenen=0 update=18975 skip=305)
  sayfa 1929 islendi (toplam islenen=19290 eklenen=0 update=18985 skip=305)
  sayfa 1930 islendi (toplam islenen=19300 eklenen=0 update=18995 skip=305)
  sayfa 1931 islendi (toplam islenen=19310 eklenen=0 update=19005 skip=305)
  sayfa 1932 islendi (toplam islenen=19320 eklenen=0 update=19015 skip=305)
  sayfa 1933 islendi (toplam islenen=19330 eklenen=0 update=19025 skip=305)
  sayfa 1934 islendi (toplam islenen=19340 eklenen=0 update=19035 skip=305)
  sayfa 1935 islendi (toplam islenen=19350 eklenen=0 update=19045 skip=305)
  sayfa 1936 islendi (toplam islenen=19360 eklenen=0 update=19055 skip=305)
  sayfa 1937 islendi (toplam islenen=19370 eklenen=0 update=19065 skip=305)
  sayfa 1938 islendi (toplam islenen=19380 eklenen=0 update=19075 skip=305)
  sayfa 1939 islendi (toplam islenen=19390 eklenen=0 update=19085 skip=305)
  sayfa 1940 islendi (toplam islenen=19400 eklenen=0 update=19095 skip=305)
  sayfa 1941 islendi (toplam islenen=19410 eklenen=0 update=19105 skip=305)
  sayfa 1942 islendi (toplam islenen=19420 eklenen=0 update=19115 skip=305)
  sayfa 1943 islendi (toplam islenen=19430 eklenen=0 update=19125 skip=305)
  sayfa 1944 islendi (toplam islenen=19440 eklenen=0 update=19135 skip=305)
  sayfa 1945 islendi (toplam islenen=19450 eklenen=0 update=19145 skip=305)
  sayfa 1946 islendi (toplam islenen=19460 eklenen=0 update=19155 skip=305)
  sayfa 1947 islendi (toplam islenen=19470 eklenen=0 update=19165 skip=305)
  sayfa 1948 islendi (toplam islenen=19480 eklenen=0 update=19175 skip=305)
  sayfa 1949 islendi (toplam islenen=19490 eklenen=0 update=19185 skip=305)
  sayfa 1950 islendi (toplam islenen=19500 eklenen=0 update=19195 skip=305)
  sayfa 1951 islendi (toplam islenen=19510 eklenen=0 update=19205 skip=305)
  sayfa 1952 islendi (toplam islenen=19520 eklenen=0 update=19215 skip=305)
  sayfa 1953 islendi (toplam islenen=19530 eklenen=0 update=19225 skip=305)
  sayfa 1954 islendi (toplam islenen=19540 eklenen=0 update=19235 skip=305)
  sayfa 1955 islendi (toplam islenen=19550 eklenen=0 update=19245 skip=305)
  sayfa 1956 islendi (toplam islenen=19560 eklenen=0 update=19255 skip=305)
  sayfa 1957 islendi (toplam islenen=19570 eklenen=0 update=19265 skip=305)
  sayfa 1958 islendi (toplam islenen=19580 eklenen=0 update=19275 skip=305)
  sayfa 1959 islendi (toplam islenen=19590 eklenen=0 update=19285 skip=305)
  sayfa 1960 islendi (toplam islenen=19600 eklenen=0 update=19295 skip=305)
  sayfa 1961 islendi (toplam islenen=19610 eklenen=0 update=19305 skip=305)
  sayfa 1962 islendi (toplam islenen=19620 eklenen=0 update=19315 skip=305)
  sayfa 1963 islendi (toplam islenen=19630 eklenen=0 update=19325 skip=305)
  sayfa 1964 islendi (toplam islenen=19640 eklenen=0 update=19335 skip=305)
  sayfa 1965 islendi (toplam islenen=19650 eklenen=0 update=19345 skip=305)
  sayfa 1966 islendi (toplam islenen=19660 eklenen=0 update=19355 skip=305)
  sayfa 1967 islendi (toplam islenen=19670 eklenen=0 update=19365 skip=305)
  sayfa 1968 islendi (toplam islenen=19680 eklenen=0 update=19375 skip=305)
  sayfa 1969 islendi (toplam islenen=19690 eklenen=0 update=19385 skip=305)
  sayfa 1970 islendi (toplam islenen=19700 eklenen=0 update=19395 skip=305)
  sayfa 1971 islendi (toplam islenen=19710 eklenen=0 update=19405 skip=305)
  sayfa 1972 islendi (toplam islenen=19720 eklenen=0 update=19415 skip=305)
  sayfa 1973 islendi (toplam islenen=19730 eklenen=0 update=19425 skip=305)
  sayfa 1974 islendi (toplam islenen=19740 eklenen=0 update=19435 skip=305)
  sayfa 1975 islendi (toplam islenen=19750 eklenen=0 update=19445 skip=305)
  sayfa 1976 islendi (toplam islenen=19760 eklenen=0 update=19455 skip=305)
  sayfa 1977 islendi (toplam islenen=19770 eklenen=0 update=19465 skip=305)
  sayfa 1978 islendi (toplam islenen=19780 eklenen=0 update=19475 skip=305)
  sayfa 1979 islendi (toplam islenen=19790 eklenen=0 update=19485 skip=305)
  sayfa 1980 islendi (toplam islenen=19800 eklenen=0 update=19495 skip=305)
  sayfa 1981 islendi (toplam islenen=19810 eklenen=0 update=19505 skip=305)
  sayfa 1982 islendi (toplam islenen=19820 eklenen=0 update=19515 skip=305)
  sayfa 1983 islendi (toplam islenen=19830 eklenen=0 update=19525 skip=305)
  sayfa 1984 islendi (toplam islenen=19840 eklenen=0 update=19535 skip=305)
  sayfa 1985 islendi (toplam islenen=19850 eklenen=0 update=19545 skip=305)
  sayfa 1986 islendi (toplam islenen=19860 eklenen=0 update=19555 skip=305)
  sayfa 1987 islendi (toplam islenen=19870 eklenen=0 update=19565 skip=305)
  sayfa 1988 islendi (toplam islenen=19880 eklenen=0 update=19575 skip=305)
  sayfa 1989 islendi (toplam islenen=19890 eklenen=0 update=19585 skip=305)
  sayfa 1990 islendi (toplam islenen=19900 eklenen=0 update=19595 skip=305)
  sayfa 1991 islendi (toplam islenen=19910 eklenen=0 update=19605 skip=305)
  sayfa 1992 islendi (toplam islenen=19920 eklenen=0 update=19615 skip=305)
  sayfa 1993 islendi (toplam islenen=19930 eklenen=0 update=19625 skip=305)
  sayfa 1994 islendi (toplam islenen=19940 eklenen=0 update=19635 skip=305)
  sayfa 1995 islendi (toplam islenen=19950 eklenen=0 update=19645 skip=305)
  sayfa 1996 islendi (toplam islenen=19960 eklenen=0 update=19655 skip=305)
  sayfa 1997 islendi (toplam islenen=19970 eklenen=0 update=19665 skip=305)
  sayfa 1998 islendi (toplam islenen=19980 eklenen=0 update=19675 skip=305)
  sayfa 1999 islendi (toplam islenen=19990 eklenen=0 update=19685 skip=305)
  sayfa 2000 islendi (toplam islenen=20000 eklenen=0 update=19695 skip=305)
  sayfa 2001 islendi (toplam islenen=20010 eklenen=0 update=19705 skip=305)
  sayfa 2002 islendi (toplam islenen=20020 eklenen=0 update=19715 skip=305)
  sayfa 2003 islendi (toplam islenen=20030 eklenen=0 update=19725 skip=305)
  sayfa 2004 islendi (toplam islenen=20040 eklenen=0 update=19735 skip=305)
  sayfa 2005 islendi (toplam islenen=20050 eklenen=0 update=19745 skip=305)
  sayfa 2006 islendi (toplam islenen=20060 eklenen=0 update=19755 skip=305)
  sayfa 2007 islendi (toplam islenen=20070 eklenen=0 update=19765 skip=305)
  sayfa 2008 islendi (toplam islenen=20080 eklenen=0 update=19775 skip=305)
  sayfa 2009 islendi (toplam islenen=20090 eklenen=0 update=19785 skip=305)
  sayfa 2010 islendi (toplam islenen=20100 eklenen=0 update=19795 skip=305)
  sayfa 2011 islendi (toplam islenen=20110 eklenen=0 update=19805 skip=305)
  sayfa 2012 islendi (toplam islenen=20120 eklenen=0 update=19815 skip=305)
  sayfa 2013 islendi (toplam islenen=20130 eklenen=0 update=19825 skip=305)
  sayfa 2014 islendi (toplam islenen=20140 eklenen=0 update=19835 skip=305)
  sayfa 2015 islendi (toplam islenen=20150 eklenen=0 update=19845 skip=305)
  sayfa 2016 islendi (toplam islenen=20160 eklenen=0 update=19855 skip=305)
  sayfa 2017 islendi (toplam islenen=20170 eklenen=0 update=19865 skip=305)
  sayfa 2018 islendi (toplam islenen=20180 eklenen=0 update=19875 skip=305)
  sayfa 2019 islendi (toplam islenen=20190 eklenen=0 update=19885 skip=305)
  sayfa 2020 islendi (toplam islenen=20200 eklenen=0 update=19895 skip=305)
  sayfa 2021 islendi (toplam islenen=20210 eklenen=0 update=19905 skip=305)
  sayfa 2022 islendi (toplam islenen=20220 eklenen=0 update=19915 skip=305)
  sayfa 2023 islendi (toplam islenen=20230 eklenen=0 update=19925 skip=305)
  sayfa 2024 islendi (toplam islenen=20240 eklenen=0 update=19935 skip=305)
  sayfa 2025 islendi (toplam islenen=20250 eklenen=0 update=19945 skip=305)
  sayfa 2026 islendi (toplam islenen=20260 eklenen=0 update=19955 skip=305)
  sayfa 2027 islendi (toplam islenen=20270 eklenen=0 update=19965 skip=305)
  sayfa 2028 islendi (toplam islenen=20280 eklenen=0 update=19975 skip=305)
  sayfa 2029 islendi (toplam islenen=20290 eklenen=0 update=19985 skip=305)
  sayfa 2030 islendi (toplam islenen=20300 eklenen=0 update=19995 skip=305)
  sayfa 2031 islendi (toplam islenen=20310 eklenen=0 update=20005 skip=305)
  sayfa 2032 islendi (toplam islenen=20320 eklenen=0 update=20015 skip=305)
  sayfa 2033 islendi (toplam islenen=20330 eklenen=0 update=20025 skip=305)
  sayfa 2034 islendi (toplam islenen=20340 eklenen=0 update=20035 skip=305)
  sayfa 2035 islendi (toplam islenen=20350 eklenen=0 update=20045 skip=305)
  sayfa 2036 islendi (toplam islenen=20360 eklenen=0 update=20055 skip=305)
  sayfa 2037 islendi (toplam islenen=20370 eklenen=0 update=20065 skip=305)
  sayfa 2038 islendi (toplam islenen=20380 eklenen=0 update=20075 skip=305)
  sayfa 2039 islendi (toplam islenen=20390 eklenen=0 update=20085 skip=305)
  sayfa 2040 islendi (toplam islenen=20400 eklenen=0 update=20095 skip=305)
  sayfa 2041 islendi (toplam islenen=20410 eklenen=0 update=20105 skip=305)
  sayfa 2042 islendi (toplam islenen=20420 eklenen=0 update=20115 skip=305)
  sayfa 2043 islendi (toplam islenen=20430 eklenen=0 update=20125 skip=305)
  sayfa 2044 islendi (toplam islenen=20440 eklenen=0 update=20135 skip=305)
  sayfa 2045 islendi (toplam islenen=20450 eklenen=0 update=20145 skip=305)
  sayfa 2046 islendi (toplam islenen=20460 eklenen=0 update=20155 skip=305)
  sayfa 2047 islendi (toplam islenen=20470 eklenen=0 update=20165 skip=305)
  sayfa 2048 islendi (toplam islenen=20480 eklenen=0 update=20175 skip=305)
  sayfa 2049 islendi (toplam islenen=20490 eklenen=0 update=20185 skip=305)
  sayfa 2050 islendi (toplam islenen=20500 eklenen=0 update=20195 skip=305)
  sayfa 2051 islendi (toplam islenen=20510 eklenen=0 update=20205 skip=305)
  sayfa 2052 islendi (toplam islenen=20520 eklenen=0 update=20215 skip=305)
  sayfa 2053 islendi (toplam islenen=20530 eklenen=0 update=20225 skip=305)
  sayfa 2054 islendi (toplam islenen=20540 eklenen=0 update=20235 skip=305)
  sayfa 2055 islendi (toplam islenen=20550 eklenen=0 update=20245 skip=305)
  sayfa 2056 islendi (toplam islenen=20560 eklenen=0 update=20255 skip=305)
  sayfa 2057 islendi (toplam islenen=20570 eklenen=0 update=20265 skip=305)
  sayfa 2058 islendi (toplam islenen=20580 eklenen=0 update=20275 skip=305)
  sayfa 2059 islendi (toplam islenen=20590 eklenen=0 update=20285 skip=305)
  sayfa 2060 islendi (toplam islenen=20600 eklenen=0 update=20295 skip=305)
  sayfa 2061 islendi (toplam islenen=20610 eklenen=0 update=20305 skip=305)
  sayfa 2062 islendi (toplam islenen=20620 eklenen=0 update=20315 skip=305)
  sayfa 2063 islendi (toplam islenen=20630 eklenen=0 update=20325 skip=305)
  sayfa 2064 islendi (toplam islenen=20640 eklenen=0 update=20335 skip=305)
  sayfa 2065 islendi (toplam islenen=20650 eklenen=0 update=20345 skip=305)
  sayfa 2066 islendi (toplam islenen=20660 eklenen=0 update=20355 skip=305)
  sayfa 2067 islendi (toplam islenen=20670 eklenen=0 update=20365 skip=305)
  sayfa 2068 islendi (toplam islenen=20680 eklenen=0 update=20375 skip=305)
  sayfa 2069 islendi (toplam islenen=20690 eklenen=0 update=20385 skip=305)
  sayfa 2070 islendi (toplam islenen=20700 eklenen=0 update=20395 skip=305)
  sayfa 2071 islendi (toplam islenen=20710 eklenen=0 update=20405 skip=305)
  sayfa 2072 islendi (toplam islenen=20720 eklenen=0 update=20415 skip=305)
  sayfa 2073 islendi (toplam islenen=20730 eklenen=0 update=20425 skip=305)
  sayfa 2074 islendi (toplam islenen=20740 eklenen=0 update=20435 skip=305)
  sayfa 2075 islendi (toplam islenen=20750 eklenen=0 update=20445 skip=305)
  sayfa 2076 islendi (toplam islenen=20760 eklenen=0 update=20455 skip=305)
  sayfa 2077 islendi (toplam islenen=20770 eklenen=0 update=20465 skip=305)
  sayfa 2078 islendi (toplam islenen=20780 eklenen=0 update=20475 skip=305)
  sayfa 2079 islendi (toplam islenen=20790 eklenen=0 update=20485 skip=305)
  sayfa 2080 islendi (toplam islenen=20800 eklenen=0 update=20495 skip=305)
  sayfa 2081 islendi (toplam islenen=20810 eklenen=0 update=20505 skip=305)
  sayfa 2082 islendi (toplam islenen=20820 eklenen=0 update=20515 skip=305)
  sayfa 2083 islendi (toplam islenen=20830 eklenen=0 update=20525 skip=305)
  sayfa 2084 islendi (toplam islenen=20840 eklenen=0 update=20535 skip=305)
  sayfa 2085 islendi (toplam islenen=20850 eklenen=0 update=20545 skip=305)
  sayfa 2086 islendi (toplam islenen=20860 eklenen=0 update=20555 skip=305)
  sayfa 2087 islendi (toplam islenen=20870 eklenen=0 update=20565 skip=305)
  sayfa 2088 islendi (toplam islenen=20880 eklenen=0 update=20575 skip=305)
  sayfa 2089 islendi (toplam islenen=20890 eklenen=0 update=20585 skip=305)
  sayfa 2090 islendi (toplam islenen=20900 eklenen=0 update=20595 skip=305)
  sayfa 2091 islendi (toplam islenen=20910 eklenen=0 update=20605 skip=305)
  sayfa 2092 islendi (toplam islenen=20920 eklenen=0 update=20615 skip=305)
  sayfa 2093 islendi (toplam islenen=20930 eklenen=0 update=20625 skip=305)
  sayfa 2094 islendi (toplam islenen=20940 eklenen=0 update=20635 skip=305)
  sayfa 2095 islendi (toplam islenen=20950 eklenen=0 update=20645 skip=305)
  sayfa 2096 islendi (toplam islenen=20960 eklenen=0 update=20655 skip=305)
  sayfa 2097 islendi (toplam islenen=20970 eklenen=0 update=20665 skip=305)
  sayfa 2098 islendi (toplam islenen=20980 eklenen=0 update=20675 skip=305)
  sayfa 2099 islendi (toplam islenen=20990 eklenen=0 update=20685 skip=305)
  sayfa 2100 islendi (toplam islenen=21000 eklenen=0 update=20695 skip=305)
  sayfa 2101 islendi (toplam islenen=21010 eklenen=0 update=20705 skip=305)
  sayfa 2102 islendi (toplam islenen=21020 eklenen=0 update=20715 skip=305)
  sayfa 2103 islendi (toplam islenen=21030 eklenen=0 update=20725 skip=305)
  sayfa 2104 islendi (toplam islenen=21040 eklenen=0 update=20735 skip=305)
  sayfa 2105 islendi (toplam islenen=21050 eklenen=0 update=20745 skip=305)
  sayfa 2106 islendi (toplam islenen=21060 eklenen=0 update=20755 skip=305)
  sayfa 2107 islendi (toplam islenen=21070 eklenen=0 update=20765 skip=305)
  sayfa 2108 islendi (toplam islenen=21080 eklenen=0 update=20775 skip=305)
  sayfa 2109 islendi (toplam islenen=21090 eklenen=0 update=20785 skip=305)
  sayfa 2110 islendi (toplam islenen=21100 eklenen=0 update=20795 skip=305)
  sayfa 2111 islendi (toplam islenen=21110 eklenen=0 update=20805 skip=305)
  sayfa 2112 islendi (toplam islenen=21120 eklenen=0 update=20815 skip=305)
  sayfa 2113 islendi (toplam islenen=21130 eklenen=0 update=20825 skip=305)
  sayfa 2114 islendi (toplam islenen=21140 eklenen=0 update=20835 skip=305)
  sayfa 2115 islendi (toplam islenen=21150 eklenen=0 update=20845 skip=305)
  sayfa 2116 islendi (toplam islenen=21160 eklenen=0 update=20855 skip=305)
  sayfa 2117 islendi (toplam islenen=21170 eklenen=0 update=20865 skip=305)
  sayfa 2118 islendi (toplam islenen=21180 eklenen=0 update=20875 skip=305)
  sayfa 2119 islendi (toplam islenen=21190 eklenen=0 update=20885 skip=305)
  sayfa 2120 islendi (toplam islenen=21200 eklenen=0 update=20895 skip=305)
  sayfa 2121 islendi (toplam islenen=21210 eklenen=0 update=20905 skip=305)
  sayfa 2122 islendi (toplam islenen=21220 eklenen=0 update=20915 skip=305)
  sayfa 2123 islendi (toplam islenen=21230 eklenen=0 update=20925 skip=305)
  sayfa 2124 islendi (toplam islenen=21240 eklenen=0 update=20935 skip=305)
  sayfa 2125 islendi (toplam islenen=21250 eklenen=0 update=20945 skip=305)
  sayfa 2126 islendi (toplam islenen=21260 eklenen=0 update=20955 skip=305)
  sayfa 2127 islendi (toplam islenen=21270 eklenen=0 update=20965 skip=305)
  sayfa 2128 islendi (toplam islenen=21280 eklenen=0 update=20975 skip=305)
  sayfa 2129 islendi (toplam islenen=21290 eklenen=0 update=20985 skip=305)
  sayfa 2130 islendi (toplam islenen=21300 eklenen=0 update=20995 skip=305)
  sayfa 2131 islendi (toplam islenen=21310 eklenen=0 update=21005 skip=305)
  sayfa 2132 islendi (toplam islenen=21320 eklenen=0 update=21015 skip=305)
  sayfa 2133 islendi (toplam islenen=21330 eklenen=0 update=21025 skip=305)
  sayfa 2134 islendi (toplam islenen=21340 eklenen=0 update=21035 skip=305)
  sayfa 2135 islendi (toplam islenen=21350 eklenen=0 update=21045 skip=305)
  sayfa 2136 islendi (toplam islenen=21360 eklenen=0 update=21055 skip=305)
  sayfa 2137 islendi (toplam islenen=21370 eklenen=0 update=21065 skip=305)
  sayfa 2138 islendi (toplam islenen=21380 eklenen=0 update=21075 skip=305)
  sayfa 2139 islendi (toplam islenen=21390 eklenen=0 update=21085 skip=305)
  sayfa 2140 islendi (toplam islenen=21400 eklenen=0 update=21095 skip=305)
  sayfa 2141 islendi (toplam islenen=21410 eklenen=0 update=21105 skip=305)
  sayfa 2142 islendi (toplam islenen=21420 eklenen=0 update=21115 skip=305)
  sayfa 2143 islendi (toplam islenen=21430 eklenen=0 update=21125 skip=305)
  sayfa 2144 islendi (toplam islenen=21440 eklenen=0 update=21135 skip=305)
  sayfa 2145 islendi (toplam islenen=21450 eklenen=0 update=21145 skip=305)
  sayfa 2146 islendi (toplam islenen=21460 eklenen=0 update=21155 skip=305)
  sayfa 2147 islendi (toplam islenen=21470 eklenen=0 update=21165 skip=305)
  sayfa 2148 islendi (toplam islenen=21480 eklenen=0 update=21175 skip=305)
  sayfa 2149 islendi (toplam islenen=21490 eklenen=0 update=21185 skip=305)
  sayfa 2150 islendi (toplam islenen=21500 eklenen=0 update=21195 skip=305)
  sayfa 2151 islendi (toplam islenen=21510 eklenen=0 update=21205 skip=305)
  sayfa 2152 islendi (toplam islenen=21520 eklenen=0 update=21215 skip=305)
  sayfa 2153 islendi (toplam islenen=21530 eklenen=0 update=21225 skip=305)
  sayfa 2154 islendi (toplam islenen=21540 eklenen=0 update=21235 skip=305)
  sayfa 2155 islendi (toplam islenen=21550 eklenen=0 update=21245 skip=305)
  sayfa 2156 islendi (toplam islenen=21560 eklenen=0 update=21255 skip=305)
  sayfa 2157 islendi (toplam islenen=21570 eklenen=0 update=21265 skip=305)
  sayfa 2158 islendi (toplam islenen=21580 eklenen=0 update=21275 skip=305)
  sayfa 2159 islendi (toplam islenen=21590 eklenen=0 update=21285 skip=305)
  sayfa 2160 islendi (toplam islenen=21600 eklenen=0 update=21295 skip=305)
  sayfa 2161 islendi (toplam islenen=21610 eklenen=0 update=21305 skip=305)
  sayfa 2162 islendi (toplam islenen=21620 eklenen=0 update=21315 skip=305)
  sayfa 2163 islendi (toplam islenen=21630 eklenen=0 update=21325 skip=305)
  sayfa 2164 islendi (toplam islenen=21640 eklenen=0 update=21335 skip=305)
  sayfa 2165 islendi (toplam islenen=21650 eklenen=0 update=21345 skip=305)
  sayfa 2166 islendi (toplam islenen=21660 eklenen=0 update=21355 skip=305)
  sayfa 2167 islendi (toplam islenen=21670 eklenen=0 update=21365 skip=305)
  sayfa 2168 islendi (toplam islenen=21680 eklenen=0 update=21375 skip=305)
  sayfa 2169 islendi (toplam islenen=21690 eklenen=0 update=21385 skip=305)
  sayfa 2170 islendi (toplam islenen=21700 eklenen=0 update=21395 skip=305)
  sayfa 2171 islendi (toplam islenen=21710 eklenen=0 update=21405 skip=305)
  sayfa 2172 islendi (toplam islenen=21720 eklenen=0 update=21415 skip=305)
  sayfa 2173 islendi (toplam islenen=21730 eklenen=0 update=21425 skip=305)
  sayfa 2174 islendi (toplam islenen=21740 eklenen=0 update=21435 skip=305)
  sayfa 2175 islendi (toplam islenen=21750 eklenen=0 update=21445 skip=305)
  sayfa 2176 islendi (toplam islenen=21760 eklenen=0 update=21455 skip=305)
  sayfa 2177 islendi (toplam islenen=21770 eklenen=0 update=21465 skip=305)
  sayfa 2178 islendi (toplam islenen=21780 eklenen=0 update=21475 skip=305)
  sayfa 2179 islendi (toplam islenen=21790 eklenen=0 update=21485 skip=305)
  sayfa 2180 islendi (toplam islenen=21800 eklenen=0 update=21495 skip=305)
  sayfa 2181 islendi (toplam islenen=21810 eklenen=0 update=21505 skip=305)
  sayfa 2182 islendi (toplam islenen=21820 eklenen=0 update=21515 skip=305)
  sayfa 2183 islendi (toplam islenen=21830 eklenen=0 update=21525 skip=305)
  sayfa 2184 islendi (toplam islenen=21840 eklenen=0 update=21535 skip=305)
  sayfa 2185 islendi (toplam islenen=21850 eklenen=0 update=21545 skip=305)
  sayfa 2186 islendi (toplam islenen=21860 eklenen=0 update=21555 skip=305)
  sayfa 2187 islendi (toplam islenen=21870 eklenen=0 update=21564 skip=306)
  sayfa 2188 islendi (toplam islenen=21880 eklenen=0 update=21574 skip=306)
  sayfa 2189 islendi (toplam islenen=21890 eklenen=0 update=21584 skip=306)
  sayfa 2190 islendi (toplam islenen=21900 eklenen=0 update=21594 skip=306)
  sayfa 2191 islendi (toplam islenen=21910 eklenen=0 update=21604 skip=306)
  sayfa 2192 islendi (toplam islenen=21920 eklenen=0 update=21614 skip=306)
  sayfa 2193 islendi (toplam islenen=21930 eklenen=0 update=21624 skip=306)
  sayfa 2194 islendi (toplam islenen=21940 eklenen=0 update=21634 skip=306)
  sayfa 2195 islendi (toplam islenen=21950 eklenen=0 update=21644 skip=306)
  sayfa 2196 islendi (toplam islenen=21960 eklenen=0 update=21654 skip=306)
  sayfa 2197 islendi (toplam islenen=21970 eklenen=0 update=21664 skip=306)
  sayfa 2198 islendi (toplam islenen=21980 eklenen=0 update=21674 skip=306)
  sayfa 2199 islendi (toplam islenen=21990 eklenen=0 update=21684 skip=306)
  sayfa 2200 islendi (toplam islenen=22000 eklenen=0 update=21694 skip=306)
  sayfa 2201 islendi (toplam islenen=22010 eklenen=0 update=21704 skip=306)
  sayfa 2202 islendi (toplam islenen=22020 eklenen=0 update=21714 skip=306)
  sayfa 2203 islendi (toplam islenen=22030 eklenen=0 update=21724 skip=306)
  sayfa 2204 islendi (toplam islenen=22040 eklenen=0 update=21734 skip=306)
  sayfa 2205 islendi (toplam islenen=22050 eklenen=0 update=21744 skip=306)
  sayfa 2206 islendi (toplam islenen=22060 eklenen=0 update=21754 skip=306)
  sayfa 2207 islendi (toplam islenen=22070 eklenen=0 update=21764 skip=306)
  sayfa 2208 islendi (toplam islenen=22080 eklenen=0 update=21774 skip=306)
  sayfa 2209 islendi (toplam islenen=22090 eklenen=0 update=21784 skip=306)
  sayfa 2210 islendi (toplam islenen=22100 eklenen=0 update=21794 skip=306)
  sayfa 2211 islendi (toplam islenen=22110 eklenen=0 update=21804 skip=306)
  sayfa 2212 islendi (toplam islenen=22120 eklenen=0 update=21814 skip=306)
  sayfa 2213 islendi (toplam islenen=22130 eklenen=0 update=21824 skip=306)
  sayfa 2214 islendi (toplam islenen=22140 eklenen=0 update=21834 skip=306)
  sayfa 2215 islendi (toplam islenen=22150 eklenen=0 update=21844 skip=306)
  sayfa 2216 islendi (toplam islenen=22160 eklenen=0 update=21854 skip=306)
  sayfa 2217 islendi (toplam islenen=22170 eklenen=0 update=21864 skip=306)
  sayfa 2218 islendi (toplam islenen=22180 eklenen=0 update=21874 skip=306)
  sayfa 2219 islendi (toplam islenen=22190 eklenen=0 update=21884 skip=306)
  sayfa 2220 islendi (toplam islenen=22200 eklenen=0 update=21894 skip=306)
  sayfa 2221 islendi (toplam islenen=22210 eklenen=0 update=21904 skip=306)
  sayfa 2222 islendi (toplam islenen=22220 eklenen=0 update=21914 skip=306)
  sayfa 2223 islendi (toplam islenen=22230 eklenen=0 update=21924 skip=306)
  sayfa 2224 islendi (toplam islenen=22240 eklenen=0 update=21934 skip=306)
  sayfa 2225 islendi (toplam islenen=22250 eklenen=0 update=21944 skip=306)
  sayfa 2226 islendi (toplam islenen=22260 eklenen=0 update=21954 skip=306)
  sayfa 2227 islendi (toplam islenen=22270 eklenen=0 update=21964 skip=306)
  sayfa 2228 islendi (toplam islenen=22280 eklenen=0 update=21974 skip=306)
  sayfa 2229 islendi (toplam islenen=22290 eklenen=0 update=21984 skip=306)
  sayfa 2230 islendi (toplam islenen=22300 eklenen=0 update=21994 skip=306)
  sayfa 2231 islendi (toplam islenen=22310 eklenen=0 update=22004 skip=306)
  sayfa 2232 islendi (toplam islenen=22320 eklenen=0 update=22014 skip=306)
  sayfa 2233 islendi (toplam islenen=22330 eklenen=0 update=22024 skip=306)
  sayfa 2234 islendi (toplam islenen=22340 eklenen=0 update=22034 skip=306)
  sayfa 2235 islendi (toplam islenen=22350 eklenen=0 update=22044 skip=306)
  sayfa 2236 islendi (toplam islenen=22360 eklenen=0 update=22054 skip=306)
  sayfa 2237 islendi (toplam islenen=22370 eklenen=0 update=22064 skip=306)
  sayfa 2238 islendi (toplam islenen=22380 eklenen=0 update=22074 skip=306)
  sayfa 2239 islendi (toplam islenen=22390 eklenen=0 update=22084 skip=306)
  sayfa 2240 islendi (toplam islenen=22400 eklenen=0 update=22094 skip=306)
  sayfa 2241 islendi (toplam islenen=22410 eklenen=0 update=22104 skip=306)
  sayfa 2242 islendi (toplam islenen=22420 eklenen=0 update=22114 skip=306)
  sayfa 2243 islendi (toplam islenen=22430 eklenen=0 update=22124 skip=306)
  sayfa 2244 islendi (toplam islenen=22440 eklenen=0 update=22134 skip=306)
  sayfa 2245 islendi (toplam islenen=22450 eklenen=0 update=22144 skip=306)
  sayfa 2246 islendi (toplam islenen=22460 eklenen=0 update=22154 skip=306)
  sayfa 2247 islendi (toplam islenen=22470 eklenen=0 update=22164 skip=306)
  sayfa 2248 islendi (toplam islenen=22480 eklenen=0 update=22174 skip=306)
  sayfa 2249 islendi (toplam islenen=22490 eklenen=0 update=22184 skip=306)
  sayfa 2250 islendi (toplam islenen=22500 eklenen=0 update=22194 skip=306)
  sayfa 2251 islendi (toplam islenen=22510 eklenen=0 update=22204 skip=306)
  sayfa 2252 islendi (toplam islenen=22520 eklenen=0 update=22214 skip=306)
  sayfa 2253 islendi (toplam islenen=22530 eklenen=0 update=22224 skip=306)
  sayfa 2254 islendi (toplam islenen=22540 eklenen=0 update=22234 skip=306)
  sayfa 2255 islendi (toplam islenen=22550 eklenen=0 update=22244 skip=306)
  sayfa 2256 islendi (toplam islenen=22560 eklenen=0 update=22254 skip=306)
  sayfa 2257 islendi (toplam islenen=22570 eklenen=0 update=22264 skip=306)
  sayfa 2258 islendi (toplam islenen=22580 eklenen=0 update=22274 skip=306)
  sayfa 2259 islendi (toplam islenen=22590 eklenen=0 update=22284 skip=306)
  sayfa 2260 islendi (toplam islenen=22600 eklenen=0 update=22294 skip=306)
  sayfa 2261 islendi (toplam islenen=22610 eklenen=0 update=22304 skip=306)
  sayfa 2262 islendi (toplam islenen=22620 eklenen=0 update=22314 skip=306)
  sayfa 2263 islendi (toplam islenen=22630 eklenen=0 update=22324 skip=306)
  sayfa 2264 islendi (toplam islenen=22640 eklenen=0 update=22334 skip=306)
  sayfa 2265 islendi (toplam islenen=22650 eklenen=0 update=22344 skip=306)
  sayfa 2266 islendi (toplam islenen=22660 eklenen=0 update=22354 skip=306)
  sayfa 2267 islendi (toplam islenen=22670 eklenen=0 update=22364 skip=306)
  sayfa 2268 islendi (toplam islenen=22680 eklenen=0 update=22374 skip=306)
  sayfa 2269 islendi (toplam islenen=22690 eklenen=0 update=22384 skip=306)
  sayfa 2270 islendi (toplam islenen=22700 eklenen=0 update=22394 skip=306)
  sayfa 2271 islendi (toplam islenen=22710 eklenen=0 update=22404 skip=306)
  sayfa 2272 islendi (toplam islenen=22720 eklenen=0 update=22414 skip=306)
  sayfa 2273 islendi (toplam islenen=22730 eklenen=0 update=22424 skip=306)
  sayfa 2274 islendi (toplam islenen=22740 eklenen=0 update=22434 skip=306)
  sayfa 2275 islendi (toplam islenen=22750 eklenen=0 update=22444 skip=306)
  sayfa 2276 islendi (toplam islenen=22760 eklenen=0 update=22454 skip=306)
  sayfa 2277 islendi (toplam islenen=22770 eklenen=0 update=22464 skip=306)
  sayfa 2278 islendi (toplam islenen=22780 eklenen=0 update=22474 skip=306)
  sayfa 2279 islendi (toplam islenen=22790 eklenen=0 update=22484 skip=306)
  sayfa 2280 islendi (toplam islenen=22800 eklenen=0 update=22494 skip=306)
  sayfa 2281 islendi (toplam islenen=22810 eklenen=0 update=22504 skip=306)
  sayfa 2282 islendi (toplam islenen=22820 eklenen=0 update=22514 skip=306)
  sayfa 2283 islendi (toplam islenen=22830 eklenen=0 update=22524 skip=306)
  sayfa 2284 islendi (toplam islenen=22840 eklenen=0 update=22534 skip=306)
  sayfa 2285 islendi (toplam islenen=22850 eklenen=0 update=22544 skip=306)
  sayfa 2286 islendi (toplam islenen=22860 eklenen=0 update=22554 skip=306)
  sayfa 2287 islendi (toplam islenen=22870 eklenen=0 update=22564 skip=306)
  sayfa 2288 islendi (toplam islenen=22880 eklenen=0 update=22574 skip=306)
  sayfa 2289 islendi (toplam islenen=22890 eklenen=0 update=22584 skip=306)
  sayfa 2290 islendi (toplam islenen=22900 eklenen=0 update=22594 skip=306)
  sayfa 2291 islendi (toplam islenen=22910 eklenen=0 update=22604 skip=306)
  sayfa 2292 islendi (toplam islenen=22920 eklenen=0 update=22613 skip=307)
  sayfa 2293 islendi (toplam islenen=22930 eklenen=0 update=22623 skip=307)
  sayfa 2294 islendi (toplam islenen=22940 eklenen=0 update=22633 skip=307)
  sayfa 2295 islendi (toplam islenen=22950 eklenen=0 update=22643 skip=307)
  sayfa 2296 islendi (toplam islenen=22960 eklenen=0 update=22653 skip=307)
  sayfa 2297 islendi (toplam islenen=22970 eklenen=0 update=22663 skip=307)
  sayfa 2298 islendi (toplam islenen=22980 eklenen=0 update=22673 skip=307)
  sayfa 2299 islendi (toplam islenen=22990 eklenen=0 update=22683 skip=307)
  sayfa 2300 islendi (toplam islenen=23000 eklenen=0 update=22693 skip=307)
  sayfa 2301 islendi (toplam islenen=23010 eklenen=0 update=22703 skip=307)
  sayfa 2302 islendi (toplam islenen=23020 eklenen=0 update=22713 skip=307)
  sayfa 2303 islendi (toplam islenen=23030 eklenen=0 update=22723 skip=307)
  sayfa 2304 islendi (toplam islenen=23040 eklenen=0 update=22733 skip=307)
  sayfa 2305 islendi (toplam islenen=23050 eklenen=0 update=22743 skip=307)
  sayfa 2306 islendi (toplam islenen=23060 eklenen=0 update=22753 skip=307)
  sayfa 2307 islendi (toplam islenen=23070 eklenen=0 update=22763 skip=307)
  sayfa 2308 islendi (toplam islenen=23080 eklenen=0 update=22773 skip=307)
  sayfa 2309 islendi (toplam islenen=23090 eklenen=0 update=22783 skip=307)
  sayfa 2310 islendi (toplam islenen=23100 eklenen=0 update=22793 skip=307)
  sayfa 2311 islendi (toplam islenen=23110 eklenen=0 update=22803 skip=307)
  sayfa 2312 islendi (toplam islenen=23120 eklenen=0 update=22813 skip=307)
  sayfa 2313 islendi (toplam islenen=23130 eklenen=0 update=22823 skip=307)
  sayfa 2314 islendi (toplam islenen=23140 eklenen=0 update=22833 skip=307)
  sayfa 2315 islendi (toplam islenen=23150 eklenen=0 update=22843 skip=307)
  sayfa 2316 islendi (toplam islenen=23160 eklenen=0 update=22853 skip=307)
  sayfa 2317 islendi (toplam islenen=23170 eklenen=0 update=22863 skip=307)
  sayfa 2318 islendi (toplam islenen=23180 eklenen=0 update=22873 skip=307)
  sayfa 2319 islendi (toplam islenen=23190 eklenen=0 update=22883 skip=307)
  sayfa 2320 islendi (toplam islenen=23200 eklenen=0 update=22893 skip=307)
  sayfa 2321 islendi (toplam islenen=23210 eklenen=0 update=22903 skip=307)
  sayfa 2322 islendi (toplam islenen=23220 eklenen=0 update=22913 skip=307)
  sayfa 2323 islendi (toplam islenen=23230 eklenen=0 update=22923 skip=307)
  sayfa 2324 islendi (toplam islenen=23240 eklenen=0 update=22933 skip=307)
  sayfa 2325 islendi (toplam islenen=23250 eklenen=0 update=22943 skip=307)
  sayfa 2326 islendi (toplam islenen=23260 eklenen=0 update=22953 skip=307)
  sayfa 2327 islendi (toplam islenen=23270 eklenen=0 update=22963 skip=307)
  sayfa 2328 islendi (toplam islenen=23280 eklenen=0 update=22973 skip=307)
  sayfa 2329 islendi (toplam islenen=23290 eklenen=0 update=22983 skip=307)
  sayfa 2330 islendi (toplam islenen=23300 eklenen=0 update=22993 skip=307)
  sayfa 2331 islendi (toplam islenen=23310 eklenen=0 update=23003 skip=307)
  sayfa 2332 islendi (toplam islenen=23320 eklenen=0 update=23013 skip=307)
  sayfa 2333 islendi (toplam islenen=23330 eklenen=0 update=23023 skip=307)
  sayfa 2334 islendi (toplam islenen=23340 eklenen=0 update=23033 skip=307)
  sayfa 2335 islendi (toplam islenen=23350 eklenen=0 update=23043 skip=307)
  sayfa 2336 islendi (toplam islenen=23360 eklenen=0 update=23053 skip=307)
  sayfa 2337 islendi (toplam islenen=23370 eklenen=0 update=23063 skip=307)
  sayfa 2338 islendi (toplam islenen=23380 eklenen=0 update=23073 skip=307)
  sayfa 2339 islendi (toplam islenen=23390 eklenen=0 update=23083 skip=307)
  sayfa 2340 islendi (toplam islenen=23400 eklenen=0 update=23093 skip=307)
  sayfa 2341 islendi (toplam islenen=23410 eklenen=0 update=23103 skip=307)
  sayfa 2342 islendi (toplam islenen=23420 eklenen=0 update=23113 skip=307)
  sayfa 2343 islendi (toplam islenen=23430 eklenen=0 update=23122 skip=308)
  sayfa 2344 islendi (toplam islenen=23440 eklenen=0 update=23132 skip=308)
  sayfa 2345 islendi (toplam islenen=23450 eklenen=0 update=23142 skip=308)
  sayfa 2346 islendi (toplam islenen=23460 eklenen=0 update=23152 skip=308)
  sayfa 2347 islendi (toplam islenen=23470 eklenen=0 update=23162 skip=308)
  sayfa 2348 islendi (toplam islenen=23480 eklenen=0 update=23172 skip=308)
  sayfa 2349 islendi (toplam islenen=23490 eklenen=0 update=23182 skip=308)
  sayfa 2350 islendi (toplam islenen=23500 eklenen=0 update=23192 skip=308)
  sayfa 2351 islendi (toplam islenen=23510 eklenen=0 update=23202 skip=308)
  sayfa 2352 islendi (toplam islenen=23520 eklenen=0 update=23212 skip=308)
  sayfa 2353 islendi (toplam islenen=23530 eklenen=0 update=23222 skip=308)
  sayfa 2354 islendi (toplam islenen=23540 eklenen=0 update=23232 skip=308)
  sayfa 2355 islendi (toplam islenen=23550 eklenen=0 update=23242 skip=308)
  sayfa 2356 islendi (toplam islenen=23560 eklenen=0 update=23252 skip=308)
  sayfa 2357 islendi (toplam islenen=23570 eklenen=0 update=23262 skip=308)
  sayfa 2358 islendi (toplam islenen=23580 eklenen=0 update=23272 skip=308)
  sayfa 2359 islendi (toplam islenen=23590 eklenen=0 update=23282 skip=308)
  sayfa 2360 islendi (toplam islenen=23600 eklenen=0 update=23292 skip=308)
  sayfa 2361 islendi (toplam islenen=23610 eklenen=0 update=23302 skip=308)
  sayfa 2362 islendi (toplam islenen=23620 eklenen=0 update=23312 skip=308)
  sayfa 2363 islendi (toplam islenen=23630 eklenen=0 update=23322 skip=308)
  sayfa 2364 islendi (toplam islenen=23640 eklenen=0 update=23332 skip=308)
  sayfa 2365 islendi (toplam islenen=23650 eklenen=0 update=23342 skip=308)
  sayfa 2366 islendi (toplam islenen=23660 eklenen=0 update=23352 skip=308)
  sayfa 2367 islendi (toplam islenen=23670 eklenen=0 update=23362 skip=308)
  sayfa 2368 islendi (toplam islenen=23680 eklenen=0 update=23372 skip=308)
  sayfa 2369 islendi (toplam islenen=23690 eklenen=0 update=23382 skip=308)
  sayfa 2370 islendi (toplam islenen=23700 eklenen=0 update=23392 skip=308)
  sayfa 2371 islendi (toplam islenen=23710 eklenen=0 update=23402 skip=308)
  sayfa 2372 islendi (toplam islenen=23720 eklenen=0 update=23412 skip=308)
  sayfa 2373 islendi (toplam islenen=23730 eklenen=0 update=23422 skip=308)
  sayfa 2374 islendi (toplam islenen=23740 eklenen=0 update=23432 skip=308)
  sayfa 2375 islendi (toplam islenen=23750 eklenen=0 update=23442 skip=308)
  sayfa 2376 islendi (toplam islenen=23760 eklenen=0 update=23452 skip=308)
  sayfa 2377 islendi (toplam islenen=23770 eklenen=0 update=23462 skip=308)
  sayfa 2378 islendi (toplam islenen=23780 eklenen=0 update=23472 skip=308)
  sayfa 2379 islendi (toplam islenen=23790 eklenen=0 update=23482 skip=308)
  sayfa 2380 islendi (toplam islenen=23800 eklenen=0 update=23492 skip=308)
  sayfa 2381 islendi (toplam islenen=23810 eklenen=0 update=23502 skip=308)
  sayfa 2382 islendi (toplam islenen=23820 eklenen=0 update=23512 skip=308)
  sayfa 2383 islendi (toplam islenen=23830 eklenen=0 update=23522 skip=308)
  sayfa 2384 islendi (toplam islenen=23840 eklenen=0 update=23532 skip=308)
  sayfa 2385 islendi (toplam islenen=23850 eklenen=0 update=23542 skip=308)
  sayfa 2386 islendi (toplam islenen=23860 eklenen=0 update=23552 skip=308)
  sayfa 2387 islendi (toplam islenen=23870 eklenen=0 update=23562 skip=308)
  sayfa 2388 islendi (toplam islenen=23880 eklenen=0 update=23572 skip=308)
  sayfa 2389 islendi (toplam islenen=23890 eklenen=0 update=23582 skip=308)
  sayfa 2390 islendi (toplam islenen=23900 eklenen=0 update=23592 skip=308)
  sayfa 2391 islendi (toplam islenen=23910 eklenen=0 update=23602 skip=308)
  sayfa 2392 islendi (toplam islenen=23920 eklenen=0 update=23612 skip=308)
  sayfa 2393 islendi (toplam islenen=23930 eklenen=0 update=23622 skip=308)
  sayfa 2394 islendi (toplam islenen=23940 eklenen=0 update=23632 skip=308)
  sayfa 2395 islendi (toplam islenen=23950 eklenen=0 update=23642 skip=308)
  sayfa 2396 islendi (toplam islenen=23960 eklenen=0 update=23652 skip=308)
  sayfa 2397 islendi (toplam islenen=23970 eklenen=0 update=23662 skip=308)
  sayfa 2398 islendi (toplam islenen=23980 eklenen=0 update=23672 skip=308)
  sayfa 2399 islendi (toplam islenen=23990 eklenen=0 update=23682 skip=308)
  sayfa 2400 islendi (toplam islenen=24000 eklenen=0 update=23692 skip=308)
  sayfa 2401 islendi (toplam islenen=24010 eklenen=0 update=23702 skip=308)
  sayfa 2402 islendi (toplam islenen=24020 eklenen=0 update=23712 skip=308)
  sayfa 2403 islendi (toplam islenen=24030 eklenen=0 update=23722 skip=308)
  sayfa 2404 islendi (toplam islenen=24040 eklenen=0 update=23732 skip=308)
  sayfa 2405 islendi (toplam islenen=24050 eklenen=0 update=23742 skip=308)
  sayfa 2406 islendi (toplam islenen=24060 eklenen=0 update=23752 skip=308)
  sayfa 2407 islendi (toplam islenen=24070 eklenen=0 update=23762 skip=308)
  sayfa 2408 islendi (toplam islenen=24080 eklenen=0 update=23772 skip=308)
  sayfa 2409 islendi (toplam islenen=24090 eklenen=0 update=23782 skip=308)
  sayfa 2410 islendi (toplam islenen=24100 eklenen=0 update=23792 skip=308)
  sayfa 2411 islendi (toplam islenen=24110 eklenen=0 update=23802 skip=308)
  sayfa 2412 islendi (toplam islenen=24120 eklenen=0 update=23812 skip=308)
  sayfa 2413 islendi (toplam islenen=24130 eklenen=0 update=23822 skip=308)
  sayfa 2414 islendi (toplam islenen=24140 eklenen=0 update=23832 skip=308)
  sayfa 2415 islendi (toplam islenen=24150 eklenen=0 update=23842 skip=308)
  sayfa 2416 islendi (toplam islenen=24160 eklenen=0 update=23852 skip=308)
  sayfa 2417 islendi (toplam islenen=24170 eklenen=0 update=23862 skip=308)
  sayfa 2418 islendi (toplam islenen=24180 eklenen=0 update=23872 skip=308)
  sayfa 2419 islendi (toplam islenen=24190 eklenen=0 update=23882 skip=308)
  sayfa 2420 islendi (toplam islenen=24200 eklenen=0 update=23892 skip=308)
  sayfa 2421 islendi (toplam islenen=24210 eklenen=0 update=23902 skip=308)
  sayfa 2422 islendi (toplam islenen=24220 eklenen=0 update=23912 skip=308)
  sayfa 2423 islendi (toplam islenen=24230 eklenen=0 update=23921 skip=309)
  sayfa 2424 islendi (toplam islenen=24240 eklenen=0 update=23931 skip=309)
  sayfa 2425 islendi (toplam islenen=24250 eklenen=0 update=23941 skip=309)
  sayfa 2426 islendi (toplam islenen=24260 eklenen=0 update=23951 skip=309)
  sayfa 2427 islendi (toplam islenen=24270 eklenen=0 update=23961 skip=309)
  sayfa 2428 islendi (toplam islenen=24280 eklenen=0 update=23971 skip=309)
  sayfa 2429 islendi (toplam islenen=24290 eklenen=0 update=23981 skip=309)
  sayfa 2430 islendi (toplam islenen=24300 eklenen=0 update=23991 skip=309)
  sayfa 2431 islendi (toplam islenen=24310 eklenen=0 update=24001 skip=309)
  sayfa 2432 islendi (toplam islenen=24320 eklenen=0 update=24011 skip=309)
  sayfa 2433 islendi (toplam islenen=24330 eklenen=0 update=24021 skip=309)
  sayfa 2434 islendi (toplam islenen=24340 eklenen=0 update=24031 skip=309)
  sayfa 2435 islendi (toplam islenen=24350 eklenen=0 update=24041 skip=309)
  sayfa 2436 islendi (toplam islenen=24360 eklenen=0 update=24051 skip=309)
  sayfa 2437 islendi (toplam islenen=24370 eklenen=0 update=24061 skip=309)
  sayfa 2438 islendi (toplam islenen=24380 eklenen=0 update=24071 skip=309)
  sayfa 2439 islendi (toplam islenen=24390 eklenen=0 update=24081 skip=309)
  sayfa 2440 islendi (toplam islenen=24400 eklenen=0 update=24091 skip=309)
  sayfa 2441 islendi (toplam islenen=24410 eklenen=0 update=24101 skip=309)
  sayfa 2442 islendi (toplam islenen=24420 eklenen=0 update=24111 skip=309)
  sayfa 2443 islendi (toplam islenen=24430 eklenen=0 update=24121 skip=309)
  sayfa 2444 islendi (toplam islenen=24440 eklenen=0 update=24131 skip=309)
  sayfa 2445 islendi (toplam islenen=24450 eklenen=0 update=24141 skip=309)
  sayfa 2446 islendi (toplam islenen=24460 eklenen=0 update=24151 skip=309)
  sayfa 2447 islendi (toplam islenen=24470 eklenen=0 update=24161 skip=309)
  sayfa 2448 islendi (toplam islenen=24480 eklenen=0 update=24171 skip=309)
  sayfa 2449 islendi (toplam islenen=24490 eklenen=0 update=24181 skip=309)
  sayfa 2450 islendi (toplam islenen=24500 eklenen=0 update=24191 skip=309)
  sayfa 2451 islendi (toplam islenen=24510 eklenen=0 update=24201 skip=309)
  sayfa 2452 islendi (toplam islenen=24520 eklenen=0 update=24211 skip=309)
  sayfa 2453 islendi (toplam islenen=24530 eklenen=0 update=24221 skip=309)
  sayfa 2454 islendi (toplam islenen=24540 eklenen=0 update=24231 skip=309)
  sayfa 2455 islendi (toplam islenen=24550 eklenen=0 update=24241 skip=309)
  sayfa 2456 islendi (toplam islenen=24560 eklenen=0 update=24251 skip=309)
  sayfa 2457 islendi (toplam islenen=24570 eklenen=0 update=24261 skip=309)
  sayfa 2458 islendi (toplam islenen=24580 eklenen=0 update=24271 skip=309)
  sayfa 2459 islendi (toplam islenen=24590 eklenen=0 update=24281 skip=309)
  sayfa 2460 islendi (toplam islenen=24600 eklenen=0 update=24291 skip=309)
  sayfa 2461 islendi (toplam islenen=24610 eklenen=0 update=24301 skip=309)
  sayfa 2462 islendi (toplam islenen=24620 eklenen=0 update=24311 skip=309)
  sayfa 2463 islendi (toplam islenen=24630 eklenen=0 update=24321 skip=309)
  sayfa 2464 islendi (toplam islenen=24640 eklenen=0 update=24331 skip=309)
  sayfa 2465 islendi (toplam islenen=24650 eklenen=0 update=24341 skip=309)
  sayfa 2466 islendi (toplam islenen=24660 eklenen=0 update=24351 skip=309)
  sayfa 2467 islendi (toplam islenen=24670 eklenen=0 update=24361 skip=309)
  sayfa 2468 islendi (toplam islenen=24680 eklenen=0 update=24371 skip=309)
  sayfa 2469 islendi (toplam islenen=24690 eklenen=0 update=24381 skip=309)
  sayfa 2470 islendi (toplam islenen=24700 eklenen=0 update=24391 skip=309)
  sayfa 2471 islendi (toplam islenen=24710 eklenen=0 update=24401 skip=309)
  sayfa 2472 islendi (toplam islenen=24720 eklenen=0 update=24411 skip=309)
  sayfa 2473 islendi (toplam islenen=24730 eklenen=0 update=24421 skip=309)
  sayfa 2474 islendi (toplam islenen=24740 eklenen=0 update=24431 skip=309)
  sayfa 2475 islendi (toplam islenen=24750 eklenen=0 update=24441 skip=309)
  sayfa 2476 islendi (toplam islenen=24760 eklenen=0 update=24451 skip=309)
  sayfa 2477 islendi (toplam islenen=24770 eklenen=0 update=24461 skip=309)
  sayfa 2478 islendi (toplam islenen=24780 eklenen=0 update=24471 skip=309)
  sayfa 2479 islendi (toplam islenen=24790 eklenen=0 update=24481 skip=309)
  sayfa 2480 islendi (toplam islenen=24800 eklenen=0 update=24491 skip=309)
  sayfa 2481 islendi (toplam islenen=24810 eklenen=0 update=24501 skip=309)
  sayfa 2482 islendi (toplam islenen=24820 eklenen=0 update=24511 skip=309)
  sayfa 2483 islendi (toplam islenen=24830 eklenen=0 update=24521 skip=309)
  sayfa 2484 islendi (toplam islenen=24840 eklenen=0 update=24531 skip=309)
  sayfa 2485 islendi (toplam islenen=24850 eklenen=0 update=24541 skip=309)
  sayfa 2486 islendi (toplam islenen=24860 eklenen=0 update=24551 skip=309)
  sayfa 2487 islendi (toplam islenen=24870 eklenen=0 update=24561 skip=309)
  sayfa 2488 islendi (toplam islenen=24880 eklenen=0 update=24571 skip=309)
  sayfa 2489 islendi (toplam islenen=24890 eklenen=0 update=24581 skip=309)
  sayfa 2490 islendi (toplam islenen=24900 eklenen=0 update=24591 skip=309)
  sayfa 2491 islendi (toplam islenen=24910 eklenen=0 update=24601 skip=309)
  sayfa 2492 islendi (toplam islenen=24920 eklenen=0 update=24611 skip=309)
  sayfa 2493 islendi (toplam islenen=24930 eklenen=0 update=24621 skip=309)
  sayfa 2494 islendi (toplam islenen=24940 eklenen=0 update=24631 skip=309)
  sayfa 2495 islendi (toplam islenen=24950 eklenen=0 update=24641 skip=309)
  sayfa 2496 islendi (toplam islenen=24960 eklenen=0 update=24651 skip=309)
  sayfa 2497 islendi (toplam islenen=24970 eklenen=0 update=24661 skip=309)
  sayfa 2498 islendi (toplam islenen=24980 eklenen=0 update=24671 skip=309)
  sayfa 2499 islendi (toplam islenen=24990 eklenen=0 update=24681 skip=309)
  sayfa 2500 islendi (toplam islenen=25000 eklenen=0 update=24691 skip=309)
  sayfa 2501 islendi (toplam islenen=25010 eklenen=0 update=24701 skip=309)
  sayfa 2502 islendi (toplam islenen=25020 eklenen=0 update=24711 skip=309)
  sayfa 2503 islendi (toplam islenen=25030 eklenen=0 update=24721 skip=309)
  sayfa 2504 islendi (toplam islenen=25040 eklenen=0 update=24731 skip=309)
  sayfa 2505 islendi (toplam islenen=25050 eklenen=0 update=24741 skip=309)
  sayfa 2506 islendi (toplam islenen=25060 eklenen=0 update=24751 skip=309)
  sayfa 2507 islendi (toplam islenen=25070 eklenen=0 update=24761 skip=309)
  sayfa 2508 islendi (toplam islenen=25080 eklenen=0 update=24771 skip=309)
  sayfa 2509 islendi (toplam islenen=25090 eklenen=0 update=24781 skip=309)
  sayfa 2510 islendi (toplam islenen=25100 eklenen=0 update=24791 skip=309)
  sayfa 2511 islendi (toplam islenen=25110 eklenen=0 update=24801 skip=309)
  sayfa 2512 islendi (toplam islenen=25120 eklenen=0 update=24811 skip=309)
  sayfa 2513 islendi (toplam islenen=25130 eklenen=0 update=24821 skip=309)
  sayfa 2514 islendi (toplam islenen=25140 eklenen=0 update=24831 skip=309)
  sayfa 2515 islendi (toplam islenen=25150 eklenen=0 update=24841 skip=309)
  sayfa 2516 islendi (toplam islenen=25160 eklenen=0 update=24851 skip=309)
  sayfa 2517 islendi (toplam islenen=25170 eklenen=0 update=24861 skip=309)
  sayfa 2518 islendi (toplam islenen=25180 eklenen=0 update=24871 skip=309)
  sayfa 2519 islendi (toplam islenen=25190 eklenen=0 update=24881 skip=309)
  sayfa 2520 islendi (toplam islenen=25200 eklenen=0 update=24891 skip=309)
  sayfa 2521 islendi (toplam islenen=25210 eklenen=0 update=24901 skip=309)
  sayfa 2522 islendi (toplam islenen=25220 eklenen=0 update=24911 skip=309)
  sayfa 2523 islendi (toplam islenen=25230 eklenen=0 update=24921 skip=309)
  sayfa 2524 islendi (toplam islenen=25240 eklenen=0 update=24931 skip=309)
  sayfa 2525 islendi (toplam islenen=25250 eklenen=0 update=24941 skip=309)
  sayfa 2526 islendi (toplam islenen=25260 eklenen=0 update=24951 skip=309)
  sayfa 2527 islendi (toplam islenen=25270 eklenen=0 update=24961 skip=309)
  sayfa 2528 islendi (toplam islenen=25280 eklenen=0 update=24971 skip=309)
  sayfa 2529 islendi (toplam islenen=25290 eklenen=0 update=24981 skip=309)
  sayfa 2530 islendi (toplam islenen=25300 eklenen=0 update=24991 skip=309)
  sayfa 2531 islendi (toplam islenen=25310 eklenen=0 update=25001 skip=309)
  sayfa 2532 islendi (toplam islenen=25320 eklenen=0 update=25011 skip=309)
  sayfa 2533 islendi (toplam islenen=25330 eklenen=0 update=25021 skip=309)
  sayfa 2534 islendi (toplam islenen=25340 eklenen=0 update=25031 skip=309)
  sayfa 2535 islendi (toplam islenen=25350 eklenen=0 update=25041 skip=309)
  sayfa 2536 islendi (toplam islenen=25360 eklenen=0 update=25051 skip=309)
  sayfa 2537 islendi (toplam islenen=25370 eklenen=0 update=25061 skip=309)
  sayfa 2538 islendi (toplam islenen=25380 eklenen=0 update=25071 skip=309)
  sayfa 2539 islendi (toplam islenen=25390 eklenen=0 update=25081 skip=309)
  sayfa 2540 islendi (toplam islenen=25400 eklenen=0 update=25091 skip=309)
  sayfa 2541 islendi (toplam islenen=25410 eklenen=0 update=25101 skip=309)
  sayfa 2542 islendi (toplam islenen=25420 eklenen=0 update=25111 skip=309)
  sayfa 2543 islendi (toplam islenen=25430 eklenen=0 update=25121 skip=309)
  sayfa 2544 islendi (toplam islenen=25440 eklenen=0 update=25131 skip=309)
  sayfa 2545 islendi (toplam islenen=25450 eklenen=0 update=25141 skip=309)
  sayfa 2546 islendi (toplam islenen=25460 eklenen=0 update=25151 skip=309)
  sayfa 2547 islendi (toplam islenen=25470 eklenen=0 update=25161 skip=309)
  sayfa 2548 islendi (toplam islenen=25480 eklenen=0 update=25171 skip=309)
  sayfa 2549 islendi (toplam islenen=25490 eklenen=0 update=25181 skip=309)
  sayfa 2550 islendi (toplam islenen=25500 eklenen=0 update=25191 skip=309)
  sayfa 2551 islendi (toplam islenen=25510 eklenen=0 update=25201 skip=309)
  sayfa 2552 islendi (toplam islenen=25520 eklenen=0 update=25211 skip=309)
  sayfa 2553 islendi (toplam islenen=25530 eklenen=0 update=25221 skip=309)
  sayfa 2554 islendi (toplam islenen=25540 eklenen=0 update=25231 skip=309)
  sayfa 2555 islendi (toplam islenen=25550 eklenen=0 update=25241 skip=309)
  sayfa 2556 islendi (toplam islenen=25560 eklenen=0 update=25251 skip=309)
  sayfa 2557 islendi (toplam islenen=25570 eklenen=0 update=25261 skip=309)
  sayfa 2558 islendi (toplam islenen=25580 eklenen=0 update=25271 skip=309)
  sayfa 2559 islendi (toplam islenen=25590 eklenen=0 update=25281 skip=309)
  sayfa 2560 islendi (toplam islenen=25600 eklenen=0 update=25291 skip=309)
  sayfa 2561 islendi (toplam islenen=25610 eklenen=0 update=25301 skip=309)
  sayfa 2562 islendi (toplam islenen=25620 eklenen=0 update=25311 skip=309)
  sayfa 2563 islendi (toplam islenen=25630 eklenen=0 update=25321 skip=309)
  sayfa 2564 islendi (toplam islenen=25640 eklenen=0 update=25331 skip=309)
  sayfa 2565 islendi (toplam islenen=25650 eklenen=0 update=25341 skip=309)
  sayfa 2566 islendi (toplam islenen=25660 eklenen=0 update=25351 skip=309)
  sayfa 2567 islendi (toplam islenen=25670 eklenen=0 update=25361 skip=309)
  sayfa 2568 islendi (toplam islenen=25680 eklenen=0 update=25371 skip=309)
  sayfa 2569 islendi (toplam islenen=25690 eklenen=0 update=25381 skip=309)
  sayfa 2570 islendi (toplam islenen=25700 eklenen=0 update=25391 skip=309)
  sayfa 2571 islendi (toplam islenen=25710 eklenen=0 update=25401 skip=309)
  sayfa 2572 islendi (toplam islenen=25720 eklenen=0 update=25411 skip=309)
  sayfa 2573 islendi (toplam islenen=25730 eklenen=0 update=25421 skip=309)
  sayfa 2574 islendi (toplam islenen=25740 eklenen=0 update=25431 skip=309)
  sayfa 2575 islendi (toplam islenen=25750 eklenen=0 update=25441 skip=309)
  sayfa 2576 islendi (toplam islenen=25760 eklenen=0 update=25451 skip=309)
  sayfa 2577 islendi (toplam islenen=25770 eklenen=0 update=25461 skip=309)
  sayfa 2578 islendi (toplam islenen=25780 eklenen=0 update=25471 skip=309)
  sayfa 2579 islendi (toplam islenen=25790 eklenen=0 update=25481 skip=309)
  sayfa 2580 islendi (toplam islenen=25800 eklenen=0 update=25491 skip=309)
  sayfa 2581 islendi (toplam islenen=25810 eklenen=0 update=25501 skip=309)
  sayfa 2582 islendi (toplam islenen=25820 eklenen=0 update=25511 skip=309)
  sayfa 2583 islendi (toplam islenen=25830 eklenen=0 update=25521 skip=309)
  sayfa 2584 islendi (toplam islenen=25840 eklenen=0 update=25531 skip=309)
  sayfa 2585 islendi (toplam islenen=25850 eklenen=0 update=25541 skip=309)
  sayfa 2586 islendi (toplam islenen=25860 eklenen=0 update=25551 skip=309)
  sayfa 2587 islendi (toplam islenen=25870 eklenen=0 update=25561 skip=309)
  sayfa 2588 islendi (toplam islenen=25880 eklenen=0 update=25571 skip=309)
  sayfa 2589 islendi (toplam islenen=25890 eklenen=0 update=25581 skip=309)
  sayfa 2590 islendi (toplam islenen=25900 eklenen=0 update=25591 skip=309)
  sayfa 2591 islendi (toplam islenen=25910 eklenen=0 update=25601 skip=309)
  sayfa 2592 islendi (toplam islenen=25920 eklenen=0 update=25611 skip=309)
  sayfa 2593 islendi (toplam islenen=25930 eklenen=0 update=25621 skip=309)
  sayfa 2594 islendi (toplam islenen=25940 eklenen=0 update=25631 skip=309)
  sayfa 2595 islendi (toplam islenen=25950 eklenen=0 update=25641 skip=309)
  sayfa 2596 islendi (toplam islenen=25960 eklenen=0 update=25651 skip=309)
  sayfa 2597 islendi (toplam islenen=25970 eklenen=0 update=25661 skip=309)
  sayfa 2598 islendi (toplam islenen=25980 eklenen=0 update=25671 skip=309)
  sayfa 2599 islendi (toplam islenen=25990 eklenen=0 update=25681 skip=309)
  sayfa 2600 islendi (toplam islenen=26000 eklenen=0 update=25691 skip=309)
  sayfa 2601 islendi (toplam islenen=26010 eklenen=0 update=25701 skip=309)
  sayfa 2602 islendi (toplam islenen=26020 eklenen=0 update=25711 skip=309)
  sayfa 2603 islendi (toplam islenen=26030 eklenen=0 update=25721 skip=309)
  sayfa 2604 islendi (toplam islenen=26040 eklenen=0 update=25731 skip=309)
  sayfa 2605 islendi (toplam islenen=26050 eklenen=0 update=25741 skip=309)
  sayfa 2606 islendi (toplam islenen=26060 eklenen=0 update=25751 skip=309)
  sayfa 2607 islendi (toplam islenen=26070 eklenen=0 update=25761 skip=309)
  sayfa 2608 islendi (toplam islenen=26080 eklenen=0 update=25771 skip=309)
  sayfa 2609 islendi (toplam islenen=26090 eklenen=0 update=25781 skip=309)
  sayfa 2610 islendi (toplam islenen=26100 eklenen=0 update=25791 skip=309)
  sayfa 2611 islendi (toplam islenen=26110 eklenen=0 update=25801 skip=309)
  sayfa 2612 islendi (toplam islenen=26120 eklenen=0 update=25811 skip=309)
  sayfa 2613 islendi (toplam islenen=26130 eklenen=0 update=25821 skip=309)
  sayfa 2614 islendi (toplam islenen=26140 eklenen=0 update=25831 skip=309)
  sayfa 2615 islendi (toplam islenen=26150 eklenen=0 update=25841 skip=309)
  sayfa 2616 islendi (toplam islenen=26160 eklenen=0 update=25851 skip=309)
  sayfa 2617 islendi (toplam islenen=26170 eklenen=0 update=25861 skip=309)
  sayfa 2618 islendi (toplam islenen=26180 eklenen=0 update=25871 skip=309)
  sayfa 2619 islendi (toplam islenen=26190 eklenen=0 update=25881 skip=309)
  sayfa 2620 islendi (toplam islenen=26200 eklenen=0 update=25891 skip=309)
  sayfa 2621 islendi (toplam islenen=26210 eklenen=0 update=25901 skip=309)
  sayfa 2622 islendi (toplam islenen=26220 eklenen=0 update=25911 skip=309)
  sayfa 2623 islendi (toplam islenen=26230 eklenen=0 update=25921 skip=309)
  sayfa 2624 islendi (toplam islenen=26240 eklenen=0 update=25931 skip=309)
  sayfa 2625 islendi (toplam islenen=26250 eklenen=0 update=25941 skip=309)
  sayfa 2626 islendi (toplam islenen=26260 eklenen=0 update=25951 skip=309)
  sayfa 2627 islendi (toplam islenen=26270 eklenen=0 update=25961 skip=309)
  sayfa 2628 islendi (toplam islenen=26280 eklenen=0 update=25971 skip=309)
  sayfa 2629 islendi (toplam islenen=26290 eklenen=0 update=25981 skip=309)
  sayfa 2630 islendi (toplam islenen=26300 eklenen=0 update=25991 skip=309)
  sayfa 2631 islendi (toplam islenen=26310 eklenen=0 update=26001 skip=309)
  sayfa 2632 islendi (toplam islenen=26320 eklenen=0 update=26011 skip=309)
  sayfa 2633 islendi (toplam islenen=26330 eklenen=0 update=26021 skip=309)
  sayfa 2634 islendi (toplam islenen=26340 eklenen=0 update=26031 skip=309)
  sayfa 2635 islendi (toplam islenen=26350 eklenen=0 update=26041 skip=309)
  sayfa 2636 islendi (toplam islenen=26360 eklenen=0 update=26051 skip=309)
  sayfa 2637 islendi (toplam islenen=26370 eklenen=0 update=26061 skip=309)
  sayfa 2638 islendi (toplam islenen=26380 eklenen=0 update=26071 skip=309)
  sayfa 2639 islendi (toplam islenen=26390 eklenen=0 update=26081 skip=309)
  sayfa 2640 islendi (toplam islenen=26400 eklenen=0 update=26091 skip=309)
  sayfa 2641 islendi (toplam islenen=26410 eklenen=0 update=26101 skip=309)
  sayfa 2642 islendi (toplam islenen=26420 eklenen=0 update=26111 skip=309)
  sayfa 2643 islendi (toplam islenen=26430 eklenen=0 update=26121 skip=309)
  sayfa 2644 islendi (toplam islenen=26440 eklenen=0 update=26131 skip=309)
  sayfa 2645 islendi (toplam islenen=26450 eklenen=0 update=26141 skip=309)
  sayfa 2646 islendi (toplam islenen=26460 eklenen=0 update=26151 skip=309)
  sayfa 2647 islendi (toplam islenen=26470 eklenen=0 update=26161 skip=309)
  sayfa 2648 islendi (toplam islenen=26480 eklenen=0 update=26171 skip=309)
  sayfa 2649 islendi (toplam islenen=26490 eklenen=0 update=26181 skip=309)
  sayfa 2650 islendi (toplam islenen=26500 eklenen=0 update=26191 skip=309)
  sayfa 2651 islendi (toplam islenen=26510 eklenen=0 update=26201 skip=309)
  sayfa 2652 islendi (toplam islenen=26520 eklenen=0 update=26211 skip=309)
  sayfa 2653 islendi (toplam islenen=26530 eklenen=0 update=26221 skip=309)
  sayfa 2654 islendi (toplam islenen=26540 eklenen=0 update=26231 skip=309)
  sayfa 2655 islendi (toplam islenen=26550 eklenen=0 update=26241 skip=309)
  sayfa 2656 islendi (toplam islenen=26560 eklenen=0 update=26251 skip=309)
  sayfa 2657 islendi (toplam islenen=26570 eklenen=0 update=26261 skip=309)
  sayfa 2658 islendi (toplam islenen=26580 eklenen=0 update=26271 skip=309)
  sayfa 2659 islendi (toplam islenen=26590 eklenen=0 update=26281 skip=309)
  sayfa 2660 islendi (toplam islenen=26600 eklenen=0 update=26291 skip=309)
  sayfa 2661 islendi (toplam islenen=26610 eklenen=0 update=26301 skip=309)
  sayfa 2662 islendi (toplam islenen=26620 eklenen=0 update=26311 skip=309)
  sayfa 2663 islendi (toplam islenen=26630 eklenen=0 update=26321 skip=309)
  sayfa 2664 islendi (toplam islenen=26640 eklenen=0 update=26331 skip=309)
  sayfa 2665 islendi (toplam islenen=26650 eklenen=0 update=26341 skip=309)
  sayfa 2666 islendi (toplam islenen=26660 eklenen=0 update=26351 skip=309)
  sayfa 2667 islendi (toplam islenen=26670 eklenen=0 update=26361 skip=309)
  sayfa 2668 islendi (toplam islenen=26680 eklenen=0 update=26371 skip=309)
  sayfa 2669 islendi (toplam islenen=26690 eklenen=0 update=26381 skip=309)
  sayfa 2670 islendi (toplam islenen=26700 eklenen=0 update=26391 skip=309)
  sayfa 2671 islendi (toplam islenen=26710 eklenen=0 update=26401 skip=309)
  sayfa 2672 islendi (toplam islenen=26720 eklenen=0 update=26411 skip=309)
  sayfa 2673 islendi (toplam islenen=26730 eklenen=0 update=26421 skip=309)
  sayfa 2674 islendi (toplam islenen=26740 eklenen=0 update=26431 skip=309)
  sayfa 2675 islendi (toplam islenen=26750 eklenen=0 update=26441 skip=309)
  sayfa 2676 islendi (toplam islenen=26760 eklenen=0 update=26451 skip=309)
  sayfa 2677 islendi (toplam islenen=26770 eklenen=0 update=26461 skip=309)
  sayfa 2678 islendi (toplam islenen=26780 eklenen=0 update=26471 skip=309)
  sayfa 2679 islendi (toplam islenen=26790 eklenen=0 update=26481 skip=309)
  sayfa 2680 islendi (toplam islenen=26800 eklenen=0 update=26491 skip=309)
  sayfa 2681 islendi (toplam islenen=26810 eklenen=0 update=26501 skip=309)
  sayfa 2682 islendi (toplam islenen=26820 eklenen=0 update=26511 skip=309)
  sayfa 2683 islendi (toplam islenen=26830 eklenen=0 update=26521 skip=309)
  sayfa 2684 islendi (toplam islenen=26840 eklenen=0 update=26531 skip=309)
  sayfa 2685 islendi (toplam islenen=26850 eklenen=0 update=26541 skip=309)
  sayfa 2686 islendi (toplam islenen=26860 eklenen=0 update=26551 skip=309)
  sayfa 2687 islendi (toplam islenen=26870 eklenen=0 update=26561 skip=309)
  sayfa 2688 islendi (toplam islenen=26880 eklenen=0 update=26571 skip=309)
  sayfa 2689 islendi (toplam islenen=26890 eklenen=0 update=26581 skip=309)
  sayfa 2690 islendi (toplam islenen=26900 eklenen=0 update=26591 skip=309)
  sayfa 2691 islendi (toplam islenen=26910 eklenen=0 update=26601 skip=309)
  sayfa 2692 islendi (toplam islenen=26920 eklenen=0 update=26611 skip=309)
  sayfa 2693 islendi (toplam islenen=26930 eklenen=0 update=26621 skip=309)
  sayfa 2694 islendi (toplam islenen=26940 eklenen=0 update=26631 skip=309)
  sayfa 2695 islendi (toplam islenen=26950 eklenen=0 update=26641 skip=309)
  sayfa 2696 islendi (toplam islenen=26960 eklenen=0 update=26651 skip=309)
  sayfa 2697 islendi (toplam islenen=26970 eklenen=0 update=26661 skip=309)
  sayfa 2698 islendi (toplam islenen=26980 eklenen=0 update=26671 skip=309)
  sayfa 2699 islendi (toplam islenen=26990 eklenen=0 update=26681 skip=309)
  sayfa 2700 islendi (toplam islenen=27000 eklenen=0 update=26691 skip=309)
  sayfa 2701 islendi (toplam islenen=27010 eklenen=0 update=26701 skip=309)
  sayfa 2702 islendi (toplam islenen=27020 eklenen=0 update=26711 skip=309)
  sayfa 2703 islendi (toplam islenen=27030 eklenen=0 update=26721 skip=309)
  sayfa 2704 islendi (toplam islenen=27040 eklenen=0 update=26731 skip=309)
  sayfa 2705 islendi (toplam islenen=27050 eklenen=0 update=26741 skip=309)
  sayfa 2706 islendi (toplam islenen=27060 eklenen=0 update=26751 skip=309)
  sayfa 2707 islendi (toplam islenen=27070 eklenen=0 update=26761 skip=309)
  sayfa 2708 islendi (toplam islenen=27080 eklenen=0 update=26771 skip=309)
  sayfa 2709 islendi (toplam islenen=27090 eklenen=0 update=26781 skip=309)
  sayfa 2710 islendi (toplam islenen=27100 eklenen=0 update=26791 skip=309)
  sayfa 2711 islendi (toplam islenen=27110 eklenen=0 update=26801 skip=309)
  sayfa 2712 islendi (toplam islenen=27120 eklenen=0 update=26811 skip=309)
  sayfa 2713 islendi (toplam islenen=27130 eklenen=0 update=26821 skip=309)
  sayfa 2714 islendi (toplam islenen=27140 eklenen=0 update=26831 skip=309)
  sayfa 2715 islendi (toplam islenen=27150 eklenen=0 update=26841 skip=309)
  sayfa 2716 islendi (toplam islenen=27160 eklenen=0 update=26851 skip=309)
  sayfa 2717 islendi (toplam islenen=27170 eklenen=0 update=26861 skip=309)
  sayfa 2718 islendi (toplam islenen=27180 eklenen=0 update=26871 skip=309)
  sayfa 2719 islendi (toplam islenen=27190 eklenen=0 update=26881 skip=309)
  sayfa 2720 islendi (toplam islenen=27200 eklenen=0 update=26891 skip=309)
  sayfa 2721 islendi (toplam islenen=27210 eklenen=0 update=26901 skip=309)
  sayfa 2722 islendi (toplam islenen=27220 eklenen=0 update=26911 skip=309)
  sayfa 2723 islendi (toplam islenen=27230 eklenen=0 update=26921 skip=309)
  sayfa 2724 islendi (toplam islenen=27240 eklenen=0 update=26931 skip=309)
  sayfa 2725 islendi (toplam islenen=27250 eklenen=0 update=26941 skip=309)
  sayfa 2726 islendi (toplam islenen=27260 eklenen=0 update=26951 skip=309)
  sayfa 2727 islendi (toplam islenen=27270 eklenen=0 update=26961 skip=309)
  sayfa 2728 islendi (toplam islenen=27280 eklenen=0 update=26971 skip=309)
  sayfa 2729 islendi (toplam islenen=27290 eklenen=0 update=26981 skip=309)
  sayfa 2730 islendi (toplam islenen=27300 eklenen=0 update=26991 skip=309)
  sayfa 2731 islendi (toplam islenen=27310 eklenen=0 update=27001 skip=309)
  sayfa 2732 islendi (toplam islenen=27320 eklenen=0 update=27011 skip=309)
  sayfa 2733 islendi (toplam islenen=27330 eklenen=0 update=27021 skip=309)
  sayfa 2734 islendi (toplam islenen=27340 eklenen=0 update=27031 skip=309)
  sayfa 2735 islendi (toplam islenen=27350 eklenen=0 update=27041 skip=309)
  sayfa 2736 islendi (toplam islenen=27360 eklenen=0 update=27051 skip=309)
  sayfa 2737 islendi (toplam islenen=27370 eklenen=0 update=27061 skip=309)
  sayfa 2738 islendi (toplam islenen=27380 eklenen=0 update=27071 skip=309)
  sayfa 2739 islendi (toplam islenen=27390 eklenen=0 update=27081 skip=309)
  sayfa 2740 islendi (toplam islenen=27400 eklenen=0 update=27091 skip=309)
  sayfa 2741 islendi (toplam islenen=27410 eklenen=0 update=27101 skip=309)
  sayfa 2742 islendi (toplam islenen=27420 eklenen=0 update=27111 skip=309)
  sayfa 2743 islendi (toplam islenen=27430 eklenen=0 update=27121 skip=309)
  sayfa 2744 islendi (toplam islenen=27440 eklenen=0 update=27131 skip=309)
  sayfa 2745 islendi (toplam islenen=27450 eklenen=0 update=27141 skip=309)
  sayfa 2746 islendi (toplam islenen=27460 eklenen=0 update=27151 skip=309)
  sayfa 2747 islendi (toplam islenen=27470 eklenen=0 update=27161 skip=309)
  sayfa 2748 islendi (toplam islenen=27480 eklenen=0 update=27171 skip=309)
  sayfa 2749 islendi (toplam islenen=27490 eklenen=0 update=27181 skip=309)
  sayfa 2750 islendi (toplam islenen=27500 eklenen=0 update=27191 skip=309)
  sayfa 2751 islendi (toplam islenen=27510 eklenen=0 update=27201 skip=309)
  sayfa 2752 islendi (toplam islenen=27520 eklenen=0 update=27211 skip=309)
  sayfa 2753 islendi (toplam islenen=27530 eklenen=0 update=27221 skip=309)
  sayfa 2754 islendi (toplam islenen=27540 eklenen=0 update=27231 skip=309)
  sayfa 2755 islendi (toplam islenen=27550 eklenen=0 update=27241 skip=309)
  sayfa 2756 islendi (toplam islenen=27560 eklenen=0 update=27251 skip=309)
  sayfa 2757 islendi (toplam islenen=27570 eklenen=0 update=27261 skip=309)
  sayfa 2758 islendi (toplam islenen=27580 eklenen=0 update=27271 skip=309)
  sayfa 2759 islendi (toplam islenen=27590 eklenen=0 update=27281 skip=309)
  sayfa 2760 islendi (toplam islenen=27600 eklenen=0 update=27291 skip=309)
  sayfa 2761 islendi (toplam islenen=27610 eklenen=0 update=27301 skip=309)
  sayfa 2762 islendi (toplam islenen=27620 eklenen=0 update=27311 skip=309)
  sayfa 2763 islendi (toplam islenen=27630 eklenen=0 update=27321 skip=309)
  sayfa 2764 islendi (toplam islenen=27640 eklenen=0 update=27331 skip=309)
  sayfa 2765 islendi (toplam islenen=27650 eklenen=0 update=27341 skip=309)
  sayfa 2766 islendi (toplam islenen=27660 eklenen=0 update=27351 skip=309)
  sayfa 2767 islendi (toplam islenen=27670 eklenen=0 update=27361 skip=309)
  sayfa 2768 islendi (toplam islenen=27680 eklenen=0 update=27371 skip=309)
  sayfa 2769 islendi (toplam islenen=27690 eklenen=0 update=27381 skip=309)
  sayfa 2770 islendi (toplam islenen=27700 eklenen=0 update=27391 skip=309)
  sayfa 2771 islendi (toplam islenen=27710 eklenen=0 update=27401 skip=309)
  sayfa 2772 islendi (toplam islenen=27720 eklenen=0 update=27411 skip=309)
  sayfa 2773 islendi (toplam islenen=27730 eklenen=0 update=27421 skip=309)
  sayfa 2774 islendi (toplam islenen=27740 eklenen=0 update=27431 skip=309)
  sayfa 2775 islendi (toplam islenen=27750 eklenen=0 update=27441 skip=309)
  sayfa 2776 islendi (toplam islenen=27760 eklenen=0 update=27451 skip=309)
  sayfa 2777 islendi (toplam islenen=27770 eklenen=0 update=27461 skip=309)
  sayfa 2778 islendi (toplam islenen=27780 eklenen=0 update=27471 skip=309)
  sayfa 2779 islendi (toplam islenen=27790 eklenen=0 update=27481 skip=309)
  sayfa 2780 islendi (toplam islenen=27800 eklenen=0 update=27491 skip=309)
  sayfa 2781 islendi (toplam islenen=27810 eklenen=0 update=27501 skip=309)
  sayfa 2782 islendi (toplam islenen=27820 eklenen=0 update=27511 skip=309)
  sayfa 2783 islendi (toplam islenen=27830 eklenen=0 update=27521 skip=309)
  sayfa 2784 islendi (toplam islenen=27840 eklenen=0 update=27531 skip=309)
  sayfa 2785 islendi (toplam islenen=27850 eklenen=0 update=27541 skip=309)
  sayfa 2786 islendi (toplam islenen=27860 eklenen=0 update=27551 skip=309)
  sayfa 2787 islendi (toplam islenen=27870 eklenen=0 update=27561 skip=309)
  sayfa 2788 islendi (toplam islenen=27880 eklenen=0 update=27571 skip=309)
  sayfa 2789 islendi (toplam islenen=27890 eklenen=0 update=27581 skip=309)
  sayfa 2790 islendi (toplam islenen=27900 eklenen=0 update=27591 skip=309)
  sayfa 2791 islendi (toplam islenen=27910 eklenen=0 update=27601 skip=309)
  sayfa 2792 islendi (toplam islenen=27920 eklenen=0 update=27611 skip=309)
  sayfa 2793 islendi (toplam islenen=27930 eklenen=0 update=27621 skip=309)
  sayfa 2794 islendi (toplam islenen=27940 eklenen=0 update=27631 skip=309)
  sayfa 2795 islendi (toplam islenen=27950 eklenen=0 update=27641 skip=309)
  sayfa 2796 islendi (toplam islenen=27960 eklenen=0 update=27651 skip=309)
  sayfa 2797 islendi (toplam islenen=27970 eklenen=0 update=27661 skip=309)
  sayfa 2798 islendi (toplam islenen=27980 eklenen=0 update=27671 skip=309)
  sayfa 2799 islendi (toplam islenen=27990 eklenen=0 update=27681 skip=309)
  sayfa 2800 islendi (toplam islenen=28000 eklenen=0 update=27691 skip=309)
  sayfa 2801 islendi (toplam islenen=28010 eklenen=0 update=27701 skip=309)
  sayfa 2802 islendi (toplam islenen=28020 eklenen=0 update=27711 skip=309)
  sayfa 2803 islendi (toplam islenen=28030 eklenen=0 update=27721 skip=309)
  sayfa 2804 islendi (toplam islenen=28040 eklenen=0 update=27731 skip=309)
  sayfa 2805 islendi (toplam islenen=28050 eklenen=0 update=27741 skip=309)
  sayfa 2806 islendi (toplam islenen=28060 eklenen=0 update=27751 skip=309)
  sayfa 2807 islendi (toplam islenen=28070 eklenen=0 update=27761 skip=309)
  sayfa 2808 islendi (toplam islenen=28080 eklenen=0 update=27771 skip=309)
  sayfa 2809 islendi (toplam islenen=28090 eklenen=0 update=27781 skip=309)
  sayfa 2810 islendi (toplam islenen=28100 eklenen=0 update=27791 skip=309)
  sayfa 2811 islendi (toplam islenen=28110 eklenen=0 update=27801 skip=309)
  sayfa 2812 islendi (toplam islenen=28120 eklenen=0 update=27811 skip=309)
  sayfa 2813 islendi (toplam islenen=28130 eklenen=0 update=27821 skip=309)
  sayfa 2814 islendi (toplam islenen=28140 eklenen=0 update=27831 skip=309)
  sayfa 2815 islendi (toplam islenen=28150 eklenen=0 update=27841 skip=309)
  sayfa 2816 islendi (toplam islenen=28160 eklenen=0 update=27851 skip=309)
  sayfa 2817 islendi (toplam islenen=28170 eklenen=0 update=27861 skip=309)
  sayfa 2818 islendi (toplam islenen=28180 eklenen=0 update=27871 skip=309)
  sayfa 2819 islendi (toplam islenen=28190 eklenen=0 update=27881 skip=309)
  sayfa 2820 islendi (toplam islenen=28200 eklenen=0 update=27891 skip=309)
  sayfa 2821 islendi (toplam islenen=28210 eklenen=0 update=27901 skip=309)
  sayfa 2822 islendi (toplam islenen=28220 eklenen=0 update=27911 skip=309)
  sayfa 2823 islendi (toplam islenen=28230 eklenen=0 update=27921 skip=309)
  sayfa 2824 islendi (toplam islenen=28240 eklenen=0 update=27931 skip=309)
  sayfa 2825 islendi (toplam islenen=28250 eklenen=0 update=27941 skip=309)
  sayfa 2826 islendi (toplam islenen=28260 eklenen=0 update=27951 skip=309)
  sayfa 2827 islendi (toplam islenen=28270 eklenen=0 update=27961 skip=309)
  sayfa 2828 islendi (toplam islenen=28280 eklenen=0 update=27971 skip=309)
  sayfa 2829 islendi (toplam islenen=28290 eklenen=0 update=27981 skip=309)
  sayfa 2830 islendi (toplam islenen=28300 eklenen=0 update=27991 skip=309)
  sayfa 2831 islendi (toplam islenen=28310 eklenen=0 update=28001 skip=309)
  sayfa 2832 islendi (toplam islenen=28320 eklenen=0 update=28011 skip=309)
  sayfa 2833 islendi (toplam islenen=28330 eklenen=0 update=28021 skip=309)
  sayfa 2834 islendi (toplam islenen=28340 eklenen=0 update=28031 skip=309)
  sayfa 2835 islendi (toplam islenen=28350 eklenen=0 update=28041 skip=309)
  sayfa 2836 islendi (toplam islenen=28360 eklenen=0 update=28051 skip=309)
  sayfa 2837 islendi (toplam islenen=28370 eklenen=0 update=28061 skip=309)
  sayfa 2838 islendi (toplam islenen=28380 eklenen=0 update=28071 skip=309)
  sayfa 2839 islendi (toplam islenen=28390 eklenen=0 update=28081 skip=309)
  sayfa 2840 islendi (toplam islenen=28400 eklenen=0 update=28091 skip=309)
  sayfa 2841 islendi (toplam islenen=28410 eklenen=0 update=28101 skip=309)
  sayfa 2842 islendi (toplam islenen=28420 eklenen=0 update=28111 skip=309)
  sayfa 2843 islendi (toplam islenen=28430 eklenen=0 update=28121 skip=309)
  sayfa 2844 islendi (toplam islenen=28440 eklenen=0 update=28131 skip=309)
  sayfa 2845 islendi (toplam islenen=28450 eklenen=0 update=28141 skip=309)
  sayfa 2846 islendi (toplam islenen=28460 eklenen=0 update=28151 skip=309)
  sayfa 2847 islendi (toplam islenen=28470 eklenen=0 update=28161 skip=309)
  sayfa 2848 islendi (toplam islenen=28480 eklenen=0 update=28171 skip=309)
  sayfa 2849 islendi (toplam islenen=28490 eklenen=0 update=28181 skip=309)
  sayfa 2850 islendi (toplam islenen=28500 eklenen=0 update=28191 skip=309)
  sayfa 2851 islendi (toplam islenen=28510 eklenen=0 update=28201 skip=309)
  sayfa 2852 islendi (toplam islenen=28520 eklenen=0 update=28211 skip=309)
  sayfa 2853 islendi (toplam islenen=28530 eklenen=0 update=28221 skip=309)
  sayfa 2854 islendi (toplam islenen=28540 eklenen=0 update=28231 skip=309)
  sayfa 2855 islendi (toplam islenen=28550 eklenen=0 update=28241 skip=309)
  sayfa 2856 islendi (toplam islenen=28560 eklenen=0 update=28251 skip=309)
  sayfa 2857 islendi (toplam islenen=28570 eklenen=0 update=28261 skip=309)
  sayfa 2858 islendi (toplam islenen=28580 eklenen=0 update=28271 skip=309)
  sayfa 2859 islendi (toplam islenen=28590 eklenen=0 update=28281 skip=309)
  sayfa 2860 islendi (toplam islenen=28600 eklenen=0 update=28291 skip=309)
  sayfa 2861 islendi (toplam islenen=28610 eklenen=0 update=28301 skip=309)
  sayfa 2862 islendi (toplam islenen=28620 eklenen=0 update=28311 skip=309)
  sayfa 2863 islendi (toplam islenen=28630 eklenen=0 update=28321 skip=309)
  sayfa 2864 islendi (toplam islenen=28640 eklenen=0 update=28331 skip=309)
  sayfa 2865 islendi (toplam islenen=28650 eklenen=0 update=28341 skip=309)
  sayfa 2866 islendi (toplam islenen=28660 eklenen=0 update=28350 skip=310)
  sayfa 2867 islendi (toplam islenen=28670 eklenen=0 update=28360 skip=310)
  sayfa 2868 islendi (toplam islenen=28680 eklenen=0 update=28370 skip=310)
  sayfa 2869 islendi (toplam islenen=28690 eklenen=0 update=28380 skip=310)
  sayfa 2870 islendi (toplam islenen=28700 eklenen=0 update=28390 skip=310)
  sayfa 2871 islendi (toplam islenen=28710 eklenen=0 update=28400 skip=310)
  sayfa 2872 islendi (toplam islenen=28720 eklenen=0 update=28410 skip=310)
  sayfa 2873 islendi (toplam islenen=28730 eklenen=0 update=28420 skip=310)
  sayfa 2874 islendi (toplam islenen=28740 eklenen=0 update=28430 skip=310)
  sayfa 2875 islendi (toplam islenen=28750 eklenen=0 update=28440 skip=310)
  sayfa 2876 islendi (toplam islenen=28760 eklenen=0 update=28450 skip=310)
  sayfa 2877 islendi (toplam islenen=28770 eklenen=0 update=28460 skip=310)
  sayfa 2878 islendi (toplam islenen=28780 eklenen=0 update=28470 skip=310)
  sayfa 2879 islendi (toplam islenen=28790 eklenen=0 update=28480 skip=310)
  sayfa 2880 islendi (toplam islenen=28800 eklenen=0 update=28490 skip=310)
  sayfa 2881 islendi (toplam islenen=28810 eklenen=0 update=28500 skip=310)
  sayfa 2882 islendi (toplam islenen=28820 eklenen=0 update=28510 skip=310)
  sayfa 2883 islendi (toplam islenen=28830 eklenen=0 update=28520 skip=310)
  sayfa 2884 islendi (toplam islenen=28840 eklenen=0 update=28530 skip=310)
  sayfa 2885 islendi (toplam islenen=28850 eklenen=0 update=28540 skip=310)
  sayfa 2886 islendi (toplam islenen=28860 eklenen=0 update=28550 skip=310)
  sayfa 2887 islendi (toplam islenen=28870 eklenen=0 update=28560 skip=310)
  sayfa 2888 islendi (toplam islenen=28880 eklenen=0 update=28570 skip=310)
  sayfa 2889 islendi (toplam islenen=28890 eklenen=0 update=28580 skip=310)
  sayfa 2890 islendi (toplam islenen=28900 eklenen=0 update=28590 skip=310)
  sayfa 2891 islendi (toplam islenen=28910 eklenen=0 update=28600 skip=310)
  sayfa 2892 islendi (toplam islenen=28920 eklenen=0 update=28610 skip=310)
  sayfa 2893 islendi (toplam islenen=28930 eklenen=0 update=28620 skip=310)
  sayfa 2894 islendi (toplam islenen=28940 eklenen=0 update=28630 skip=310)
  sayfa 2895 islendi (toplam islenen=28950 eklenen=0 update=28640 skip=310)
  sayfa 2896 islendi (toplam islenen=28960 eklenen=0 update=28650 skip=310)
  sayfa 2897 islendi (toplam islenen=28970 eklenen=0 update=28660 skip=310)
  sayfa 2898 islendi (toplam islenen=28980 eklenen=0 update=28670 skip=310)
  sayfa 2899 islendi (toplam islenen=28990 eklenen=0 update=28680 skip=310)
  sayfa 2900 islendi (toplam islenen=29000 eklenen=0 update=28690 skip=310)
  sayfa 2901 islendi (toplam islenen=29010 eklenen=0 update=28700 skip=310)
  sayfa 2902 islendi (toplam islenen=29020 eklenen=0 update=28710 skip=310)
  sayfa 2903 islendi (toplam islenen=29030 eklenen=0 update=28720 skip=310)
  sayfa 2904 islendi (toplam islenen=29040 eklenen=0 update=28730 skip=310)
  sayfa 2905 islendi (toplam islenen=29050 eklenen=0 update=28740 skip=310)
  sayfa 2906 islendi (toplam islenen=29060 eklenen=0 update=28750 skip=310)
  sayfa 2907 islendi (toplam islenen=29070 eklenen=0 update=28760 skip=310)
  sayfa 2908 islendi (toplam islenen=29080 eklenen=0 update=28770 skip=310)
  sayfa 2909 islendi (toplam islenen=29090 eklenen=0 update=28780 skip=310)
  sayfa 2910 islendi (toplam islenen=29100 eklenen=0 update=28790 skip=310)
  sayfa 2911 islendi (toplam islenen=29110 eklenen=0 update=28800 skip=310)
  sayfa 2912 islendi (toplam islenen=29120 eklenen=0 update=28810 skip=310)
  sayfa 2913 islendi (toplam islenen=29130 eklenen=0 update=28820 skip=310)
  sayfa 2914 islendi (toplam islenen=29140 eklenen=0 update=28830 skip=310)
  sayfa 2915 islendi (toplam islenen=29150 eklenen=0 update=28840 skip=310)
  sayfa 2916 islendi (toplam islenen=29160 eklenen=0 update=28850 skip=310)
  sayfa 2917 islendi (toplam islenen=29170 eklenen=0 update=28860 skip=310)
  sayfa 2918 islendi (toplam islenen=29180 eklenen=0 update=28870 skip=310)
  sayfa 2919 islendi (toplam islenen=29190 eklenen=0 update=28880 skip=310)
  sayfa 2920 islendi (toplam islenen=29200 eklenen=0 update=28890 skip=310)
  sayfa 2921 islendi (toplam islenen=29210 eklenen=0 update=28900 skip=310)
  sayfa 2922 islendi (toplam islenen=29220 eklenen=0 update=28910 skip=310)
  sayfa 2923 islendi (toplam islenen=29230 eklenen=0 update=28920 skip=310)
  sayfa 2924 islendi (toplam islenen=29240 eklenen=0 update=28930 skip=310)
  sayfa 2925 islendi (toplam islenen=29250 eklenen=0 update=28940 skip=310)
  sayfa 2926 islendi (toplam islenen=29260 eklenen=0 update=28950 skip=310)
  sayfa 2927 islendi (toplam islenen=29270 eklenen=0 update=28960 skip=310)
  sayfa 2928 islendi (toplam islenen=29280 eklenen=0 update=28970 skip=310)
  sayfa 2929 islendi (toplam islenen=29290 eklenen=0 update=28980 skip=310)
  sayfa 2930 islendi (toplam islenen=29300 eklenen=0 update=28990 skip=310)
  sayfa 2931 islendi (toplam islenen=29310 eklenen=0 update=29000 skip=310)
  sayfa 2932 islendi (toplam islenen=29320 eklenen=0 update=29010 skip=310)
  sayfa 2933 islendi (toplam islenen=29330 eklenen=0 update=29020 skip=310)
  sayfa 2934 islendi (toplam islenen=29340 eklenen=0 update=29030 skip=310)
  sayfa 2935 islendi (toplam islenen=29350 eklenen=0 update=29040 skip=310)
  sayfa 2936 islendi (toplam islenen=29360 eklenen=0 update=29050 skip=310)
  sayfa 2937 islendi (toplam islenen=29370 eklenen=0 update=29060 skip=310)
  sayfa 2938 islendi (toplam islenen=29380 eklenen=0 update=29070 skip=310)
  sayfa 2939 islendi (toplam islenen=29390 eklenen=0 update=29080 skip=310)
  sayfa 2940 islendi (toplam islenen=29400 eklenen=0 update=29090 skip=310)
  sayfa 2941 islendi (toplam islenen=29410 eklenen=0 update=29100 skip=310)
  sayfa 2942 islendi (toplam islenen=29420 eklenen=0 update=29110 skip=310)
  sayfa 2943 islendi (toplam islenen=29430 eklenen=0 update=29120 skip=310)
  sayfa 2944 islendi (toplam islenen=29440 eklenen=0 update=29130 skip=310)
  sayfa 2945 islendi (toplam islenen=29450 eklenen=0 update=29140 skip=310)
  sayfa 2946 islendi (toplam islenen=29460 eklenen=0 update=29150 skip=310)
  sayfa 2947 islendi (toplam islenen=29470 eklenen=0 update=29160 skip=310)
  sayfa 2948 islendi (toplam islenen=29480 eklenen=0 update=29170 skip=310)
  sayfa 2949 islendi (toplam islenen=29490 eklenen=0 update=29180 skip=310)
  sayfa 2950 islendi (toplam islenen=29500 eklenen=0 update=29190 skip=310)
  sayfa 2951 islendi (toplam islenen=29510 eklenen=0 update=29200 skip=310)
  sayfa 2952 islendi (toplam islenen=29520 eklenen=0 update=29210 skip=310)
  sayfa 2953 islendi (toplam islenen=29530 eklenen=0 update=29220 skip=310)
  sayfa 2954 islendi (toplam islenen=29540 eklenen=0 update=29230 skip=310)
  sayfa 2955 islendi (toplam islenen=29550 eklenen=0 update=29240 skip=310)
  sayfa 2956 islendi (toplam islenen=29560 eklenen=0 update=29250 skip=310)
  sayfa 2957 islendi (toplam islenen=29570 eklenen=0 update=29260 skip=310)
  sayfa 2958 islendi (toplam islenen=29580 eklenen=0 update=29270 skip=310)
  sayfa 2959 islendi (toplam islenen=29590 eklenen=0 update=29280 skip=310)
  sayfa 2960 islendi (toplam islenen=29600 eklenen=0 update=29290 skip=310)
  sayfa 2961 islendi (toplam islenen=29610 eklenen=0 update=29300 skip=310)
  sayfa 2962 islendi (toplam islenen=29620 eklenen=0 update=29310 skip=310)
  sayfa 2963 islendi (toplam islenen=29630 eklenen=0 update=29320 skip=310)
  sayfa 2964 islendi (toplam islenen=29640 eklenen=0 update=29330 skip=310)
  sayfa 2965 islendi (toplam islenen=29650 eklenen=0 update=29340 skip=310)
  sayfa 2966 islendi (toplam islenen=29660 eklenen=0 update=29350 skip=310)
  sayfa 2967 islendi (toplam islenen=29670 eklenen=0 update=29360 skip=310)
  sayfa 2968 islendi (toplam islenen=29680 eklenen=0 update=29370 skip=310)
  sayfa 2969 islendi (toplam islenen=29690 eklenen=0 update=29380 skip=310)
  sayfa 2970 islendi (toplam islenen=29700 eklenen=0 update=29390 skip=310)
  sayfa 2971 islendi (toplam islenen=29710 eklenen=0 update=29400 skip=310)
  sayfa 2972 islendi (toplam islenen=29720 eklenen=0 update=29410 skip=310)
  sayfa 2973 islendi (toplam islenen=29730 eklenen=0 update=29420 skip=310)
  sayfa 2974 islendi (toplam islenen=29740 eklenen=0 update=29430 skip=310)
  sayfa 2975 islendi (toplam islenen=29750 eklenen=0 update=29440 skip=310)
  sayfa 2976 islendi (toplam islenen=29760 eklenen=0 update=29450 skip=310)
  sayfa 2977 islendi (toplam islenen=29770 eklenen=0 update=29460 skip=310)
  sayfa 2978 islendi (toplam islenen=29780 eklenen=0 update=29470 skip=310)
  sayfa 2979 islendi (toplam islenen=29790 eklenen=0 update=29480 skip=310)
  sayfa 2980 islendi (toplam islenen=29800 eklenen=0 update=29490 skip=310)
  sayfa 2981 islendi (toplam islenen=29810 eklenen=0 update=29500 skip=310)
  sayfa 2982 islendi (toplam islenen=29820 eklenen=0 update=29510 skip=310)
  sayfa 2983 islendi (toplam islenen=29830 eklenen=0 update=29520 skip=310)
  sayfa 2984 islendi (toplam islenen=29840 eklenen=0 update=29530 skip=310)
  sayfa 2985 islendi (toplam islenen=29850 eklenen=0 update=29540 skip=310)
  sayfa 2986 islendi (toplam islenen=29860 eklenen=0 update=29550 skip=310)
  sayfa 2987 islendi (toplam islenen=29870 eklenen=0 update=29560 skip=310)
  sayfa 2988 islendi (toplam islenen=29880 eklenen=0 update=29570 skip=310)
  sayfa 2989 islendi (toplam islenen=29890 eklenen=0 update=29580 skip=310)
  sayfa 2990 islendi (toplam islenen=29900 eklenen=0 update=29590 skip=310)
  sayfa 2991 islendi (toplam islenen=29910 eklenen=0 update=29600 skip=310)
  sayfa 2992 islendi (toplam islenen=29920 eklenen=0 update=29610 skip=310)
  sayfa 2993 islendi (toplam islenen=29930 eklenen=0 update=29620 skip=310)
  sayfa 2994 islendi (toplam islenen=29940 eklenen=0 update=29630 skip=310)
  sayfa 2995 islendi (toplam islenen=29950 eklenen=0 update=29640 skip=310)
  sayfa 2996 islendi (toplam islenen=29960 eklenen=0 update=29650 skip=310)
  sayfa 2997 islendi (toplam islenen=29970 eklenen=0 update=29660 skip=310)
  sayfa 2998 islendi (toplam islenen=29980 eklenen=0 update=29670 skip=310)
  sayfa 2999 islendi (toplam islenen=29990 eklenen=0 update=29680 skip=310)
  sayfa 3000 islendi (toplam islenen=30000 eklenen=0 update=29690 skip=310)
  sayfa 3001 islendi (toplam islenen=30010 eklenen=0 update=29700 skip=310)
  sayfa 3002 islendi (toplam islenen=30020 eklenen=0 update=29710 skip=310)
  sayfa 3003 islendi (toplam islenen=30030 eklenen=0 update=29720 skip=310)
  sayfa 3004 islendi (toplam islenen=30040 eklenen=0 update=29730 skip=310)
  sayfa 3005 islendi (toplam islenen=30050 eklenen=0 update=29740 skip=310)
  sayfa 3006 islendi (toplam islenen=30060 eklenen=0 update=29750 skip=310)
  sayfa 3007 islendi (toplam islenen=30070 eklenen=0 update=29760 skip=310)
  sayfa 3008 islendi (toplam islenen=30080 eklenen=0 update=29770 skip=310)
  sayfa 3009 islendi (toplam islenen=30090 eklenen=0 update=29780 skip=310)
  sayfa 3010 islendi (toplam islenen=30100 eklenen=0 update=29790 skip=310)
  sayfa 3011 islendi (toplam islenen=30110 eklenen=0 update=29800 skip=310)
  sayfa 3012 islendi (toplam islenen=30120 eklenen=0 update=29810 skip=310)
  sayfa 3013 islendi (toplam islenen=30130 eklenen=0 update=29820 skip=310)
  sayfa 3014 islendi (toplam islenen=30140 eklenen=0 update=29830 skip=310)
  sayfa 3015 islendi (toplam islenen=30150 eklenen=0 update=29840 skip=310)
  sayfa 3016 islendi (toplam islenen=30160 eklenen=0 update=29850 skip=310)
  sayfa 3017 islendi (toplam islenen=30170 eklenen=0 update=29860 skip=310)
  sayfa 3018 islendi (toplam islenen=30180 eklenen=0 update=29870 skip=310)
  sayfa 3019 islendi (toplam islenen=30190 eklenen=0 update=29880 skip=310)
  sayfa 3020 islendi (toplam islenen=30200 eklenen=0 update=29890 skip=310)
  sayfa 3021 islendi (toplam islenen=30210 eklenen=0 update=29900 skip=310)
  sayfa 3022 islendi (toplam islenen=30220 eklenen=0 update=29910 skip=310)
  sayfa 3023 islendi (toplam islenen=30230 eklenen=0 update=29920 skip=310)
  sayfa 3024 islendi (toplam islenen=30240 eklenen=0 update=29930 skip=310)
  sayfa 3025 islendi (toplam islenen=30250 eklenen=0 update=29940 skip=310)
  sayfa 3026 islendi (toplam islenen=30260 eklenen=0 update=29950 skip=310)
  sayfa 3027 islendi (toplam islenen=30270 eklenen=0 update=29960 skip=310)
  sayfa 3028 islendi (toplam islenen=30280 eklenen=0 update=29970 skip=310)
  sayfa 3029 islendi (toplam islenen=30290 eklenen=0 update=29980 skip=310)
  sayfa 3030 islendi (toplam islenen=30300 eklenen=0 update=29990 skip=310)
  sayfa 3031 islendi (toplam islenen=30310 eklenen=0 update=30000 skip=310)
  sayfa 3032 islendi (toplam islenen=30320 eklenen=0 update=30010 skip=310)
  sayfa 3033 islendi (toplam islenen=30330 eklenen=0 update=30020 skip=310)
  sayfa 3034 islendi (toplam islenen=30340 eklenen=0 update=30030 skip=310)
  sayfa 3035 islendi (toplam islenen=30350 eklenen=0 update=30040 skip=310)
  sayfa 3036 islendi (toplam islenen=30360 eklenen=0 update=30050 skip=310)
  sayfa 3037 islendi (toplam islenen=30370 eklenen=0 update=30060 skip=310)
  sayfa 3038 islendi (toplam islenen=30380 eklenen=0 update=30070 skip=310)
  sayfa 3039 islendi (toplam islenen=30390 eklenen=0 update=30080 skip=310)
  sayfa 3040 islendi (toplam islenen=30400 eklenen=0 update=30090 skip=310)
  sayfa 3041 islendi (toplam islenen=30410 eklenen=0 update=30100 skip=310)
  sayfa 3042 islendi (toplam islenen=30420 eklenen=0 update=30110 skip=310)
  sayfa 3043 islendi (toplam islenen=30430 eklenen=0 update=30120 skip=310)
  sayfa 3044 islendi (toplam islenen=30440 eklenen=0 update=30130 skip=310)
  sayfa 3045 islendi (toplam islenen=30450 eklenen=0 update=30140 skip=310)
  sayfa 3046 islendi (toplam islenen=30460 eklenen=0 update=30150 skip=310)
  sayfa 3047 islendi (toplam islenen=30470 eklenen=0 update=30160 skip=310)
  sayfa 3048 islendi (toplam islenen=30480 eklenen=0 update=30170 skip=310)
  sayfa 3049 islendi (toplam islenen=30490 eklenen=0 update=30180 skip=310)
  sayfa 3050 islendi (toplam islenen=30500 eklenen=0 update=30190 skip=310)
  sayfa 3051 islendi (toplam islenen=30510 eklenen=0 update=30200 skip=310)
  sayfa 3052 islendi (toplam islenen=30520 eklenen=0 update=30210 skip=310)
  sayfa 3053 islendi (toplam islenen=30530 eklenen=0 update=30220 skip=310)
  sayfa 3054 islendi (toplam islenen=30540 eklenen=0 update=30230 skip=310)
  sayfa 3055 islendi (toplam islenen=30550 eklenen=0 update=30240 skip=310)
  sayfa 3056 islendi (toplam islenen=30560 eklenen=0 update=30250 skip=310)
  sayfa 3057 islendi (toplam islenen=30570 eklenen=0 update=30260 skip=310)
  sayfa 3058 islendi (toplam islenen=30580 eklenen=0 update=30270 skip=310)
  sayfa 3059 islendi (toplam islenen=30590 eklenen=0 update=30280 skip=310)
  sayfa 3060 islendi (toplam islenen=30600 eklenen=0 update=30290 skip=310)
  sayfa 3061 islendi (toplam islenen=30610 eklenen=0 update=30300 skip=310)
  sayfa 3062 islendi (toplam islenen=30620 eklenen=0 update=30310 skip=310)
  sayfa 3063 islendi (toplam islenen=30630 eklenen=0 update=30320 skip=310)
  sayfa 3064 islendi (toplam islenen=30640 eklenen=0 update=30330 skip=310)
  sayfa 3065 islendi (toplam islenen=30650 eklenen=0 update=30340 skip=310)
  sayfa 3066 islendi (toplam islenen=30660 eklenen=0 update=30350 skip=310)
  sayfa 3067 islendi (toplam islenen=30670 eklenen=0 update=30360 skip=310)
  sayfa 3068 islendi (toplam islenen=30680 eklenen=0 update=30370 skip=310)
  sayfa 3069 islendi (toplam islenen=30690 eklenen=0 update=30380 skip=310)
  sayfa 3070 islendi (toplam islenen=30700 eklenen=0 update=30390 skip=310)
  sayfa 3071 islendi (toplam islenen=30710 eklenen=0 update=30400 skip=310)
  sayfa 3072 islendi (toplam islenen=30720 eklenen=0 update=30410 skip=310)
  sayfa 3073 islendi (toplam islenen=30730 eklenen=0 update=30420 skip=310)
  sayfa 3074 islendi (toplam islenen=30740 eklenen=0 update=30430 skip=310)
  sayfa 3075 islendi (toplam islenen=30750 eklenen=0 update=30440 skip=310)
  sayfa 3076 islendi (toplam islenen=30760 eklenen=0 update=30450 skip=310)
  sayfa 3077 islendi (toplam islenen=30770 eklenen=0 update=30460 skip=310)
  sayfa 3078 islendi (toplam islenen=30780 eklenen=0 update=30470 skip=310)
  sayfa 3079 islendi (toplam islenen=30790 eklenen=0 update=30480 skip=310)
  sayfa 3080 islendi (toplam islenen=30800 eklenen=0 update=30490 skip=310)
  sayfa 3081 islendi (toplam islenen=30810 eklenen=0 update=30500 skip=310)
  sayfa 3082 islendi (toplam islenen=30820 eklenen=0 update=30510 skip=310)
  sayfa 3083 islendi (toplam islenen=30830 eklenen=0 update=30520 skip=310)
  sayfa 3084 islendi (toplam islenen=30840 eklenen=0 update=30530 skip=310)
  sayfa 3085 islendi (toplam islenen=30850 eklenen=0 update=30540 skip=310)
  sayfa 3086 islendi (toplam islenen=30860 eklenen=0 update=30550 skip=310)
  sayfa 3087 islendi (toplam islenen=30870 eklenen=0 update=30560 skip=310)
  sayfa 3088 islendi (toplam islenen=30880 eklenen=0 update=30570 skip=310)
  sayfa 3089 islendi (toplam islenen=30890 eklenen=0 update=30580 skip=310)
  sayfa 3090 islendi (toplam islenen=30900 eklenen=0 update=30590 skip=310)
  sayfa 3091 islendi (toplam islenen=30910 eklenen=0 update=30600 skip=310)
  sayfa 3092 islendi (toplam islenen=30920 eklenen=0 update=30610 skip=310)
  sayfa 3093 islendi (toplam islenen=30930 eklenen=0 update=30620 skip=310)
  sayfa 3094 islendi (toplam islenen=30940 eklenen=0 update=30630 skip=310)
  sayfa 3095 islendi (toplam islenen=30950 eklenen=0 update=30640 skip=310)
  sayfa 3096 islendi (toplam islenen=30960 eklenen=0 update=30650 skip=310)
  sayfa 3097 islendi (toplam islenen=30970 eklenen=0 update=30660 skip=310)
  sayfa 3098 islendi (toplam islenen=30980 eklenen=0 update=30670 skip=310)
  sayfa 3099 islendi (toplam islenen=30990 eklenen=0 update=30680 skip=310)
  sayfa 3100 islendi (toplam islenen=31000 eklenen=0 update=30690 skip=310)
  sayfa 3101 islendi (toplam islenen=31010 eklenen=0 update=30700 skip=310)
  sayfa 3102 islendi (toplam islenen=31020 eklenen=0 update=30710 skip=310)
  sayfa 3103 islendi (toplam islenen=31030 eklenen=0 update=30720 skip=310)
  sayfa 3104 islendi (toplam islenen=31040 eklenen=0 update=30730 skip=310)
  sayfa 3105 islendi (toplam islenen=31050 eklenen=0 update=30740 skip=310)
  sayfa 3106 islendi (toplam islenen=31060 eklenen=0 update=30750 skip=310)
  sayfa 3107 islendi (toplam islenen=31070 eklenen=0 update=30760 skip=310)
  sayfa 3108 islendi (toplam islenen=31080 eklenen=0 update=30770 skip=310)
  sayfa 3109 islendi (toplam islenen=31090 eklenen=0 update=30780 skip=310)
  sayfa 3110 islendi (toplam islenen=31100 eklenen=0 update=30790 skip=310)
  sayfa 3111 islendi (toplam islenen=31110 eklenen=0 update=30800 skip=310)
  sayfa 3112 islendi (toplam islenen=31120 eklenen=0 update=30810 skip=310)
  sayfa 3113 islendi (toplam islenen=31130 eklenen=0 update=30820 skip=310)
  sayfa 3114 islendi (toplam islenen=31140 eklenen=0 update=30830 skip=310)
  sayfa 3115 islendi (toplam islenen=31150 eklenen=0 update=30840 skip=310)
  sayfa 3116 islendi (toplam islenen=31160 eklenen=0 update=30850 skip=310)
  sayfa 3117 islendi (toplam islenen=31170 eklenen=0 update=30860 skip=310)
  sayfa 3118 islendi (toplam islenen=31180 eklenen=0 update=30870 skip=310)
  sayfa 3119 islendi (toplam islenen=31190 eklenen=0 update=30880 skip=310)
  sayfa 3120 islendi (toplam islenen=31200 eklenen=0 update=30890 skip=310)
  sayfa 3121 islendi (toplam islenen=31210 eklenen=0 update=30900 skip=310)
  sayfa 3122 islendi (toplam islenen=31220 eklenen=0 update=30910 skip=310)
  sayfa 3123 islendi (toplam islenen=31230 eklenen=0 update=30920 skip=310)
  sayfa 3124 islendi (toplam islenen=31240 eklenen=0 update=30930 skip=310)
  sayfa 3125 islendi (toplam islenen=31250 eklenen=0 update=30940 skip=310)
  sayfa 3126 islendi (toplam islenen=31260 eklenen=0 update=30950 skip=310)
  sayfa 3127 islendi (toplam islenen=31270 eklenen=0 update=30960 skip=310)
  sayfa 3128 islendi (toplam islenen=31280 eklenen=0 update=30970 skip=310)
  sayfa 3129 islendi (toplam islenen=31290 eklenen=0 update=30980 skip=310)
  sayfa 3130 islendi (toplam islenen=31300 eklenen=0 update=30990 skip=310)
  sayfa 3131 islendi (toplam islenen=31310 eklenen=0 update=31000 skip=310)
  sayfa 3132 islendi (toplam islenen=31320 eklenen=0 update=31010 skip=310)
  sayfa 3133 islendi (toplam islenen=31330 eklenen=0 update=31020 skip=310)
  sayfa 3134 islendi (toplam islenen=31340 eklenen=0 update=31030 skip=310)
  sayfa 3135 islendi (toplam islenen=31350 eklenen=0 update=31040 skip=310)
  sayfa 3136 islendi (toplam islenen=31360 eklenen=0 update=31050 skip=310)
  sayfa 3137 islendi (toplam islenen=31370 eklenen=0 update=31060 skip=310)
  sayfa 3138 islendi (toplam islenen=31380 eklenen=0 update=31070 skip=310)
  sayfa 3139 islendi (toplam islenen=31390 eklenen=0 update=31080 skip=310)
  sayfa 3140 islendi (toplam islenen=31400 eklenen=0 update=31090 skip=310)
  sayfa 3141 islendi (toplam islenen=31410 eklenen=0 update=31100 skip=310)
  sayfa 3142 islendi (toplam islenen=31420 eklenen=0 update=31110 skip=310)
  sayfa 3143 islendi (toplam islenen=31430 eklenen=0 update=31120 skip=310)
  sayfa 3144 islendi (toplam islenen=31440 eklenen=0 update=31130 skip=310)
  sayfa 3145 islendi (toplam islenen=31450 eklenen=0 update=31140 skip=310)
  sayfa 3146 islendi (toplam islenen=31460 eklenen=0 update=31150 skip=310)
  sayfa 3147 islendi (toplam islenen=31470 eklenen=0 update=31160 skip=310)
  sayfa 3148 islendi (toplam islenen=31480 eklenen=0 update=31170 skip=310)
  sayfa 3149 islendi (toplam islenen=31490 eklenen=0 update=31180 skip=310)
  sayfa 3150 islendi (toplam islenen=31500 eklenen=0 update=31190 skip=310)
  sayfa 3151 islendi (toplam islenen=31510 eklenen=0 update=31200 skip=310)
  sayfa 3152 islendi (toplam islenen=31520 eklenen=0 update=31210 skip=310)
  sayfa 3153 islendi (toplam islenen=31530 eklenen=0 update=31220 skip=310)
  sayfa 3154 islendi (toplam islenen=31540 eklenen=0 update=31230 skip=310)
  sayfa 3155 islendi (toplam islenen=31550 eklenen=0 update=31240 skip=310)
  sayfa 3156 islendi (toplam islenen=31560 eklenen=0 update=31250 skip=310)
  sayfa 3157 islendi (toplam islenen=31570 eklenen=0 update=31260 skip=310)
  sayfa 3158 islendi (toplam islenen=31580 eklenen=0 update=31270 skip=310)
  sayfa 3159 islendi (toplam islenen=31590 eklenen=0 update=31280 skip=310)
  sayfa 3160 islendi (toplam islenen=31600 eklenen=0 update=31290 skip=310)
  sayfa 3161 islendi (toplam islenen=31610 eklenen=0 update=31300 skip=310)
  sayfa 3162 islendi (toplam islenen=31620 eklenen=0 update=31310 skip=310)
  sayfa 3163 islendi (toplam islenen=31630 eklenen=0 update=31320 skip=310)
  sayfa 3164 islendi (toplam islenen=31640 eklenen=0 update=31330 skip=310)
  sayfa 3165 islendi (toplam islenen=31650 eklenen=0 update=31340 skip=310)
  sayfa 3166 islendi (toplam islenen=31660 eklenen=0 update=31350 skip=310)
  sayfa 3167 islendi (toplam islenen=31670 eklenen=0 update=31360 skip=310)
  sayfa 3168 islendi (toplam islenen=31680 eklenen=0 update=31370 skip=310)
  sayfa 3169 islendi (toplam islenen=31690 eklenen=0 update=31380 skip=310)
  sayfa 3170 islendi (toplam islenen=31700 eklenen=0 update=31390 skip=310)
  sayfa 3171 islendi (toplam islenen=31710 eklenen=0 update=31400 skip=310)
  sayfa 3172 islendi (toplam islenen=31720 eklenen=0 update=31410 skip=310)
  sayfa 3173 islendi (toplam islenen=31730 eklenen=0 update=31420 skip=310)
  sayfa 3174 islendi (toplam islenen=31740 eklenen=0 update=31430 skip=310)
  sayfa 3175 islendi (toplam islenen=31750 eklenen=0 update=31440 skip=310)
  sayfa 3176 islendi (toplam islenen=31760 eklenen=0 update=31450 skip=310)
  sayfa 3177 islendi (toplam islenen=31770 eklenen=0 update=31460 skip=310)
  sayfa 3178 islendi (toplam islenen=31780 eklenen=0 update=31470 skip=310)
  sayfa 3179 islendi (toplam islenen=31790 eklenen=0 update=31480 skip=310)
  sayfa 3180 islendi (toplam islenen=31800 eklenen=0 update=31490 skip=310)
  sayfa 3181 islendi (toplam islenen=31810 eklenen=0 update=31500 skip=310)
  sayfa 3182 islendi (toplam islenen=31820 eklenen=0 update=31510 skip=310)
  sayfa 3183 islendi (toplam islenen=31830 eklenen=0 update=31520 skip=310)
  sayfa 3184 islendi (toplam islenen=31840 eklenen=0 update=31530 skip=310)
  sayfa 3185 islendi (toplam islenen=31850 eklenen=0 update=31540 skip=310)
  sayfa 3186 islendi (toplam islenen=31860 eklenen=0 update=31550 skip=310)
  sayfa 3187 islendi (toplam islenen=31870 eklenen=0 update=31560 skip=310)
  sayfa 3188 islendi (toplam islenen=31880 eklenen=0 update=31570 skip=310)
  sayfa 3189 islendi (toplam islenen=31890 eklenen=0 update=31580 skip=310)
  sayfa 3190 islendi (toplam islenen=31900 eklenen=0 update=31590 skip=310)
  sayfa 3191 islendi (toplam islenen=31910 eklenen=0 update=31600 skip=310)
  sayfa 3192 islendi (toplam islenen=31920 eklenen=0 update=31610 skip=310)
  sayfa 3193 islendi (toplam islenen=31930 eklenen=0 update=31619 skip=311)
  sayfa 3194 islendi (toplam islenen=31940 eklenen=0 update=31629 skip=311)
  sayfa 3195 islendi (toplam islenen=31950 eklenen=0 update=31639 skip=311)
  sayfa 3196 islendi (toplam islenen=31960 eklenen=0 update=31649 skip=311)
  sayfa 3197 islendi (toplam islenen=31970 eklenen=0 update=31659 skip=311)
  sayfa 3198 islendi (toplam islenen=31980 eklenen=0 update=31669 skip=311)
  sayfa 3199 islendi (toplam islenen=31990 eklenen=0 update=31679 skip=311)
  sayfa 3200 islendi (toplam islenen=32000 eklenen=0 update=31689 skip=311)
  sayfa 3201 islendi (toplam islenen=32010 eklenen=0 update=31699 skip=311)
  sayfa 3202 islendi (toplam islenen=32020 eklenen=0 update=31709 skip=311)
  sayfa 3203 islendi (toplam islenen=32030 eklenen=0 update=31719 skip=311)
  sayfa 3204 islendi (toplam islenen=32040 eklenen=0 update=31729 skip=311)
  sayfa 3205 islendi (toplam islenen=32050 eklenen=0 update=31739 skip=311)
  sayfa 3206 islendi (toplam islenen=32060 eklenen=0 update=31749 skip=311)
  sayfa 3207 islendi (toplam islenen=32070 eklenen=0 update=31759 skip=311)
  sayfa 3208 islendi (toplam islenen=32080 eklenen=0 update=31769 skip=311)
  sayfa 3209 islendi (toplam islenen=32090 eklenen=0 update=31779 skip=311)
  sayfa 3210 islendi (toplam islenen=32100 eklenen=0 update=31789 skip=311)
  sayfa 3211 islendi (toplam islenen=32110 eklenen=0 update=31799 skip=311)
  sayfa 3212 islendi (toplam islenen=32120 eklenen=0 update=31809 skip=311)
  sayfa 3213 islendi (toplam islenen=32130 eklenen=0 update=31819 skip=311)
  sayfa 3214 islendi (toplam islenen=32140 eklenen=0 update=31829 skip=311)
  sayfa 3215 islendi (toplam islenen=32150 eklenen=0 update=31838 skip=312)
  sayfa 3216 islendi (toplam islenen=32160 eklenen=0 update=31848 skip=312)
  sayfa 3217 islendi (toplam islenen=32170 eklenen=0 update=31858 skip=312)
  sayfa 3218 islendi (toplam islenen=32180 eklenen=0 update=31868 skip=312)
  sayfa 3219 islendi (toplam islenen=32190 eklenen=0 update=31878 skip=312)
  sayfa 3220 islendi (toplam islenen=32200 eklenen=0 update=31888 skip=312)
  sayfa 3221 islendi (toplam islenen=32210 eklenen=0 update=31898 skip=312)
  sayfa 3222 islendi (toplam islenen=32220 eklenen=0 update=31908 skip=312)
  sayfa 3223 islendi (toplam islenen=32230 eklenen=0 update=31918 skip=312)
  sayfa 3224 islendi (toplam islenen=32240 eklenen=0 update=31928 skip=312)
  sayfa 3225 islendi (toplam islenen=32250 eklenen=0 update=31938 skip=312)
  sayfa 3226 islendi (toplam islenen=32260 eklenen=0 update=31948 skip=312)
  sayfa 3227 islendi (toplam islenen=32270 eklenen=0 update=31958 skip=312)
  sayfa 3228 islendi (toplam islenen=32280 eklenen=0 update=31968 skip=312)
  sayfa 3229 islendi (toplam islenen=32290 eklenen=0 update=31978 skip=312)
  sayfa 3230 islendi (toplam islenen=32300 eklenen=0 update=31988 skip=312)
  sayfa 3231 islendi (toplam islenen=32310 eklenen=0 update=31998 skip=312)
  sayfa 3232 islendi (toplam islenen=32320 eklenen=0 update=32008 skip=312)
  sayfa 3233 islendi (toplam islenen=32330 eklenen=0 update=32018 skip=312)
  sayfa 3234 islendi (toplam islenen=32340 eklenen=0 update=32028 skip=312)
  sayfa 3235 islendi (toplam islenen=32350 eklenen=0 update=32038 skip=312)
  sayfa 3236 islendi (toplam islenen=32360 eklenen=0 update=32048 skip=312)
  sayfa 3237 islendi (toplam islenen=32370 eklenen=0 update=32058 skip=312)
  sayfa 3238 islendi (toplam islenen=32380 eklenen=0 update=32068 skip=312)
  sayfa 3239 islendi (toplam islenen=32390 eklenen=0 update=32078 skip=312)
  sayfa 3240 islendi (toplam islenen=32400 eklenen=0 update=32088 skip=312)
  sayfa 3241 islendi (toplam islenen=32410 eklenen=0 update=32098 skip=312)
  sayfa 3242 islendi (toplam islenen=32420 eklenen=0 update=32108 skip=312)
  sayfa 3243 islendi (toplam islenen=32430 eklenen=0 update=32118 skip=312)
  sayfa 3244 islendi (toplam islenen=32440 eklenen=0 update=32128 skip=312)
  sayfa 3245 islendi (toplam islenen=32450 eklenen=0 update=32138 skip=312)
  sayfa 3246 islendi (toplam islenen=32460 eklenen=0 update=32148 skip=312)
  sayfa 3247 islendi (toplam islenen=32470 eklenen=0 update=32158 skip=312)
  sayfa 3248 islendi (toplam islenen=32480 eklenen=0 update=32168 skip=312)
  sayfa 3249 islendi (toplam islenen=32490 eklenen=0 update=32178 skip=312)
  sayfa 3250 islendi (toplam islenen=32500 eklenen=0 update=32188 skip=312)
  sayfa 3251 islendi (toplam islenen=32510 eklenen=0 update=32198 skip=312)
  sayfa 3252 islendi (toplam islenen=32520 eklenen=0 update=32208 skip=312)
  sayfa 3253 islendi (toplam islenen=32530 eklenen=0 update=32218 skip=312)
  sayfa 3254 islendi (toplam islenen=32540 eklenen=0 update=32228 skip=312)
  sayfa 3255 islendi (toplam islenen=32550 eklenen=0 update=32238 skip=312)
  sayfa 3256 islendi (toplam islenen=32560 eklenen=0 update=32248 skip=312)
  sayfa 3257 islendi (toplam islenen=32570 eklenen=0 update=32258 skip=312)
  sayfa 3258 islendi (toplam islenen=32580 eklenen=0 update=32268 skip=312)
  sayfa 3259 islendi (toplam islenen=32590 eklenen=0 update=32278 skip=312)
  sayfa 3260 islendi (toplam islenen=32600 eklenen=0 update=32288 skip=312)
  sayfa 3261 islendi (toplam islenen=32610 eklenen=0 update=32298 skip=312)
  sayfa 3262 islendi (toplam islenen=32620 eklenen=0 update=32308 skip=312)
  sayfa 3263 islendi (toplam islenen=32630 eklenen=0 update=32318 skip=312)
  sayfa 3264 islendi (toplam islenen=32640 eklenen=0 update=32328 skip=312)
  sayfa 3265 islendi (toplam islenen=32650 eklenen=0 update=32338 skip=312)
  sayfa 3266 islendi (toplam islenen=32660 eklenen=0 update=32348 skip=312)
  sayfa 3267 islendi (toplam islenen=32670 eklenen=0 update=32358 skip=312)
  sayfa 3268 islendi (toplam islenen=32680 eklenen=0 update=32368 skip=312)
  sayfa 3269 islendi (toplam islenen=32690 eklenen=0 update=32378 skip=312)
  sayfa 3270 islendi (toplam islenen=32700 eklenen=0 update=32388 skip=312)
  sayfa 3271 islendi (toplam islenen=32710 eklenen=0 update=32398 skip=312)
  sayfa 3272 islendi (toplam islenen=32720 eklenen=0 update=32408 skip=312)
  sayfa 3273 islendi (toplam islenen=32730 eklenen=0 update=32418 skip=312)
  sayfa 3274 islendi (toplam islenen=32740 eklenen=0 update=32428 skip=312)
  sayfa 3275 islendi (toplam islenen=32750 eklenen=0 update=32438 skip=312)
  sayfa 3276 islendi (toplam islenen=32760 eklenen=0 update=32448 skip=312)
  sayfa 3277 islendi (toplam islenen=32770 eklenen=0 update=32458 skip=312)
  sayfa 3278 islendi (toplam islenen=32780 eklenen=0 update=32468 skip=312)
  sayfa 3279 islendi (toplam islenen=32790 eklenen=0 update=32478 skip=312)
  sayfa 3280 islendi (toplam islenen=32800 eklenen=0 update=32488 skip=312)
  sayfa 3281 islendi (toplam islenen=32810 eklenen=0 update=32498 skip=312)
  sayfa 3282 islendi (toplam islenen=32820 eklenen=0 update=32508 skip=312)
  sayfa 3283 islendi (toplam islenen=32830 eklenen=0 update=32518 skip=312)
  sayfa 3284 islendi (toplam islenen=32840 eklenen=0 update=32528 skip=312)
  sayfa 3285 islendi (toplam islenen=32850 eklenen=0 update=32538 skip=312)
  sayfa 3286 islendi (toplam islenen=32860 eklenen=0 update=32548 skip=312)
  sayfa 3287 islendi (toplam islenen=32870 eklenen=0 update=32558 skip=312)
  sayfa 3288 islendi (toplam islenen=32880 eklenen=0 update=32568 skip=312)
  sayfa 3289 islendi (toplam islenen=32890 eklenen=0 update=32578 skip=312)
  sayfa 3290 islendi (toplam islenen=32900 eklenen=0 update=32588 skip=312)
  sayfa 3291 islendi (toplam islenen=32910 eklenen=0 update=32598 skip=312)
  sayfa 3292 islendi (toplam islenen=32920 eklenen=0 update=32608 skip=312)
  sayfa 3293 islendi (toplam islenen=32930 eklenen=0 update=32618 skip=312)
  sayfa 3294 islendi (toplam islenen=32940 eklenen=0 update=32628 skip=312)
  sayfa 3295 islendi (toplam islenen=32950 eklenen=0 update=32638 skip=312)
  sayfa 3296 islendi (toplam islenen=32960 eklenen=0 update=32648 skip=312)
  sayfa 3297 islendi (toplam islenen=32970 eklenen=0 update=32658 skip=312)
  sayfa 3298 islendi (toplam islenen=32980 eklenen=0 update=32668 skip=312)
  sayfa 3299 islendi (toplam islenen=32990 eklenen=0 update=32678 skip=312)
  sayfa 3300 islendi (toplam islenen=33000 eklenen=0 update=32688 skip=312)
  sayfa 3301 islendi (toplam islenen=33010 eklenen=0 update=32698 skip=312)
  sayfa 3302 islendi (toplam islenen=33020 eklenen=0 update=32708 skip=312)
  sayfa 3303 islendi (toplam islenen=33030 eklenen=0 update=32718 skip=312)
  sayfa 3304 islendi (toplam islenen=33040 eklenen=0 update=32728 skip=312)
  sayfa 3305 islendi (toplam islenen=33050 eklenen=0 update=32738 skip=312)
  sayfa 3306 islendi (toplam islenen=33060 eklenen=0 update=32748 skip=312)
  sayfa 3307 islendi (toplam islenen=33070 eklenen=0 update=32758 skip=312)
  sayfa 3308 islendi (toplam islenen=33080 eklenen=0 update=32768 skip=312)
  sayfa 3309 islendi (toplam islenen=33090 eklenen=0 update=32778 skip=312)
  sayfa 3310 islendi (toplam islenen=33100 eklenen=0 update=32788 skip=312)
  sayfa 3311 islendi (toplam islenen=33110 eklenen=0 update=32798 skip=312)
  sayfa 3312 islendi (toplam islenen=33120 eklenen=0 update=32808 skip=312)
  sayfa 3313 islendi (toplam islenen=33130 eklenen=0 update=32818 skip=312)
  sayfa 3314 islendi (toplam islenen=33140 eklenen=0 update=32828 skip=312)
  sayfa 3315 islendi (toplam islenen=33150 eklenen=0 update=32838 skip=312)
  sayfa 3316 islendi (toplam islenen=33160 eklenen=0 update=32848 skip=312)
  sayfa 3317 islendi (toplam islenen=33170 eklenen=0 update=32858 skip=312)
  sayfa 3318 islendi (toplam islenen=33180 eklenen=0 update=32868 skip=312)
  sayfa 3319 islendi (toplam islenen=33190 eklenen=0 update=32878 skip=312)
  sayfa 3320 islendi (toplam islenen=33200 eklenen=0 update=32888 skip=312)
  sayfa 3321 islendi (toplam islenen=33210 eklenen=0 update=32898 skip=312)
  sayfa 3322 islendi (toplam islenen=33220 eklenen=0 update=32908 skip=312)
  sayfa 3323 islendi (toplam islenen=33230 eklenen=0 update=32918 skip=312)
  sayfa 3324 islendi (toplam islenen=33240 eklenen=0 update=32928 skip=312)
  sayfa 3325 islendi (toplam islenen=33250 eklenen=0 update=32938 skip=312)
  sayfa 3326 islendi (toplam islenen=33260 eklenen=0 update=32948 skip=312)
  sayfa 3327 islendi (toplam islenen=33270 eklenen=0 update=32958 skip=312)
  sayfa 3328 islendi (toplam islenen=33280 eklenen=0 update=32968 skip=312)
  sayfa 3329 islendi (toplam islenen=33290 eklenen=0 update=32978 skip=312)
  sayfa 3330 islendi (toplam islenen=33300 eklenen=0 update=32988 skip=312)
  sayfa 3331 islendi (toplam islenen=33310 eklenen=0 update=32998 skip=312)
  sayfa 3332 islendi (toplam islenen=33320 eklenen=0 update=33008 skip=312)
  sayfa 3333 islendi (toplam islenen=33330 eklenen=0 update=33018 skip=312)
  sayfa 3334 islendi (toplam islenen=33340 eklenen=0 update=33028 skip=312)
  sayfa 3335 islendi (toplam islenen=33350 eklenen=0 update=33038 skip=312)
  sayfa 3336 islendi (toplam islenen=33360 eklenen=0 update=33048 skip=312)
  sayfa 3337 islendi (toplam islenen=33370 eklenen=0 update=33058 skip=312)
  sayfa 3338 islendi (toplam islenen=33380 eklenen=0 update=33068 skip=312)
  sayfa 3339 islendi (toplam islenen=33390 eklenen=0 update=33078 skip=312)
  sayfa 3340 islendi (toplam islenen=33400 eklenen=0 update=33088 skip=312)
  sayfa 3341 islendi (toplam islenen=33410 eklenen=0 update=33098 skip=312)
  sayfa 3342 islendi (toplam islenen=33420 eklenen=0 update=33108 skip=312)
  sayfa 3343 islendi (toplam islenen=33430 eklenen=0 update=33118 skip=312)
  sayfa 3344 islendi (toplam islenen=33440 eklenen=0 update=33128 skip=312)
  sayfa 3345 islendi (toplam islenen=33450 eklenen=0 update=33138 skip=312)
  sayfa 3346 islendi (toplam islenen=33460 eklenen=0 update=33148 skip=312)
  sayfa 3347 islendi (toplam islenen=33470 eklenen=0 update=33158 skip=312)
  sayfa 3348 islendi (toplam islenen=33480 eklenen=0 update=33168 skip=312)
  sayfa 3349 islendi (toplam islenen=33490 eklenen=0 update=33178 skip=312)
  sayfa 3350 islendi (toplam islenen=33500 eklenen=0 update=33188 skip=312)
  sayfa 3351 islendi (toplam islenen=33510 eklenen=0 update=33198 skip=312)
  sayfa 3352 islendi (toplam islenen=33520 eklenen=0 update=33208 skip=312)
  sayfa 3353 islendi (toplam islenen=33530 eklenen=0 update=33218 skip=312)
  sayfa 3354 islendi (toplam islenen=33540 eklenen=0 update=33228 skip=312)
  sayfa 3355 islendi (toplam islenen=33550 eklenen=0 update=33238 skip=312)
  sayfa 3356 islendi (toplam islenen=33560 eklenen=0 update=33248 skip=312)
  sayfa 3357 islendi (toplam islenen=33570 eklenen=0 update=33258 skip=312)
  sayfa 3358 islendi (toplam islenen=33580 eklenen=0 update=33268 skip=312)
  sayfa 3359 islendi (toplam islenen=33590 eklenen=0 update=33278 skip=312)
  sayfa 3360 islendi (toplam islenen=33600 eklenen=0 update=33288 skip=312)
  sayfa 3361 islendi (toplam islenen=33610 eklenen=0 update=33298 skip=312)
  sayfa 3362 islendi (toplam islenen=33620 eklenen=0 update=33308 skip=312)
  sayfa 3363 islendi (toplam islenen=33630 eklenen=0 update=33318 skip=312)
  sayfa 3364 islendi (toplam islenen=33640 eklenen=0 update=33328 skip=312)
  sayfa 3365 islendi (toplam islenen=33650 eklenen=0 update=33338 skip=312)
  sayfa 3366 islendi (toplam islenen=33660 eklenen=0 update=33348 skip=312)
  sayfa 3367 islendi (toplam islenen=33670 eklenen=0 update=33358 skip=312)
  sayfa 3368 islendi (toplam islenen=33680 eklenen=0 update=33368 skip=312)
  sayfa 3369 islendi (toplam islenen=33690 eklenen=0 update=33378 skip=312)
  sayfa 3370 islendi (toplam islenen=33700 eklenen=0 update=33388 skip=312)
  sayfa 3371 islendi (toplam islenen=33710 eklenen=0 update=33398 skip=312)
  sayfa 3372 islendi (toplam islenen=33720 eklenen=0 update=33408 skip=312)
  sayfa 3373 islendi (toplam islenen=33730 eklenen=0 update=33418 skip=312)
  sayfa 3374 islendi (toplam islenen=33740 eklenen=0 update=33428 skip=312)
  sayfa 3375 islendi (toplam islenen=33750 eklenen=0 update=33438 skip=312)
  sayfa 3376 islendi (toplam islenen=33760 eklenen=0 update=33448 skip=312)
  sayfa 3377 islendi (toplam islenen=33770 eklenen=0 update=33458 skip=312)
  sayfa 3378 islendi (toplam islenen=33780 eklenen=0 update=33468 skip=312)
  sayfa 3379 islendi (toplam islenen=33790 eklenen=0 update=33478 skip=312)
  sayfa 3380 islendi (toplam islenen=33800 eklenen=0 update=33488 skip=312)
  sayfa 3381 islendi (toplam islenen=33810 eklenen=0 update=33498 skip=312)
  sayfa 3382 islendi (toplam islenen=33820 eklenen=0 update=33508 skip=312)
  sayfa 3383 islendi (toplam islenen=33830 eklenen=0 update=33518 skip=312)
  sayfa 3384 islendi (toplam islenen=33840 eklenen=0 update=33528 skip=312)
  sayfa 3385 islendi (toplam islenen=33850 eklenen=0 update=33538 skip=312)
  sayfa 3386 islendi (toplam islenen=33860 eklenen=0 update=33548 skip=312)
  sayfa 3387 islendi (toplam islenen=33870 eklenen=0 update=33558 skip=312)
  sayfa 3388 islendi (toplam islenen=33880 eklenen=0 update=33568 skip=312)
  sayfa 3389 islendi (toplam islenen=33890 eklenen=0 update=33578 skip=312)
  sayfa 3390 islendi (toplam islenen=33900 eklenen=0 update=33588 skip=312)
  sayfa 3391 islendi (toplam islenen=33910 eklenen=0 update=33598 skip=312)
  sayfa 3392 islendi (toplam islenen=33920 eklenen=0 update=33608 skip=312)
  sayfa 3393 islendi (toplam islenen=33930 eklenen=0 update=33618 skip=312)
  sayfa 3394 islendi (toplam islenen=33940 eklenen=0 update=33628 skip=312)
  sayfa 3395 islendi (toplam islenen=33950 eklenen=0 update=33638 skip=312)
  sayfa 3396 islendi (toplam islenen=33960 eklenen=0 update=33648 skip=312)
  sayfa 3397 islendi (toplam islenen=33970 eklenen=0 update=33658 skip=312)
  sayfa 3398 islendi (toplam islenen=33980 eklenen=0 update=33668 skip=312)
  sayfa 3399 islendi (toplam islenen=33990 eklenen=0 update=33678 skip=312)
  sayfa 3400 islendi (toplam islenen=34000 eklenen=0 update=33688 skip=312)
  sayfa 3401 islendi (toplam islenen=34010 eklenen=0 update=33698 skip=312)
  sayfa 3402 islendi (toplam islenen=34020 eklenen=0 update=33708 skip=312)
  sayfa 3403 islendi (toplam islenen=34030 eklenen=0 update=33718 skip=312)
  sayfa 3404 islendi (toplam islenen=34040 eklenen=0 update=33728 skip=312)
  sayfa 3405 islendi (toplam islenen=34050 eklenen=0 update=33738 skip=312)
  sayfa 3406 islendi (toplam islenen=34060 eklenen=0 update=33748 skip=312)
  sayfa 3407 islendi (toplam islenen=34070 eklenen=0 update=33758 skip=312)
  sayfa 3408 islendi (toplam islenen=34080 eklenen=0 update=33768 skip=312)
  sayfa 3409 islendi (toplam islenen=34090 eklenen=0 update=33778 skip=312)
  sayfa 3410 islendi (toplam islenen=34100 eklenen=0 update=33788 skip=312)
  sayfa 3411 islendi (toplam islenen=34110 eklenen=0 update=33798 skip=312)
  sayfa 3412 islendi (toplam islenen=34120 eklenen=0 update=33808 skip=312)
  sayfa 3413 islendi (toplam islenen=34130 eklenen=0 update=33818 skip=312)
  sayfa 3414 islendi (toplam islenen=34140 eklenen=0 update=33828 skip=312)
  sayfa 3415 islendi (toplam islenen=34150 eklenen=0 update=33838 skip=312)
  sayfa 3416 islendi (toplam islenen=34160 eklenen=0 update=33848 skip=312)
  sayfa 3417 islendi (toplam islenen=34170 eklenen=0 update=33858 skip=312)
  sayfa 3418 islendi (toplam islenen=34180 eklenen=0 update=33868 skip=312)
  sayfa 3419 islendi (toplam islenen=34190 eklenen=0 update=33878 skip=312)
  sayfa 3420 islendi (toplam islenen=34200 eklenen=0 update=33888 skip=312)
  sayfa 3421 islendi (toplam islenen=34210 eklenen=0 update=33898 skip=312)
  sayfa 3422 islendi (toplam islenen=34220 eklenen=0 update=33908 skip=312)
  sayfa 3423 islendi (toplam islenen=34230 eklenen=0 update=33918 skip=312)
  sayfa 3424 islendi (toplam islenen=34240 eklenen=0 update=33928 skip=312)
  sayfa 3425 islendi (toplam islenen=34250 eklenen=0 update=33938 skip=312)
  sayfa 3426 islendi (toplam islenen=34260 eklenen=0 update=33948 skip=312)
  sayfa 3427 islendi (toplam islenen=34270 eklenen=0 update=33958 skip=312)
  sayfa 3428 islendi (toplam islenen=34280 eklenen=0 update=33968 skip=312)
  sayfa 3429 islendi (toplam islenen=34290 eklenen=0 update=33978 skip=312)
  sayfa 3430 islendi (toplam islenen=34300 eklenen=0 update=33988 skip=312)
  sayfa 3431 islendi (toplam islenen=34310 eklenen=0 update=33998 skip=312)
  sayfa 3432 islendi (toplam islenen=34320 eklenen=0 update=34008 skip=312)
  sayfa 3433 islendi (toplam islenen=34330 eklenen=0 update=34018 skip=312)
  sayfa 3434 islendi (toplam islenen=34340 eklenen=0 update=34028 skip=312)
  sayfa 3435 islendi (toplam islenen=34350 eklenen=0 update=34038 skip=312)
  sayfa 3436 islendi (toplam islenen=34360 eklenen=0 update=34048 skip=312)
  sayfa 3437 islendi (toplam islenen=34370 eklenen=0 update=34058 skip=312)
  sayfa 3438 islendi (toplam islenen=34380 eklenen=0 update=34068 skip=312)
  sayfa 3439 islendi (toplam islenen=34390 eklenen=0 update=34078 skip=312)
  sayfa 3440 islendi (toplam islenen=34400 eklenen=0 update=34088 skip=312)
  sayfa 3441 islendi (toplam islenen=34410 eklenen=0 update=34098 skip=312)
  sayfa 3442 islendi (toplam islenen=34420 eklenen=0 update=34108 skip=312)
  sayfa 3443 islendi (toplam islenen=34430 eklenen=0 update=34118 skip=312)
  sayfa 3444 islendi (toplam islenen=34440 eklenen=0 update=34128 skip=312)
  sayfa 3445 islendi (toplam islenen=34450 eklenen=0 update=34138 skip=312)
  sayfa 3446 islendi (toplam islenen=34460 eklenen=0 update=34148 skip=312)
  sayfa 3447 islendi (toplam islenen=34470 eklenen=0 update=34158 skip=312)
  sayfa 3448 islendi (toplam islenen=34480 eklenen=0 update=34168 skip=312)
  sayfa 3449 islendi (toplam islenen=34490 eklenen=0 update=34178 skip=312)
  sayfa 3450 islendi (toplam islenen=34500 eklenen=0 update=34188 skip=312)
  sayfa 3451 islendi (toplam islenen=34510 eklenen=0 update=34198 skip=312)
  sayfa 3452 islendi (toplam islenen=34520 eklenen=0 update=34208 skip=312)
  sayfa 3453 islendi (toplam islenen=34530 eklenen=0 update=34218 skip=312)
  sayfa 3454 islendi (toplam islenen=34540 eklenen=0 update=34228 skip=312)
  sayfa 3455 islendi (toplam islenen=34550 eklenen=0 update=34238 skip=312)
  sayfa 3456 islendi (toplam islenen=34560 eklenen=0 update=34248 skip=312)
  sayfa 3457 islendi (toplam islenen=34570 eklenen=0 update=34258 skip=312)
  sayfa 3458 islendi (toplam islenen=34580 eklenen=0 update=34268 skip=312)
  sayfa 3459 islendi (toplam islenen=34590 eklenen=0 update=34278 skip=312)
  sayfa 3460 islendi (toplam islenen=34600 eklenen=0 update=34288 skip=312)
  sayfa 3461 islendi (toplam islenen=34610 eklenen=0 update=34298 skip=312)
  sayfa 3462 islendi (toplam islenen=34620 eklenen=0 update=34308 skip=312)
  sayfa 3463 islendi (toplam islenen=34630 eklenen=0 update=34318 skip=312)
  sayfa 3464 islendi (toplam islenen=34640 eklenen=0 update=34328 skip=312)
  sayfa 3465 islendi (toplam islenen=34650 eklenen=0 update=34338 skip=312)
  sayfa 3466 islendi (toplam islenen=34660 eklenen=0 update=34348 skip=312)
  sayfa 3467 islendi (toplam islenen=34670 eklenen=0 update=34358 skip=312)
  sayfa 3468 islendi (toplam islenen=34680 eklenen=0 update=34368 skip=312)
  sayfa 3469 islendi (toplam islenen=34690 eklenen=0 update=34378 skip=312)
  sayfa 3470 islendi (toplam islenen=34700 eklenen=0 update=34388 skip=312)
  sayfa 3471 islendi (toplam islenen=34710 eklenen=0 update=34398 skip=312)
  sayfa 3472 islendi (toplam islenen=34720 eklenen=0 update=34408 skip=312)
  sayfa 3473 islendi (toplam islenen=34730 eklenen=0 update=34418 skip=312)
  sayfa 3474 islendi (toplam islenen=34740 eklenen=0 update=34428 skip=312)
  sayfa 3475 islendi (toplam islenen=34750 eklenen=0 update=34438 skip=312)
  sayfa 3476 islendi (toplam islenen=34760 eklenen=0 update=34448 skip=312)
  sayfa 3477 islendi (toplam islenen=34770 eklenen=0 update=34458 skip=312)
  sayfa 3478 islendi (toplam islenen=34780 eklenen=0 update=34468 skip=312)
  sayfa 3479 islendi (toplam islenen=34790 eklenen=0 update=34478 skip=312)
  sayfa 3480 islendi (toplam islenen=34800 eklenen=0 update=34488 skip=312)
  sayfa 3481 islendi (toplam islenen=34810 eklenen=0 update=34498 skip=312)
  sayfa 3482 islendi (toplam islenen=34820 eklenen=0 update=34508 skip=312)
  sayfa 3483 islendi (toplam islenen=34830 eklenen=0 update=34518 skip=312)
  sayfa 3484 islendi (toplam islenen=34840 eklenen=0 update=34528 skip=312)
  sayfa 3485 islendi (toplam islenen=34850 eklenen=0 update=34538 skip=312)
  sayfa 3486 islendi (toplam islenen=34860 eklenen=0 update=34548 skip=312)
  sayfa 3487 islendi (toplam islenen=34870 eklenen=0 update=34558 skip=312)
  sayfa 3488 islendi (toplam islenen=34880 eklenen=0 update=34568 skip=312)
  sayfa 3489 islendi (toplam islenen=34890 eklenen=0 update=34578 skip=312)
  sayfa 3490 islendi (toplam islenen=34900 eklenen=0 update=34588 skip=312)
  sayfa 3491 islendi (toplam islenen=34910 eklenen=0 update=34598 skip=312)
  sayfa 3492 islendi (toplam islenen=34920 eklenen=0 update=34608 skip=312)
  sayfa 3493 islendi (toplam islenen=34930 eklenen=0 update=34618 skip=312)
  sayfa 3494 islendi (toplam islenen=34940 eklenen=0 update=34628 skip=312)
  sayfa 3495 islendi (toplam islenen=34950 eklenen=0 update=34638 skip=312)
  sayfa 3496 islendi (toplam islenen=34960 eklenen=0 update=34648 skip=312)
  sayfa 3497 islendi (toplam islenen=34970 eklenen=0 update=34658 skip=312)
  sayfa 3498 islendi (toplam islenen=34980 eklenen=0 update=34668 skip=312)
  sayfa 3499 islendi (toplam islenen=34990 eklenen=0 update=34678 skip=312)
  sayfa 3500 islendi (toplam islenen=35000 eklenen=0 update=34688 skip=312)
  sayfa 3501 islendi (toplam islenen=35010 eklenen=0 update=34698 skip=312)
  sayfa 3502 islendi (toplam islenen=35020 eklenen=0 update=34708 skip=312)
  sayfa 3503 islendi (toplam islenen=35030 eklenen=0 update=34718 skip=312)
  sayfa 3504 islendi (toplam islenen=35040 eklenen=0 update=34728 skip=312)
  sayfa 3505 islendi (toplam islenen=35050 eklenen=0 update=34738 skip=312)
  sayfa 3506 islendi (toplam islenen=35060 eklenen=0 update=34748 skip=312)
  sayfa 3507 islendi (toplam islenen=35070 eklenen=0 update=34758 skip=312)
  sayfa 3508 islendi (toplam islenen=35080 eklenen=0 update=34768 skip=312)
  sayfa 3509 islendi (toplam islenen=35090 eklenen=0 update=34778 skip=312)
  sayfa 3510 islendi (toplam islenen=35100 eklenen=0 update=34788 skip=312)
  sayfa 3511 islendi (toplam islenen=35110 eklenen=0 update=34798 skip=312)
  sayfa 3512 islendi (toplam islenen=35120 eklenen=0 update=34808 skip=312)
  sayfa 3513 islendi (toplam islenen=35130 eklenen=0 update=34818 skip=312)
  sayfa 3514 islendi (toplam islenen=35140 eklenen=0 update=34828 skip=312)
  sayfa 3515 islendi (toplam islenen=35150 eklenen=0 update=34838 skip=312)
  sayfa 3516 islendi (toplam islenen=35160 eklenen=0 update=34848 skip=312)
  sayfa 3517 islendi (toplam islenen=35170 eklenen=0 update=34858 skip=312)
  sayfa 3518 islendi (toplam islenen=35180 eklenen=0 update=34868 skip=312)
  sayfa 3519 islendi (toplam islenen=35190 eklenen=0 update=34878 skip=312)
  sayfa 3520 islendi (toplam islenen=35200 eklenen=0 update=34888 skip=312)
  sayfa 3521 islendi (toplam islenen=35210 eklenen=0 update=34898 skip=312)
  sayfa 3522 islendi (toplam islenen=35220 eklenen=0 update=34908 skip=312)
  sayfa 3523 islendi (toplam islenen=35230 eklenen=0 update=34918 skip=312)
  sayfa 3524 islendi (toplam islenen=35240 eklenen=0 update=34928 skip=312)
  sayfa 3525 islendi (toplam islenen=35250 eklenen=0 update=34938 skip=312)
  sayfa 3526 islendi (toplam islenen=35260 eklenen=0 update=34948 skip=312)
  sayfa 3527 islendi (toplam islenen=35270 eklenen=0 update=34958 skip=312)
  sayfa 3528 islendi (toplam islenen=35280 eklenen=0 update=34968 skip=312)
  sayfa 3529 islendi (toplam islenen=35290 eklenen=0 update=34978 skip=312)
  sayfa 3530 islendi (toplam islenen=35300 eklenen=0 update=34988 skip=312)
  sayfa 3531 islendi (toplam islenen=35310 eklenen=0 update=34998 skip=312)
  sayfa 3532 islendi (toplam islenen=35320 eklenen=0 update=35008 skip=312)
  sayfa 3533 islendi (toplam islenen=35330 eklenen=0 update=35018 skip=312)
  sayfa 3534 islendi (toplam islenen=35340 eklenen=0 update=35028 skip=312)
  sayfa 3535 islendi (toplam islenen=35350 eklenen=0 update=35038 skip=312)
  sayfa 3536 islendi (toplam islenen=35360 eklenen=0 update=35048 skip=312)
  sayfa 3537 islendi (toplam islenen=35370 eklenen=0 update=35058 skip=312)
  sayfa 3538 islendi (toplam islenen=35380 eklenen=0 update=35068 skip=312)
  sayfa 3539 islendi (toplam islenen=35390 eklenen=0 update=35078 skip=312)
  sayfa 3540 islendi (toplam islenen=35400 eklenen=0 update=35088 skip=312)
  sayfa 3541 islendi (toplam islenen=35410 eklenen=0 update=35098 skip=312)
  sayfa 3542 islendi (toplam islenen=35420 eklenen=0 update=35108 skip=312)
  sayfa 3543 islendi (toplam islenen=35430 eklenen=0 update=35118 skip=312)
  sayfa 3544 islendi (toplam islenen=35440 eklenen=0 update=35128 skip=312)
  sayfa 3545 islendi (toplam islenen=35450 eklenen=0 update=35138 skip=312)
  sayfa 3546 islendi (toplam islenen=35460 eklenen=0 update=35148 skip=312)
  sayfa 3547 islendi (toplam islenen=35470 eklenen=0 update=35158 skip=312)
  sayfa 3548 islendi (toplam islenen=35480 eklenen=0 update=35168 skip=312)
  sayfa 3549 islendi (toplam islenen=35490 eklenen=0 update=35178 skip=312)
  sayfa 3550 islendi (toplam islenen=35500 eklenen=0 update=35188 skip=312)
  sayfa 3551 islendi (toplam islenen=35510 eklenen=0 update=35198 skip=312)
  sayfa 3552 islendi (toplam islenen=35520 eklenen=0 update=35208 skip=312)
  sayfa 3553 islendi (toplam islenen=35530 eklenen=0 update=35218 skip=312)
  sayfa 3554 islendi (toplam islenen=35540 eklenen=0 update=35228 skip=312)
  sayfa 3555 islendi (toplam islenen=35550 eklenen=0 update=35238 skip=312)
  sayfa 3556 islendi (toplam islenen=35560 eklenen=0 update=35248 skip=312)
  sayfa 3557 islendi (toplam islenen=35570 eklenen=0 update=35258 skip=312)
  sayfa 3558 islendi (toplam islenen=35580 eklenen=0 update=35268 skip=312)
  sayfa 3559 islendi (toplam islenen=35590 eklenen=0 update=35278 skip=312)
  sayfa 3560 islendi (toplam islenen=35600 eklenen=0 update=35288 skip=312)
  sayfa 3561 islendi (toplam islenen=35610 eklenen=0 update=35298 skip=312)
  sayfa 3562 islendi (toplam islenen=35620 eklenen=0 update=35308 skip=312)
  sayfa 3563 islendi (toplam islenen=35630 eklenen=0 update=35318 skip=312)
  sayfa 3564 islendi (toplam islenen=35640 eklenen=0 update=35328 skip=312)
  sayfa 3565 islendi (toplam islenen=35650 eklenen=0 update=35338 skip=312)
  sayfa 3566 islendi (toplam islenen=35660 eklenen=0 update=35348 skip=312)
  sayfa 3567 islendi (toplam islenen=35670 eklenen=0 update=35358 skip=312)
  sayfa 3568 islendi (toplam islenen=35680 eklenen=0 update=35368 skip=312)
  sayfa 3569 islendi (toplam islenen=35690 eklenen=0 update=35378 skip=312)
  sayfa 3570 islendi (toplam islenen=35700 eklenen=0 update=35388 skip=312)
  sayfa 3571 islendi (toplam islenen=35710 eklenen=0 update=35398 skip=312)
  sayfa 3572 islendi (toplam islenen=35720 eklenen=0 update=35408 skip=312)
  sayfa 3573 islendi (toplam islenen=35730 eklenen=0 update=35418 skip=312)
  sayfa 3574 islendi (toplam islenen=35740 eklenen=0 update=35428 skip=312)
  sayfa 3575 islendi (toplam islenen=35750 eklenen=0 update=35438 skip=312)
  sayfa 3576 islendi (toplam islenen=35760 eklenen=0 update=35448 skip=312)
  sayfa 3577 islendi (toplam islenen=35770 eklenen=0 update=35458 skip=312)
  sayfa 3578 islendi (toplam islenen=35780 eklenen=0 update=35468 skip=312)
  sayfa 3579 islendi (toplam islenen=35790 eklenen=0 update=35478 skip=312)
  sayfa 3580 islendi (toplam islenen=35800 eklenen=0 update=35488 skip=312)
  sayfa 3581 islendi (toplam islenen=35810 eklenen=0 update=35498 skip=312)
  sayfa 3582 islendi (toplam islenen=35820 eklenen=0 update=35508 skip=312)
  sayfa 3583 islendi (toplam islenen=35830 eklenen=0 update=35518 skip=312)
  sayfa 3584 islendi (toplam islenen=35840 eklenen=0 update=35528 skip=312)
  sayfa 3585 islendi (toplam islenen=35850 eklenen=0 update=35538 skip=312)
  sayfa 3586 islendi (toplam islenen=35860 eklenen=0 update=35548 skip=312)
  sayfa 3587 islendi (toplam islenen=35870 eklenen=0 update=35558 skip=312)
  sayfa 3588 islendi (toplam islenen=35880 eklenen=0 update=35568 skip=312)
  sayfa 3589 islendi (toplam islenen=35890 eklenen=0 update=35578 skip=312)
  sayfa 3590 islendi (toplam islenen=35900 eklenen=0 update=35588 skip=312)
  sayfa 3591 islendi (toplam islenen=35910 eklenen=0 update=35598 skip=312)
  sayfa 3592 islendi (toplam islenen=35920 eklenen=0 update=35608 skip=312)
  sayfa 3593 islendi (toplam islenen=35930 eklenen=0 update=35618 skip=312)
  sayfa 3594 islendi (toplam islenen=35940 eklenen=0 update=35628 skip=312)
  sayfa 3595 islendi (toplam islenen=35950 eklenen=0 update=35638 skip=312)
  sayfa 3596 islendi (toplam islenen=35960 eklenen=0 update=35648 skip=312)
  sayfa 3597 islendi (toplam islenen=35970 eklenen=0 update=35658 skip=312)
  sayfa 3598 islendi (toplam islenen=35980 eklenen=0 update=35668 skip=312)
  sayfa 3599 islendi (toplam islenen=35990 eklenen=0 update=35678 skip=312)
  sayfa 3600 islendi (toplam islenen=36000 eklenen=0 update=35688 skip=312)
  sayfa 3601 islendi (toplam islenen=36010 eklenen=0 update=35698 skip=312)
  sayfa 3602 islendi (toplam islenen=36020 eklenen=0 update=35708 skip=312)
  sayfa 3603 islendi (toplam islenen=36030 eklenen=0 update=35718 skip=312)
  sayfa 3604 islendi (toplam islenen=36040 eklenen=0 update=35728 skip=312)
  sayfa 3605 islendi (toplam islenen=36050 eklenen=0 update=35738 skip=312)
  sayfa 3606 islendi (toplam islenen=36060 eklenen=0 update=35748 skip=312)
  sayfa 3607 islendi (toplam islenen=36070 eklenen=0 update=35758 skip=312)
  sayfa 3608 islendi (toplam islenen=36080 eklenen=0 update=35768 skip=312)
  sayfa 3609 islendi (toplam islenen=36090 eklenen=0 update=35778 skip=312)
  sayfa 3610 islendi (toplam islenen=36100 eklenen=0 update=35788 skip=312)
  sayfa 3611 islendi (toplam islenen=36110 eklenen=0 update=35798 skip=312)
  sayfa 3612 islendi (toplam islenen=36120 eklenen=0 update=35808 skip=312)
  sayfa 3613 islendi (toplam islenen=36130 eklenen=0 update=35818 skip=312)
  sayfa 3614 islendi (toplam islenen=36140 eklenen=0 update=35828 skip=312)
  sayfa 3615 islendi (toplam islenen=36150 eklenen=0 update=35838 skip=312)
  sayfa 3616 islendi (toplam islenen=36160 eklenen=0 update=35848 skip=312)
  sayfa 3617 islendi (toplam islenen=36170 eklenen=0 update=35858 skip=312)
  sayfa 3618 islendi (toplam islenen=36180 eklenen=0 update=35868 skip=312)
  sayfa 3619 islendi (toplam islenen=36190 eklenen=0 update=35878 skip=312)
  sayfa 3620 islendi (toplam islenen=36200 eklenen=0 update=35888 skip=312)
  sayfa 3621 islendi (toplam islenen=36210 eklenen=0 update=35898 skip=312)
  sayfa 3622 islendi (toplam islenen=36220 eklenen=0 update=35908 skip=312)
  sayfa 3623 islendi (toplam islenen=36230 eklenen=0 update=35918 skip=312)
  sayfa 3624 islendi (toplam islenen=36240 eklenen=0 update=35928 skip=312)
  sayfa 3625 islendi (toplam islenen=36250 eklenen=0 update=35938 skip=312)
  sayfa 3626 islendi (toplam islenen=36260 eklenen=0 update=35948 skip=312)
  sayfa 3627 islendi (toplam islenen=36270 eklenen=0 update=35958 skip=312)
  sayfa 3628 islendi (toplam islenen=36280 eklenen=0 update=35968 skip=312)
  sayfa 3629 islendi (toplam islenen=36290 eklenen=0 update=35978 skip=312)
  sayfa 3630 islendi (toplam islenen=36300 eklenen=0 update=35988 skip=312)
  sayfa 3631 islendi (toplam islenen=36310 eklenen=0 update=35998 skip=312)
  sayfa 3632 islendi (toplam islenen=36320 eklenen=0 update=36008 skip=312)
  sayfa 3633 islendi (toplam islenen=36330 eklenen=0 update=36018 skip=312)
  sayfa 3634 islendi (toplam islenen=36340 eklenen=0 update=36028 skip=312)
  sayfa 3635 islendi (toplam islenen=36350 eklenen=0 update=36038 skip=312)
  sayfa 3636 islendi (toplam islenen=36360 eklenen=0 update=36048 skip=312)
  sayfa 3637 islendi (toplam islenen=36370 eklenen=0 update=36058 skip=312)
  sayfa 3638 islendi (toplam islenen=36380 eklenen=0 update=36068 skip=312)
  sayfa 3639 islendi (toplam islenen=36390 eklenen=0 update=36078 skip=312)
  sayfa 3640 islendi (toplam islenen=36400 eklenen=0 update=36088 skip=312)
  sayfa 3641 islendi (toplam islenen=36410 eklenen=0 update=36098 skip=312)
  sayfa 3642 islendi (toplam islenen=36420 eklenen=0 update=36108 skip=312)
  sayfa 3643 islendi (toplam islenen=36430 eklenen=0 update=36118 skip=312)
  sayfa 3644 islendi (toplam islenen=36440 eklenen=0 update=36128 skip=312)
  sayfa 3645 islendi (toplam islenen=36450 eklenen=0 update=36138 skip=312)
  sayfa 3646 islendi (toplam islenen=36460 eklenen=0 update=36148 skip=312)
  sayfa 3647 islendi (toplam islenen=36470 eklenen=0 update=36158 skip=312)
  sayfa 3648 islendi (toplam islenen=36480 eklenen=0 update=36168 skip=312)
  sayfa 3649 islendi (toplam islenen=36490 eklenen=0 update=36178 skip=312)
  sayfa 3650 islendi (toplam islenen=36500 eklenen=0 update=36188 skip=312)
  sayfa 3651 islendi (toplam islenen=36510 eklenen=0 update=36198 skip=312)
  sayfa 3652 islendi (toplam islenen=36520 eklenen=0 update=36208 skip=312)
  sayfa 3653 islendi (toplam islenen=36530 eklenen=0 update=36218 skip=312)
  sayfa 3654 islendi (toplam islenen=36540 eklenen=0 update=36228 skip=312)
  sayfa 3655 islendi (toplam islenen=36550 eklenen=0 update=36238 skip=312)
  sayfa 3656 islendi (toplam islenen=36560 eklenen=0 update=36248 skip=312)
  sayfa 3657 islendi (toplam islenen=36570 eklenen=0 update=36258 skip=312)
  sayfa 3658 islendi (toplam islenen=36580 eklenen=0 update=36268 skip=312)
  sayfa 3659 islendi (toplam islenen=36590 eklenen=0 update=36278 skip=312)
  sayfa 3660 islendi (toplam islenen=36600 eklenen=0 update=36288 skip=312)
  sayfa 3661 islendi (toplam islenen=36610 eklenen=0 update=36298 skip=312)
  sayfa 3662 islendi (toplam islenen=36620 eklenen=0 update=36308 skip=312)
  sayfa 3663 islendi (toplam islenen=36630 eklenen=0 update=36318 skip=312)
  sayfa 3664 islendi (toplam islenen=36640 eklenen=0 update=36328 skip=312)
  sayfa 3665 islendi (toplam islenen=36650 eklenen=0 update=36338 skip=312)
  sayfa 3666 islendi (toplam islenen=36660 eklenen=0 update=36348 skip=312)
  sayfa 3667 islendi (toplam islenen=36670 eklenen=0 update=36358 skip=312)
  sayfa 3668 islendi (toplam islenen=36680 eklenen=0 update=36368 skip=312)
  sayfa 3669 islendi (toplam islenen=36690 eklenen=0 update=36378 skip=312)
  sayfa 3670 islendi (toplam islenen=36700 eklenen=0 update=36388 skip=312)
  sayfa 3671 islendi (toplam islenen=36710 eklenen=0 update=36398 skip=312)
  sayfa 3672 islendi (toplam islenen=36720 eklenen=0 update=36408 skip=312)
  sayfa 3673 islendi (toplam islenen=36730 eklenen=0 update=36418 skip=312)
  sayfa 3674 islendi (toplam islenen=36740 eklenen=0 update=36428 skip=312)
  sayfa 3675 islendi (toplam islenen=36750 eklenen=0 update=36438 skip=312)
  sayfa 3676 islendi (toplam islenen=36760 eklenen=0 update=36448 skip=312)
  sayfa 3677 islendi (toplam islenen=36770 eklenen=0 update=36458 skip=312)
  sayfa 3678 islendi (toplam islenen=36780 eklenen=0 update=36468 skip=312)
  sayfa 3679 islendi (toplam islenen=36790 eklenen=0 update=36478 skip=312)
  sayfa 3680 islendi (toplam islenen=36800 eklenen=0 update=36488 skip=312)
  sayfa 3681 islendi (toplam islenen=36810 eklenen=0 update=36498 skip=312)
  sayfa 3682 islendi (toplam islenen=36820 eklenen=0 update=36508 skip=312)
  sayfa 3683 islendi (toplam islenen=36830 eklenen=0 update=36518 skip=312)
  sayfa 3684 islendi (toplam islenen=36840 eklenen=0 update=36528 skip=312)
  sayfa 3685 islendi (toplam islenen=36850 eklenen=0 update=36538 skip=312)
  sayfa 3686 islendi (toplam islenen=36860 eklenen=0 update=36548 skip=312)
  sayfa 3687 islendi (toplam islenen=36870 eklenen=0 update=36558 skip=312)
  sayfa 3688 islendi (toplam islenen=36880 eklenen=0 update=36568 skip=312)
  sayfa 3689 islendi (toplam islenen=36890 eklenen=0 update=36578 skip=312)
  sayfa 3690 islendi (toplam islenen=36900 eklenen=0 update=36588 skip=312)
  sayfa 3691 islendi (toplam islenen=36910 eklenen=0 update=36598 skip=312)
  sayfa 3692 islendi (toplam islenen=36920 eklenen=0 update=36608 skip=312)
  sayfa 3693 islendi (toplam islenen=36930 eklenen=0 update=36618 skip=312)
  sayfa 3694 islendi (toplam islenen=36940 eklenen=0 update=36628 skip=312)
  sayfa 3695 islendi (toplam islenen=36950 eklenen=0 update=36638 skip=312)
  sayfa 3696 islendi (toplam islenen=36960 eklenen=0 update=36648 skip=312)
  sayfa 3697 islendi (toplam islenen=36970 eklenen=0 update=36658 skip=312)
  sayfa 3698 islendi (toplam islenen=36980 eklenen=0 update=36668 skip=312)
  sayfa 3699 islendi (toplam islenen=36990 eklenen=0 update=36678 skip=312)
  sayfa 3700 islendi (toplam islenen=37000 eklenen=0 update=36688 skip=312)
  sayfa 3701 islendi (toplam islenen=37010 eklenen=0 update=36698 skip=312)
  sayfa 3702 islendi (toplam islenen=37020 eklenen=0 update=36708 skip=312)
  sayfa 3703 islendi (toplam islenen=37030 eklenen=0 update=36718 skip=312)
  sayfa 3704 islendi (toplam islenen=37040 eklenen=0 update=36728 skip=312)
  sayfa 3705 islendi (toplam islenen=37050 eklenen=0 update=36738 skip=312)
  sayfa 3706 islendi (toplam islenen=37060 eklenen=0 update=36748 skip=312)
  sayfa 3707 islendi (toplam islenen=37070 eklenen=0 update=36758 skip=312)
  sayfa 3708 islendi (toplam islenen=37080 eklenen=0 update=36768 skip=312)
  sayfa 3709 islendi (toplam islenen=37090 eklenen=0 update=36778 skip=312)
  sayfa 3710 islendi (toplam islenen=37100 eklenen=0 update=36788 skip=312)
  sayfa 3711 islendi (toplam islenen=37110 eklenen=0 update=36798 skip=312)
  sayfa 3712 islendi (toplam islenen=37120 eklenen=0 update=36808 skip=312)
  sayfa 3713 islendi (toplam islenen=37130 eklenen=0 update=36818 skip=312)
  sayfa 3714 islendi (toplam islenen=37140 eklenen=0 update=36828 skip=312)
  sayfa 3715 islendi (toplam islenen=37150 eklenen=0 update=36838 skip=312)
  sayfa 3716 islendi (toplam islenen=37160 eklenen=0 update=36848 skip=312)
  sayfa 3717 islendi (toplam islenen=37170 eklenen=0 update=36858 skip=312)
  sayfa 3718 islendi (toplam islenen=37180 eklenen=0 update=36868 skip=312)
  sayfa 3719 islendi (toplam islenen=37190 eklenen=0 update=36878 skip=312)
  sayfa 3720 islendi (toplam islenen=37200 eklenen=0 update=36888 skip=312)
  sayfa 3721 islendi (toplam islenen=37210 eklenen=0 update=36898 skip=312)
  sayfa 3722 islendi (toplam islenen=37220 eklenen=0 update=36908 skip=312)
  sayfa 3723 islendi (toplam islenen=37230 eklenen=0 update=36918 skip=312)
  sayfa 3724 islendi (toplam islenen=37240 eklenen=0 update=36928 skip=312)
  sayfa 3725 islendi (toplam islenen=37250 eklenen=0 update=36938 skip=312)
  sayfa 3726 islendi (toplam islenen=37260 eklenen=0 update=36948 skip=312)
  sayfa 3727 islendi (toplam islenen=37270 eklenen=0 update=36958 skip=312)
  sayfa 3728 islendi (toplam islenen=37280 eklenen=0 update=36968 skip=312)
  sayfa 3729 islendi (toplam islenen=37290 eklenen=0 update=36978 skip=312)
  sayfa 3730 islendi (toplam islenen=37300 eklenen=0 update=36988 skip=312)
  sayfa 3731 islendi (toplam islenen=37310 eklenen=0 update=36997 skip=313)
  sayfa 3732 islendi (toplam islenen=37320 eklenen=0 update=37007 skip=313)
  sayfa 3733 islendi (toplam islenen=37330 eklenen=0 update=37017 skip=313)
  sayfa 3734 islendi (toplam islenen=37340 eklenen=0 update=37027 skip=313)
  sayfa 3735 islendi (toplam islenen=37350 eklenen=0 update=37037 skip=313)
  sayfa 3736 islendi (toplam islenen=37360 eklenen=0 update=37047 skip=313)
  sayfa 3737 islendi (toplam islenen=37370 eklenen=0 update=37057 skip=313)
  sayfa 3738 islendi (toplam islenen=37380 eklenen=0 update=37067 skip=313)
  sayfa 3739 islendi (toplam islenen=37390 eklenen=0 update=37077 skip=313)
  sayfa 3740 islendi (toplam islenen=37400 eklenen=0 update=37087 skip=313)
  sayfa 3741 islendi (toplam islenen=37410 eklenen=0 update=37097 skip=313)
  sayfa 3742 islendi (toplam islenen=37420 eklenen=0 update=37107 skip=313)
  sayfa 3743 islendi (toplam islenen=37430 eklenen=0 update=37117 skip=313)
  sayfa 3744 islendi (toplam islenen=37440 eklenen=0 update=37127 skip=313)
  sayfa 3745 islendi (toplam islenen=37450 eklenen=0 update=37137 skip=313)
  sayfa 3746 islendi (toplam islenen=37460 eklenen=0 update=37147 skip=313)
  sayfa 3747 islendi (toplam islenen=37470 eklenen=0 update=37157 skip=313)
  sayfa 3748 islendi (toplam islenen=37480 eklenen=0 update=37167 skip=313)
  sayfa 3749 islendi (toplam islenen=37490 eklenen=0 update=37177 skip=313)
  sayfa 3750 islendi (toplam islenen=37500 eklenen=0 update=37187 skip=313)
  sayfa 3751 islendi (toplam islenen=37510 eklenen=0 update=37197 skip=313)
  sayfa 3752 islendi (toplam islenen=37520 eklenen=0 update=37207 skip=313)
  sayfa 3753 islendi (toplam islenen=37530 eklenen=0 update=37217 skip=313)
  sayfa 3754 islendi (toplam islenen=37540 eklenen=0 update=37227 skip=313)
  sayfa 3755 islendi (toplam islenen=37550 eklenen=0 update=37237 skip=313)
  sayfa 3756 islendi (toplam islenen=37560 eklenen=0 update=37247 skip=313)
  sayfa 3757 islendi (toplam islenen=37570 eklenen=0 update=37257 skip=313)
  sayfa 3758 islendi (toplam islenen=37580 eklenen=0 update=37267 skip=313)
  sayfa 3759 islendi (toplam islenen=37590 eklenen=0 update=37277 skip=313)
  sayfa 3760 islendi (toplam islenen=37600 eklenen=0 update=37287 skip=313)
  sayfa 3761 islendi (toplam islenen=37610 eklenen=0 update=37297 skip=313)
  sayfa 3762 islendi (toplam islenen=37620 eklenen=0 update=37307 skip=313)
  sayfa 3763 islendi (toplam islenen=37630 eklenen=0 update=37317 skip=313)
  sayfa 3764 islendi (toplam islenen=37640 eklenen=0 update=37327 skip=313)
  sayfa 3765 islendi (toplam islenen=37650 eklenen=0 update=37337 skip=313)
  sayfa 3766 islendi (toplam islenen=37660 eklenen=0 update=37347 skip=313)
  sayfa 3767 islendi (toplam islenen=37670 eklenen=0 update=37357 skip=313)
  sayfa 3768 islendi (toplam islenen=37680 eklenen=0 update=37367 skip=313)
  sayfa 3769 islendi (toplam islenen=37690 eklenen=0 update=37377 skip=313)
  sayfa 3770 islendi (toplam islenen=37700 eklenen=0 update=37387 skip=313)
  sayfa 3771 islendi (toplam islenen=37710 eklenen=0 update=37397 skip=313)
  sayfa 3772 islendi (toplam islenen=37720 eklenen=0 update=37407 skip=313)
  sayfa 3773 islendi (toplam islenen=37730 eklenen=0 update=37417 skip=313)
  sayfa 3774 islendi (toplam islenen=37740 eklenen=0 update=37427 skip=313)
  sayfa 3775 islendi (toplam islenen=37750 eklenen=0 update=37437 skip=313)
  sayfa 3776 islendi (toplam islenen=37760 eklenen=0 update=37447 skip=313)
  sayfa 3777 islendi (toplam islenen=37770 eklenen=0 update=37457 skip=313)
  sayfa 3778 islendi (toplam islenen=37780 eklenen=0 update=37467 skip=313)
  sayfa 3779 islendi (toplam islenen=37790 eklenen=0 update=37477 skip=313)
  sayfa 3780 islendi (toplam islenen=37800 eklenen=0 update=37487 skip=313)
  sayfa 3781 islendi (toplam islenen=37810 eklenen=0 update=37497 skip=313)
  sayfa 3782 islendi (toplam islenen=37820 eklenen=0 update=37507 skip=313)
  sayfa 3783 islendi (toplam islenen=37830 eklenen=0 update=37517 skip=313)
  sayfa 3784 islendi (toplam islenen=37840 eklenen=0 update=37527 skip=313)
  sayfa 3785 islendi (toplam islenen=37850 eklenen=0 update=37537 skip=313)
  sayfa 3786 islendi (toplam islenen=37860 eklenen=0 update=37547 skip=313)
  sayfa 3787 islendi (toplam islenen=37870 eklenen=0 update=37557 skip=313)
  sayfa 3788 islendi (toplam islenen=37880 eklenen=0 update=37567 skip=313)
  sayfa 3789 islendi (toplam islenen=37890 eklenen=0 update=37577 skip=313)
  sayfa 3790 islendi (toplam islenen=37900 eklenen=0 update=37587 skip=313)
  sayfa 3791 islendi (toplam islenen=37910 eklenen=0 update=37597 skip=313)
  sayfa 3792 islendi (toplam islenen=37920 eklenen=0 update=37607 skip=313)
  sayfa 3793 islendi (toplam islenen=37930 eklenen=0 update=37617 skip=313)
  sayfa 3794 islendi (toplam islenen=37940 eklenen=0 update=37627 skip=313)
  sayfa 3795 islendi (toplam islenen=37950 eklenen=0 update=37637 skip=313)
  sayfa 3796 islendi (toplam islenen=37960 eklenen=0 update=37647 skip=313)
  sayfa 3797 islendi (toplam islenen=37970 eklenen=0 update=37657 skip=313)
  sayfa 3798 islendi (toplam islenen=37980 eklenen=0 update=37667 skip=313)
  sayfa 3799 islendi (toplam islenen=37990 eklenen=0 update=37677 skip=313)
  sayfa 3800 islendi (toplam islenen=38000 eklenen=0 update=37687 skip=313)
  sayfa 3801 islendi (toplam islenen=38010 eklenen=0 update=37697 skip=313)
  sayfa 3802 islendi (toplam islenen=38020 eklenen=0 update=37707 skip=313)
  sayfa 3803 islendi (toplam islenen=38030 eklenen=0 update=37717 skip=313)
  sayfa 3804 islendi (toplam islenen=38040 eklenen=0 update=37727 skip=313)
  sayfa 3805 islendi (toplam islenen=38050 eklenen=0 update=37737 skip=313)
  sayfa 3806 islendi (toplam islenen=38060 eklenen=0 update=37747 skip=313)
  sayfa 3807 islendi (toplam islenen=38070 eklenen=0 update=37757 skip=313)
  sayfa 3808 islendi (toplam islenen=38080 eklenen=0 update=37767 skip=313)
  sayfa 3809 islendi (toplam islenen=38090 eklenen=0 update=37777 skip=313)
  sayfa 3810 islendi (toplam islenen=38100 eklenen=0 update=37787 skip=313)
  sayfa 3811 islendi (toplam islenen=38110 eklenen=0 update=37797 skip=313)
  sayfa 3812 islendi (toplam islenen=38120 eklenen=0 update=37807 skip=313)
  sayfa 3813 islendi (toplam islenen=38130 eklenen=0 update=37817 skip=313)
  sayfa 3814 islendi (toplam islenen=38140 eklenen=0 update=37827 skip=313)
  sayfa 3815 islendi (toplam islenen=38150 eklenen=0 update=37837 skip=313)
  sayfa 3816 islendi (toplam islenen=38160 eklenen=0 update=37847 skip=313)
  sayfa 3817 islendi (toplam islenen=38170 eklenen=0 update=37857 skip=313)
  sayfa 3818 islendi (toplam islenen=38180 eklenen=0 update=37867 skip=313)
  sayfa 3819 islendi (toplam islenen=38190 eklenen=0 update=37877 skip=313)
  sayfa 3820 islendi (toplam islenen=38200 eklenen=0 update=37887 skip=313)
  sayfa 3821 islendi (toplam islenen=38210 eklenen=0 update=37897 skip=313)
  sayfa 3822 islendi (toplam islenen=38220 eklenen=0 update=37907 skip=313)
  sayfa 3823 islendi (toplam islenen=38230 eklenen=0 update=37917 skip=313)
  sayfa 3824 islendi (toplam islenen=38240 eklenen=0 update=37927 skip=313)
  sayfa 3825 islendi (toplam islenen=38250 eklenen=0 update=37937 skip=313)
  sayfa 3826 islendi (toplam islenen=38260 eklenen=0 update=37947 skip=313)
  sayfa 3827 islendi (toplam islenen=38270 eklenen=0 update=37957 skip=313)
  sayfa 3828 islendi (toplam islenen=38280 eklenen=0 update=37967 skip=313)
  sayfa 3829 islendi (toplam islenen=38290 eklenen=0 update=37977 skip=313)
  sayfa 3830 islendi (toplam islenen=38300 eklenen=0 update=37987 skip=313)
  sayfa 3831 islendi (toplam islenen=38310 eklenen=0 update=37997 skip=313)
  sayfa 3832 islendi (toplam islenen=38320 eklenen=0 update=38007 skip=313)
  sayfa 3833 islendi (toplam islenen=38330 eklenen=0 update=38017 skip=313)
  sayfa 3834 islendi (toplam islenen=38340 eklenen=0 update=38027 skip=313)
  sayfa 3835 islendi (toplam islenen=38350 eklenen=0 update=38037 skip=313)
  sayfa 3836 islendi (toplam islenen=38360 eklenen=0 update=38047 skip=313)
  sayfa 3837 islendi (toplam islenen=38370 eklenen=0 update=38057 skip=313)
  sayfa 3838 islendi (toplam islenen=38380 eklenen=0 update=38067 skip=313)
  sayfa 3839 islendi (toplam islenen=38390 eklenen=0 update=38077 skip=313)
  sayfa 3840 islendi (toplam islenen=38400 eklenen=0 update=38087 skip=313)
  sayfa 3841 islendi (toplam islenen=38410 eklenen=0 update=38097 skip=313)
  sayfa 3842 islendi (toplam islenen=38420 eklenen=0 update=38107 skip=313)
  sayfa 3843 islendi (toplam islenen=38430 eklenen=0 update=38117 skip=313)
  sayfa 3844 islendi (toplam islenen=38440 eklenen=0 update=38127 skip=313)
  sayfa 3845 islendi (toplam islenen=38450 eklenen=0 update=38137 skip=313)
  sayfa 3846 islendi (toplam islenen=38460 eklenen=0 update=38147 skip=313)
  sayfa 3847 islendi (toplam islenen=38470 eklenen=0 update=38157 skip=313)
  sayfa 3848 islendi (toplam islenen=38480 eklenen=0 update=38167 skip=313)
  sayfa 3849 islendi (toplam islenen=38490 eklenen=0 update=38177 skip=313)
  sayfa 3850 islendi (toplam islenen=38500 eklenen=0 update=38187 skip=313)
  sayfa 3851 islendi (toplam islenen=38510 eklenen=0 update=38197 skip=313)
  sayfa 3852 islendi (toplam islenen=38520 eklenen=0 update=38207 skip=313)
  sayfa 3853 islendi (toplam islenen=38530 eklenen=0 update=38217 skip=313)
  sayfa 3854 islendi (toplam islenen=38540 eklenen=0 update=38227 skip=313)
  sayfa 3855 islendi (toplam islenen=38550 eklenen=0 update=38237 skip=313)
  sayfa 3856 islendi (toplam islenen=38560 eklenen=0 update=38247 skip=313)
  sayfa 3857 islendi (toplam islenen=38570 eklenen=0 update=38257 skip=313)
  sayfa 3858 islendi (toplam islenen=38580 eklenen=0 update=38267 skip=313)
  sayfa 3859 islendi (toplam islenen=38590 eklenen=0 update=38277 skip=313)
  sayfa 3860 islendi (toplam islenen=38600 eklenen=0 update=38287 skip=313)
  sayfa 3861 islendi (toplam islenen=38610 eklenen=0 update=38297 skip=313)
  sayfa 3862 islendi (toplam islenen=38620 eklenen=0 update=38307 skip=313)
  sayfa 3863 islendi (toplam islenen=38630 eklenen=0 update=38317 skip=313)
  sayfa 3864 islendi (toplam islenen=38640 eklenen=0 update=38327 skip=313)
  sayfa 3865 islendi (toplam islenen=38650 eklenen=0 update=38337 skip=313)
  sayfa 3866 islendi (toplam islenen=38660 eklenen=0 update=38347 skip=313)
