[2026-07-01 22:38:01] local.INFO: [RND-SMS] cron tick {"simdi":"01.07.2026 22:38","aday_randevu_sayisi":566} 
[2026-07-01 22:38:03] local.INFO: [ALACAK-ARAMA] kontrol basladi. dk=2026-07-01 22:38  
[2026-07-01 22:38:03] local.INFO: [ALACAK-ARAMA] aranacak alacak yok.  
[2026-07-01 22:38:03] local.INFO: 💊 İlaç kontrol zamanı: 22:38  
[2026-07-01 22:38:49] local.WARNING: SalonHatirlatma [acikAdisyonEski] hata: SQLSTATE[42S22]: Column not found: 1054 Unknown column 'toplam_tutar' in 'SELECT' (SQL: select `adisyon_id`, SUM(IFNULL(toplam_tutar,IFNULL(birim_tutar,0))) as t from `adisyon_hizmetler` where `adisyon_id` in (524883, 524885, 524887, 524888, 524889, 524892, 524894, 524896, 524897, 524899, 524900, 524901, 524902, 524905, 524906, 524907, 524909, 524912, 524913, 524914, 524915, 524916, 524918, 524923, 524924, 524925, 524926, 524928, 524929, 524931, 524932, 524933, 524934, 524935, 524936, 524937, 524938, 524939, 524940, 524941, 524942, 524943, 524944, 524945, 524946, 524947, 524948, 524950, 524951, 524952, 524953, 524954, 524955, 524956, 524957, 524959, 524960, 524962, 524963, 524964, 524965, 524966, 524967, 524968, 524969, 524970, 524971, 524974, 524975, 524976, 524977, 524978, 524979, 524980, 524982, 524983, 524984, 524985, 524987, 524990, 524991, 524992, 524994, 524996, 524997, 524998, 524999, 525000, 525001, 525002, 525003, 525004, 525005, 525006, 525007, 525008, 525009, 525010, 525011, 525012) group by `adisyon_id`)  
[2026-07-01 22:39:01] local.ERROR: file_put_contents(/home/webfirma/randevumcepteweb2/public/profil_resimleri/6a456cd51f033.jpg): failed to open stream: No such file or directory {"exception":"[object] (ErrorException(code: 0): file_put_contents(/home/webfirma/randevumcepteweb2/public/profil_resimleri/6a456cd51f033.jpg): failed to open stream: No such file or directory at /var/www/www-root/data/www/randevumcepte/app/Http/Controllers/StoreAdminController.php:5299)
[stacktrace]
#0 [internal function]: Illuminate\\Foundation\\Bootstrap\\HandleExceptions->handleError(2, 'file_put_conten...', '/var/www/www-ro...', 5299, Array)
#1 /var/www/www-root/data/www/randevumcepte/app/Http/Controllers/StoreAdminController.php(5299): file_put_contents('/home/webfirma/...', '\\x89PNG\\
\\x1A\
\\x00\\x00\\x00\IHD...')
#2 [internal function]: App\\Http\\Controllers\\StoreAdminController->profilresimyukle(Object(Illuminate\\Http\\Request))
#3 /var/www/www-root/data/www/randevumcepte/vendor/laravel/framework/src/Illuminate/Routing/Controller.php(54): call_user_func_array(Array, Array)
#4 /var/www/www-root/data/www/randevumcepte/vendor/laravel/framework/src/Illuminate/Routing/ControllerDispatcher.php(45): Illuminate\\Routing\\Controller->callAction('profilresimyukl...', Array)
#5 /var/www/www-root/data/www/randevumcepte/vendor/laravel/framework/src/Illuminate/Routing/Route.php(212): Illuminate\\Routing\\ControllerDispatcher->dispatch(Object(Illuminate\\Routing\\Route), Object(App\\Http\\Controllers\\StoreAdminController), 'profilresimyukl...')
#6 /var/www/www-root/data/www/randevumcepte/vendor/laravel/framework/src/Illuminate/Routing/Route.php(169): Illuminate\\Routing\\Route->runController()
#7 /var/www/www-root/data/www/randevumcepte/vendor/laravel/framework/src/Illuminate/Routing/Router.php(665): Illuminate\\Routing\\Route->run()
#8 /var/www/www-root/data/www/randevumcepte/vendor/laravel/framework/src/Illuminate/Routing/Pipeline.php(30): Illuminate\\Routing\\Router->Illuminate\\Routing\\{closure}(Object(Illuminate\\Http\\Request))
#9 /var/www/www-root/data/www/randevumcepte/app/Http/Controllers/StoreAdminController.php(178): Illuminate\\Routing\\Pipeline->Illuminate\\Routing\\{closure}(Object(Illuminate\\Http\\Request))
#10 /var/www/www-root/data/www/randevumcepte/vendor/laravel/framework/src/Illuminate/Pipeline/Pipeline.php(133): App\\Http\\Controllers\\StoreAdminController->App\\Http\\Controllers\\{closure}(Object(Illuminate\\Http\\Request), Object(Closure))
#11 /var/www/www-root/data/www/randevumcepte/vendor/laravel/framework/src/Illuminate/Routing/Pipeline.php(53): Illuminate\\Pipeline\\Pipeline->Illuminate\\Pipeline\\{closure}(Object(Illuminate\\Http\\Request))
#12 /var/www/www-root/data/www/randevumcepte/vendor/htmlmin/htmlmin/src/Http/Middleware/MinifyMiddleware.php(55): Illuminate\\Routing\\Pipeline->Illuminate\\Routing\\{closure}(Object(Illuminate\\Http\\Request))
#13 /var/www/www-root/data/www/randevumcepte/vendor/laravel/framework/src/Illuminate/Pipeline/Pipeline.php(151): HTMLMin\\HTMLMin\\Http\\Middleware\\MinifyMiddleware->handle(Object(Illuminate\\Http\\Request), Object(Closure))
#14 /var/www/www-root/data/www/randevumcepte/vendor/laravel/framework/src/Illuminate/Routing/Pipeline.php(53): Illuminate\\Pipeline\\Pipeline->Illuminate\\Pipeline\\{closure}(Object(Illuminate\\Http\\Request))
#15 /var/www/www-root/data/www/randevumcepte/vendor/laravel/framework/src/Illuminate/Routing/Middleware/SubstituteBindings.php(41): Illuminate\\Routing\\Pipeline->Illuminate\\Routing\\{closure}(Object(Illuminate\\Http\\Request))
#16 /var/www/www-root/data/www/randevumcepte/vendor/laravel/framework/src/Illuminate/Pipeline/Pipeline.php(151): Illuminate\\Routing\\Middleware\\SubstituteBindings->handle(Object(Illuminate\\Http\\Request), Object(Closure))
#17 /var/www/www-root/data/www/randevumcepte/vendor/laravel/framework/src/Illuminate/Routing/Pipeline.php(53): Illuminate\\Pipeline\\Pipeline->Illuminate\\Pipeline\\{closure}(Object(Illuminate\\Http\\Request))
#18 /var/www/www-root/data/www/randevumcepte/app/Http/Middleware/AuthenticateSession.php(42): Illuminate\\Routing\\Pipeline->Illuminate\\Routing\\{closure}(Object(Illuminate\\Http\\Request))
#19 /var/www/www-root/data/www/randevumcepte/vendor/laravel/framework/src/Illuminate/Pipeline/Pipeline.php(151): App\\Http\\Middleware\\AuthenticateSession->handle(Object(Illuminate\\Http\\Request), Object(Closure))
#20 /var/www/www-root/data/www/randevumcepte/vendor/laravel/framework/src/Illuminate/Routing/Pipeline.php(53): Illuminate\\Pipeline\\Pipeline->Illuminate\\Pipeline\\{closure}(Object(Illuminate\\Http\\Request))
#21 /var/www/www-root/data/www/randevumcepte/vendor/laravel/framework/src/Illuminate/Foundation/Http/Middleware/VerifyCsrfToken.php(68): Illuminate\\Routing\\Pipeline->Illuminate\\Routing\\{closure}(Object(Illuminate\\Http\\Request))
#22 /var/www/www-root/data/www/randevumcepte/vendor/laravel/framework/src/Illuminate/Pipeline/Pipeline.php(151): Illuminate\\Foundation\\Http\\Middleware\\VerifyCsrfToken->handle(Object(Illuminate\\Http\\Request), Object(Closure))
#23 /var/www/www-root/data/www/randevumcepte/vendor/laravel/framework/src/Illuminate/Routing/Pipeline.php(53): Illuminate\\Pipeline\\Pipeline->Illuminate\\Pipeline\\{closure}(Object(Illuminate\\Http\\Request))
#24 /var/www/www-root/data/www/randevumcepte/vendor/laravel/framework/src/Illuminate/View/Middleware/ShareErrorsFromSession.php(49): Illuminate\\Routing\\Pipeline->Illuminate\\Routing\\{closure}(Object(Illuminate\\Http\\Request))
#25 /var/www/www-root/data/www/randevumcepte/vendor/laravel/framework/src/Illuminate/Pipeline/Pipeline.php(151): Illuminate\\View\\Middleware\\ShareErrorsFromSession->handle(Object(Illuminate\\Http\\Request), Object(Closure))
#26 /var/www/www-root/data/www/randevumcepte/vendor/laravel/framework/src/Illuminate/Routing/Pipeline.php(53): Illuminate\\Pipeline\\Pipeline->Illuminate\\Pipeline\\{closure}(Object(Illuminate\\Http\\Request))
#27 /var/www/www-root/data/www/randevumcepte/vendor/laravel/framework/src/Illuminate/Session/Middleware/StartSession.php(63): Illuminate\\Routing\\Pipeline->Illuminate\\Routing\\{closure}(Object(Illuminate\\Http\\Request))
#28 /var/www/www-root/data/www/randevumcepte/vendor/laravel/framework/src/Illuminate/Pipeline/Pipeline.php(151): Illuminate\\Session\\Middleware\\StartSession->handle(Object(Illuminate\\Http\\Request), Object(Closure))
#29 /var/www/www-root/data/www/randevumcepte/vendor/laravel/framework/src/Illuminate/Routing/Pipeline.php(53): Illuminate\\Pipeline\\Pipeline->Illuminate\\Pipeline\\{closure}(Object(Illuminate\\Http\\Request))
#30 /var/www/www-root/data/www/randevumcepte/vendor/laravel/framework/src/Illuminate/Cookie/Middleware/AddQueuedCookiesToResponse.php(37): Illuminate\\Routing\\Pipeline->Illuminate\\Routing\\{closure}(Object(Illuminate\\Http\\Request))
#31 /var/www/www-root/data/www/randevumcepte/vendor/laravel/framework/src/Illuminate/Pipeline/Pipeline.php(151): Illuminate\\Cookie\\Middleware\\AddQueuedCookiesToResponse->handle(Object(Illuminate\\Http\\Request), Object(Closure))
#32 /var/www/www-root/data/www/randevumcepte/vendor/laravel/framework/src/Illuminate/Routing/Pipeline.php(53): Illuminate\\Pipeline\\Pipeline->Illuminate\\Pipeline\\{closure}(Object(Illuminate\\Http\\Request))
#33 /var/www/www-root/data/www/randevumcepte/vendor/laravel/framework/src/Illuminate/Cookie/Middleware/EncryptCookies.php(66): Illuminate\\Routing\\Pipeline->Illuminate\\Routing\\{closure}(Object(Illuminate\\Http\\Request))
#34 /var/www/www-root/data/www/randevumcepte/vendor/laravel/framework/src/Illuminate/Pipeline/Pipeline.php(151): Illuminate\\Cookie\\Middleware\\EncryptCookies->handle(Object(Illuminate\\Http\\Request), Object(Closure))
#35 /var/www/www-root/data/www/randevumcepte/vendor/laravel/framework/src/Illuminate/Routing/Pipeline.php(53): Illuminate\\Pipeline\\Pipeline->Illuminate\\Pipeline\\{closure}(Object(Illuminate\\Http\\Request))
#36 /var/www/www-root/data/www/randevumcepte/app/Http/Middleware/LogRequestPerformance.php(13): Illuminate\\Routing\\Pipeline->Illuminate\\Routing\\{closure}(Object(Illuminate\\Http\\Request))
#37 /var/www/www-root/data/www/randevumcepte/vendor/laravel/framework/src/Illuminate/Pipeline/Pipeline.php(151): App\\Http\\Middleware\\LogRequestPerformance->handle(Object(Illuminate\\Http\\Request), Object(Closure))
#38 /var/www/www-root/data/www/randevumcepte/vendor/laravel/framework/src/Illuminate/Routing/Pipeline.php(53): Illuminate\\Pipeline\\Pipeline->Illuminate\\Pipeline\\{closure}(Object(Illuminate\\Http\\Request))
#39 /var/www/www-root/data/www/randevumcepte/vendor/laravel/framework/src/Illuminate/Pipeline/Pipeline.php(104): Illuminate\\Routing\\Pipeline->Illuminate\\Routing\\{closure}(Object(Illuminate\\Http\\Request))
#40 /var/www/www-root/data/www/randevumcepte/vendor/laravel/framework/src/Illuminate/Routing/Router.php(667): Illuminate\\Pipeline\\Pipeline->then(Object(Closure))
#41 /var/www/www-root/data/www/randevumcepte/vendor/laravel/framework/src/Illuminate/Routing/Router.php(642): Illuminate\\Routing\\Router->runRouteWithinStack(Object(Illuminate\\Routing\\Route), Object(Illuminate\\Http\\Request))
#42 /var/www/www-root/data/www/randevumcepte/vendor/laravel/framework/src/Illuminate/Routing/Router.php(608): Illuminate\\Routing\\Router->runRoute(Object(Illuminate\\Http\\Request), Object(Illuminate\\Routing\\Route))
#43 /var/www/www-root/data/www/randevumcepte/vendor/laravel/framework/src/Illuminate/Routing/Router.php(597): Illuminate\\Routing\\Router->dispatchToRoute(Object(Illuminate\\Http\\Request))
#44 /var/www/www-root/data/www/randevumcepte/vendor/laravel/framework/src/Illuminate/Foundation/Http/Kernel.php(176): Illuminate\\Routing\\Router->dispatch(Object(Illuminate\\Http\\Request))
#45 /var/www/www-root/data/www/randevumcepte/vendor/laravel/framework/src/Illuminate/Routing/Pipeline.php(30): Illuminate\\Foundation\\Http\\Kernel->Illuminate\\Foundation\\Http\\{closure}(Object(Illuminate\\Http\\Request))
#46 /var/www/www-root/data/www/randevumcepte/vendor/barryvdh/laravel-debugbar/src/Middleware/InjectDebugbar.php(58): Illuminate\\Routing\\Pipeline->Illuminate\\Routing\\{closure}(Object(Illuminate\\Http\\Request))
#47 /var/www/www-root/data/www/randevumcepte/vendor/laravel/framework/src/Illuminate/Pipeline/Pipeline.php(151): Barryvdh\\Debugbar\\Middleware\\InjectDebugbar->handle(Object(Illuminate\\Http\\Request), Object(Closure))
#48 /var/www/www-root/data/www/randevumcepte/vendor/laravel/framework/src/Illuminate/Routing/Pipeline.php(53): Illuminate\\Pipeline\\Pipeline->Illuminate\\Pipeline\\{closure}(Object(Illuminate\\Http\\Request))
#49 /var/www/www-root/data/www/randevumcepte/vendor/laravel/framework/src/Illuminate/Foundation/Http/Middleware/TransformsRequest.php(31): Illuminate\\Routing\\Pipeline->Illuminate\\Routing\\{closure}(Object(Illuminate\\Http\\Request))
#50 /var/www/www-root/data/www/randevumcepte/vendor/laravel/framework/src/Illuminate/Pipeline/Pipeline.php(151): Illuminate\\Foundation\\Http\\Middleware\\TransformsRequest->handle(Object(Illuminate\\Http\\Request), Object(Closure))
#51 /var/www/www-root/data/www/randevumcepte/vendor/laravel/framework/src/Illuminate/Routing/Pipeline.php(53): Illuminate\\Pipeline\\Pipeline->Illuminate\\Pipeline\\{closure}(Object(Illuminate\\Http\\Request))
#52 /var/www/www-root/data/www/randevumcepte/vendor/laravel/framework/src/Illuminate/Foundation/Http/Middleware/TransformsRequest.php(31): Illuminate\\Routing\\Pipeline->Illuminate\\Routing\\{closure}(Object(Illuminate\\Http\\Request))
#53 /var/www/www-root/data/www/randevumcepte/vendor/laravel/framework/src/Illuminate/Pipeline/Pipeline.php(151): Illuminate\\Foundation\\Http\\Middleware\\TransformsRequest->handle(Object(Illuminate\\Http\\Request), Object(Closure))
#54 /var/www/www-root/data/www/randevumcepte/vendor/laravel/framework/src/Illuminate/Routing/Pipeline.php(53): Illuminate\\Pipeline\\Pipeline->Illuminate\\Pipeline\\{closure}(Object(Illuminate\\Http\\Request))
#55 /var/www/www-root/data/www/randevumcepte/vendor/laravel/framework/src/Illuminate/Foundation/Http/Middleware/ValidatePostSize.php(27): Illuminate\\Routing\\Pipeline->Illuminate\\Routing\\{closure}(Object(Illuminate\\Http\\Request))
#56 /var/www/www-root/data/www/randevumcepte/vendor/laravel/framework/src/Illuminate/Pipeline/Pipeline.php(151): Illuminate\\Foundation\\Http\\Middleware\\ValidatePostSize->handle(Object(Illuminate\\Http\\Request), Object(Closure))
#57 /var/www/www-root/data/www/randevumcepte/vendor/laravel/framework/src/Illuminate/Routing/Pipeline.php(53): Illuminate\\Pipeline\\Pipeline->Illuminate\\Pipeline\\{closure}(Object(Illuminate\\Http\\Request))
#58 /var/www/www-root/data/www/randevumcepte/vendor/laravel/framework/src/Illuminate/Foundation/Http/Middleware/CheckForMaintenanceMode.php(62): Illuminate\\Routing\\Pipeline->Illuminate\\Routing\\{closure}(Object(Illuminate\\Http\\Request))
#59 /var/www/www-root/data/www/randevumcepte/vendor/laravel/framework/src/Illuminate/Pipeline/Pipeline.php(151): Illuminate\\Foundation\\Http\\Middleware\\CheckForMaintenanceMode->handle(Object(Illuminate\\Http\\Request), Object(Closure))
#60 /var/www/www-root/data/www/randevumcepte/vendor/laravel/framework/src/Illuminate/Routing/Pipeline.php(53): Illuminate\\Pipeline\\Pipeline->Illuminate\\Pipeline\\{closure}(Object(Illuminate\\Http\\Request))
#61 /var/www/www-root/data/www/randevumcepte/vendor/laravel/framework/src/Illuminate/Pipeline/Pipeline.php(104): Illuminate\\Routing\\Pipeline->Illuminate\\Routing\\{closure}(Object(Illuminate\\Http\\Request))
#62 /var/www/www-root/data/www/randevumcepte/vendor/laravel/framework/src/Illuminate/Foundation/Http/Kernel.php(151): Illuminate\\Pipeline\\Pipeline->then(Object(Closure))
#63 /var/www/www-root/data/www/randevumcepte/vendor/laravel/framework/src/Illuminate/Foundation/Http/Kernel.php(116): Illuminate\\Foundation\\Http\\Kernel->sendRequestThroughRouter(Object(Illuminate\\Http\\Request))
#64 /var/www/www-root/data/www/randevumcepte/public/index.php(52): Illuminate\\Foundation\\Http\\Kernel->handle(Object(Illuminate\\Http\\Request))
#65 /var/www/www-root/data/www/randevumcepte/index.php(20): require_once('/var/www/www-ro...')
#66 {main}
"} 
[2026-07-01 22:39:02] local.INFO: [RND-SMS] cron tick {"simdi":"01.07.2026 22:39","aday_randevu_sayisi":566} 
[2026-07-01 22:39:03] local.INFO: [ALACAK-ARAMA] kontrol basladi. dk=2026-07-01 22:39  
[2026-07-01 22:39:03] local.INFO: [ALACAK-ARAMA] aranacak alacak yok.  
[2026-07-01 22:39:03] local.INFO: 💊 İlaç kontrol zamanı: 22:39  
[2026-07-01 22:39:09] local.WARNING: SalonHatirlatma [acikAdisyonEski] hata: SQLSTATE[42S22]: Column not found: 1054 Unknown column 'toplam_tutar' in 'SELECT' (SQL: select `adisyon_id`, SUM(IFNULL(toplam_tutar,IFNULL(birim_tutar,0))) as t from `adisyon_hizmetler` where `adisyon_id` in (524883, 524885, 524887, 524888, 524889, 524892, 524894, 524896, 524897, 524899, 524900, 524901, 524902, 524905, 524906, 524907, 524909, 524912, 524913, 524914, 524915, 524916, 524918, 524923, 524924, 524925, 524926, 524928, 524929, 524931, 524932, 524933, 524934, 524935, 524936, 524937, 524938, 524939, 524940, 524941, 524942, 524943, 524944, 524945, 524946, 524947, 524948, 524950, 524951, 524952, 524953, 524954, 524955, 524956, 524957, 524959, 524960, 524962, 524963, 524964, 524965, 524966, 524967, 524968, 524969, 524970, 524971, 524974, 524975, 524976, 524977, 524978, 524979, 524980, 524982, 524983, 524984, 524985, 524987, 524990, 524991, 524992, 524994, 524996, 524997, 524998, 524999, 525000, 525001, 525002, 525003, 525004, 525005, 525006, 525007, 525008, 525009, 525010, 525011, 525012) group by `adisyon_id`)  
[2026-07-01 22:39:29] local.WARNING: SalonHatirlatma [acikAdisyonEski] hata: SQLSTATE[42S22]: Column not found: 1054 Unknown column 'toplam_tutar' in 'SELECT' (SQL: select `adisyon_id`, SUM(IFNULL(toplam_tutar,IFNULL(birim_tutar,0))) as t from `adisyon_hizmetler` where `adisyon_id` in (524883, 524885, 524887, 524888, 524889, 524892, 524894, 524896, 524897, 524899, 524900, 524901, 524902, 524905, 524906, 524907, 524909, 524912, 524913, 524914, 524915, 524916, 524918, 524923, 524924, 524925, 524926, 524928, 524929, 524931, 524932, 524933, 524934, 524935, 524936, 524937, 524938, 524939, 524940, 524941, 524942, 524943, 524944, 524945, 524946, 524947, 524948, 524950, 524951, 524952, 524953, 524954, 524955, 524956, 524957, 524959, 524960, 524962, 524963, 524964, 524965, 524966, 524967, 524968, 524969, 524970, 524971, 524974, 524975, 524976, 524977, 524978, 524979, 524980, 524982, 524983, 524984, 524985, 524987, 524990, 524991, 524992, 524994, 524996, 524997, 524998, 524999, 525000, 525001, 525002, 525003, 525004, 525005, 525006, 525007, 525008, 525009, 525010, 525011, 525012) group by `adisyon_id`)  
[2026-07-01 22:39:49] local.WARNING: SalonHatirlatma [acikAdisyonEski] hata: SQLSTATE[42S22]: Column not found: 1054 Unknown column 'toplam_tutar' in 'SELECT' (SQL: select `adisyon_id`, SUM(IFNULL(toplam_tutar,IFNULL(birim_tutar,0))) as t from `adisyon_hizmetler` where `adisyon_id` in (524883, 524885, 524887, 524888, 524889, 524892, 524894, 524896, 524897, 524899, 524900, 524901, 524902, 524905, 524906, 524907, 524909, 524912, 524913, 524914, 524915, 524916, 524918, 524923, 524924, 524925, 524926, 524928, 524929, 524931, 524932, 524933, 524934, 524935, 524936, 524937, 524938, 524939, 524940, 524941, 524942, 524943, 524944, 524945, 524946, 524947, 524948, 524950, 524951, 524952, 524953, 524954, 524955, 524956, 524957, 524959, 524960, 524962, 524963, 524964, 524965, 524966, 524967, 524968, 524969, 524970, 524971, 524974, 524975, 524976, 524977, 524978, 524979, 524980, 524982, 524983, 524984, 524985, 524987, 524990, 524991, 524992, 524994, 524996, 524997, 524998, 524999, 525000, 525001, 525002, 525003, 525004, 525005, 525006, 525007, 525008, 525009, 525010, 525011, 525012) group by `adisyon_id`)  
[2026-07-01 22:40:02] local.INFO: [RND-SMS] cron tick {"simdi":"01.07.2026 22:40","aday_randevu_sayisi":566} 
[2026-07-01 22:40:03] local.INFO: [ALACAK-ARAMA] kontrol basladi. dk=2026-07-01 22:40  
[2026-07-01 22:40:04] local.INFO: [ALACAK-ARAMA] aranacak alacak yok.  
[2026-07-01 22:40:04] local.INFO: 💊 İlaç kontrol zamanı: 22:40  
[2026-07-01 22:40:09] local.WARNING: SalonHatirlatma [acikAdisyonEski] hata: SQLSTATE[42S22]: Column not found: 1054 Unknown column 'toplam_tutar' in 'SELECT' (SQL: select `adisyon_id`, SUM(IFNULL(toplam_tutar,IFNULL(birim_tutar,0))) as t from `adisyon_hizmetler` where `adisyon_id` in (524883, 524885, 524887, 524888, 524889, 524892, 524894, 524896, 524897, 524899, 524900, 524901, 524902, 524905, 524906, 524907, 524909, 524912, 524913, 524914, 524915, 524916, 524918, 524923, 524924, 524925, 524926, 524928, 524929, 524931, 524932, 524933, 524934, 524935, 524936, 524937, 524938, 524939, 524940, 524941, 524942, 524943, 524944, 524945, 524946, 524947, 524948, 524950, 524951, 524952, 524953, 524954, 524955, 524956, 524957, 524959, 524960, 524962, 524963, 524964, 524965, 524966, 524967, 524968, 524969, 524970, 524971, 524974, 524975, 524976, 524977, 524978, 524979, 524980, 524982, 524983, 524984, 524985, 524987, 524990, 524991, 524992, 524994, 524996, 524997, 524998, 524999, 525000, 525001, 525002, 525003, 525004, 525005, 525006, 525007, 525008, 525009, 525010, 525011, 525012) group by `adisyon_id`)  
[2026-07-01 22:40:29] local.WARNING: SalonHatirlatma [acikAdisyonEski] hata: SQLSTATE[42S22]: Column not found: 1054 Unknown column 'toplam_tutar' in 'SELECT' (SQL: select `adisyon_id`, SUM(IFNULL(toplam_tutar,IFNULL(birim_tutar,0))) as t from `adisyon_hizmetler` where `adisyon_id` in (524883, 524885, 524887, 524888, 524889, 524892, 524894, 524896, 524897, 524899, 524900, 524901, 524902, 524905, 524906, 524907, 524909, 524912, 524913, 524914, 524915, 524916, 524918, 524923, 524924, 524925, 524926, 524928, 524929, 524931, 524932, 524933, 524934, 524935, 524936, 524937, 524938, 524939, 524940, 524941, 524942, 524943, 524944, 524945, 524946, 524947, 524948, 524950, 524951, 524952, 524953, 524954, 524955, 524956, 524957, 524959, 524960, 524962, 524963, 524964, 524965, 524966, 524967, 524968, 524969, 524970, 524971, 524974, 524975, 524976, 524977, 524978, 524979, 524980, 524982, 524983, 524984, 524985, 524987, 524990, 524991, 524992, 524994, 524996, 524997, 524998, 524999, 525000, 525001, 525002, 525003, 525004, 525005, 525006, 525007, 525008, 525009, 525010, 525011, 525012) group by `adisyon_id`)  
[2026-07-01 22:40:49] local.WARNING: SalonHatirlatma [acikAdisyonEski] hata: SQLSTATE[42S22]: Column not found: 1054 Unknown column 'toplam_tutar' in 'SELECT' (SQL: select `adisyon_id`, SUM(IFNULL(toplam_tutar,IFNULL(birim_tutar,0))) as t from `adisyon_hizmetler` where `adisyon_id` in (524883, 524885, 524887, 524888, 524889, 524892, 524894, 524896, 524897, 524899, 524900, 524901, 524902, 524905, 524906, 524907, 524909, 524912, 524913, 524914, 524915, 524916, 524918, 524923, 524924, 524925, 524926, 524928, 524929, 524931, 524932, 524933, 524934, 524935, 524936, 524937, 524938, 524939, 524940, 524941, 524942, 524943, 524944, 524945, 524946, 524947, 524948, 524950, 524951, 524952, 524953, 524954, 524955, 524956, 524957, 524959, 524960, 524962, 524963, 524964, 524965, 524966, 524967, 524968, 524969, 524970, 524971, 524974, 524975, 524976, 524977, 524978, 524979, 524980, 524982, 524983, 524984, 524985, 524987, 524990, 524991, 524992, 524994, 524996, 524997, 524998, 524999, 525000, 525001, 525002, 525003, 525004, 525005, 525006, 525007, 525008, 525009, 525010, 525011, 525012) group by `adisyon_id`)  
[2026-07-01 22:41:01] local.INFO: [RND-SMS] cron tick {"simdi":"01.07.2026 22:41","aday_randevu_sayisi":566} 
[2026-07-01 22:41:03] local.INFO: [ALACAK-ARAMA] kontrol basladi. dk=2026-07-01 22:41  
[2026-07-01 22:41:03] local.INFO: [ALACAK-ARAMA] aranacak alacak yok.  
[2026-07-01 22:41:03] local.INFO: 💊 İlaç kontrol zamanı: 22:41  
[2026-07-01 22:41:03] local.INFO: 💊 Tetiklenen ilaç: denene  
[2026-07-01 22:41:03] local.ERROR: Target [Illuminate\Contracts\Bus\Dispatcher] is not instantiable. {"exception":"[object] (Illuminate\\Contracts\\Container\\BindingResolutionException(code: 0): Target [Illuminate\\Contracts\\Bus\\Dispatcher] is not instantiable. at /var/www/www-root/data/www/randevumcepte/vendor/laravel/framework/src/Illuminate/Container/Container.php:933)
[stacktrace]
#0 /var/www/www-root/data/www/randevumcepte/vendor/laravel/framework/src/Illuminate/Container/Container.php(773): Illuminate\\Container\\Container->notInstantiable('Illuminate\\\\Cont...')
#1 /var/www/www-root/data/www/randevumcepte/vendor/laravel/framework/src/Illuminate/Container/Container.php(646): Illuminate\\Container\\Container->build('Illuminate\\\\Cont...')
#2 /var/www/www-root/data/www/randevumcepte/vendor/laravel/framework/src/Illuminate/Container/Container.php(601): Illuminate\\Container\\Container->resolve('Illuminate\\\\Cont...', Array)
#3 /var/www/www-root/data/www/randevumcepte/vendor/laravel/framework/src/Illuminate/Foundation/Application.php(734): Illuminate\\Container\\Container->make('Illuminate\\\\Cont...', Array)
#4 /var/www/www-root/data/www/randevumcepte/vendor/laravel/framework/src/Illuminate/Foundation/helpers.php(119): Illuminate\\Foundation\\Application->make('Illuminate\\\\Cont...', Array)
#5 /var/www/www-root/data/www/randevumcepte/vendor/laravel/framework/src/Illuminate/Foundation/Bus/PendingDispatch.php(112): app('Illuminate\\\\Cont...')
#6 /var/www/www-root/data/www/randevumcepte/app/Console/Commands/IlacHatirlatmalari.php(33): Illuminate\\Foundation\\Bus\\PendingDispatch->__destruct()
#7 /var/www/www-root/data/www/randevumcepte/vendor/laravel/framework/src/Illuminate/Database/Concerns/BuildsQueries.php(39): App\\Console\\Commands\\IlacHatirlatmalari->App\\Console\\Commands\\{closure}(Object(Illuminate\\Database\\Eloquent\\Collection), 1)
#8 /var/www/www-root/data/www/randevumcepte/app/Console/Commands/IlacHatirlatmalari.php(36): Illuminate\\Database\\Eloquent\\Builder->chunk(500, Object(Closure))
#9 [internal function]: App\\Console\\Commands\\IlacHatirlatmalari->handle()
#10 /var/www/www-root/data/www/randevumcepte/vendor/laravel/framework/src/Illuminate/Container/BoundMethod.php(29): call_user_func_array(Array, Array)
#11 /var/www/www-root/data/www/randevumcepte/vendor/laravel/framework/src/Illuminate/Container/BoundMethod.php(87): Illuminate\\Container\\BoundMethod::Illuminate\\Container\\{closure}()
#12 /var/www/www-root/data/www/randevumcepte/vendor/laravel/framework/src/Illuminate/Container/BoundMethod.php(31): Illuminate\\Container\\BoundMethod::callBoundMethod(Object(Illuminate\\Foundation\\Application), Array, Object(Closure))
#13 /var/www/www-root/data/www/randevumcepte/vendor/laravel/framework/src/Illuminate/Container/Container.php(564): Illuminate\\Container\\BoundMethod::call(Object(Illuminate\\Foundation\\Application), Array, Array, NULL)
#14 /var/www/www-root/data/www/randevumcepte/vendor/laravel/framework/src/Illuminate/Console/Command.php(179): Illuminate\\Container\\Container->call(Array)
#15 /var/www/www-root/data/www/randevumcepte/vendor/symfony/console/Command/Command.php(255): Illuminate\\Console\\Command->execute(Object(Symfony\\Component\\Console\\Input\\ArgvInput), Object(Illuminate\\Console\\OutputStyle))
#16 /var/www/www-root/data/www/randevumcepte/vendor/laravel/framework/src/Illuminate/Console/Command.php(166): Symfony\\Component\\Console\\Command\\Command->run(Object(Symfony\\Component\\Console\\Input\\ArgvInput), Object(Illuminate\\Console\\OutputStyle))
#17 /var/www/www-root/data/www/randevumcepte/vendor/symfony/console/Application.php(1021): Illuminate\\Console\\Command->run(Object(Symfony\\Component\\Console\\Input\\ArgvInput), Object(Symfony\\Component\\Console\\Output\\ConsoleOutput))
#18 /var/www/www-root/data/www/randevumcepte/vendor/symfony/console/Application.php(275): Symfony\\Component\\Console\\Application->doRunCommand(Object(App\\Console\\Commands\\IlacHatirlatmalari), Object(Symfony\\Component\\Console\\Input\\ArgvInput), Object(Symfony\\Component\\Console\\Output\\ConsoleOutput))
#19 /var/www/www-root/data/www/randevumcepte/vendor/symfony/console/Application.php(149): Symfony\\Component\\Console\\Application->doRun(Object(Symfony\\Component\\Console\\Input\\ArgvInput), Object(Symfony\\Component\\Console\\Output\\ConsoleOutput))
#20 /var/www/www-root/data/www/randevumcepte/vendor/laravel/framework/src/Illuminate/Console/Application.php(89): Symfony\\Component\\Console\\Application->run(Object(Symfony\\Component\\Console\\Input\\ArgvInput), Object(Symfony\\Component\\Console\\Output\\ConsoleOutput))
#21 /var/www/www-root/data/www/randevumcepte/vendor/laravel/framework/src/Illuminate/Foundation/Console/Kernel.php(122): Illuminate\\Console\\Application->run(Object(Symfony\\Component\\Console\\Input\\ArgvInput), Object(Symfony\\Component\\Console\\Output\\ConsoleOutput))
#22 /var/www/www-root/data/www/randevumcepte/artisan(35): Illuminate\\Foundation\\Console\\Kernel->handle(Object(Symfony\\Component\\Console\\Input\\ArgvInput), Object(Symfony\\Component\\Console\\Output\\ConsoleOutput))
#23 {main}
"} 
[2026-07-01 22:41:09] local.WARNING: SalonHatirlatma [acikAdisyonEski] hata: SQLSTATE[42S22]: Column not found: 1054 Unknown column 'toplam_tutar' in 'SELECT' (SQL: select `adisyon_id`, SUM(IFNULL(toplam_tutar,IFNULL(birim_tutar,0))) as t from `adisyon_hizmetler` where `adisyon_id` in (524883, 524885, 524887, 524888, 524889, 524892, 524894, 524896, 524897, 524899, 524900, 524901, 524902, 524905, 524906, 524907, 524909, 524912, 524913, 524914, 524915, 524916, 524918, 524923, 524924, 524925, 524926, 524928, 524929, 524931, 524932, 524933, 524934, 524935, 524936, 524937, 524938, 524939, 524940, 524941, 524942, 524943, 524944, 524945, 524946, 524947, 524948, 524950, 524951, 524952, 524953, 524954, 524955, 524956, 524957, 524959, 524960, 524962, 524963, 524964, 524965, 524966, 524967, 524968, 524969, 524970, 524971, 524974, 524975, 524976, 524977, 524978, 524979, 524980, 524982, 524983, 524984, 524985, 524987, 524990, 524991, 524992, 524994, 524996, 524997, 524998, 524999, 525000, 525001, 525002, 525003, 525004, 525005, 525006, 525007, 525008, 525009, 525010, 525011, 525012) group by `adisyon_id`)  
[2026-07-01 22:41:18] local.ERROR: Unsupported image type video/mp4. GD driver is only able to decode JPG, PNG, GIF, BMP or WebP files. {"exception":"[object] (Intervention\\Image\\Exception\\NotReadableException(code: 0): Unsupported image type video/mp4. GD driver is only able to decode JPG, PNG, GIF, BMP or WebP files. at /var/www/www-root/data/www/randevumcepte/vendor/intervention/image/src/Intervention/Image/Gd/Decoder.php:75)
[stacktrace]
#0 /var/www/www-root/data/www/randevumcepte/vendor/intervention/image/src/Intervention/Image/AbstractDecoder.php(329): Intervention\\Image\\Gd\\Decoder->initFromPath('/var/www/www-ro...')
#1 /var/www/www-root/data/www/randevumcepte/vendor/intervention/image/src/Intervention/Image/AbstractDriver.php(66): Intervention\\Image\\AbstractDecoder->init(Object(Illuminate\\Http\\UploadedFile))
#2 /var/www/www-root/data/www/randevumcepte/vendor/intervention/image/src/Intervention/Image/ImageManager.php(54): Intervention\\Image\\AbstractDriver->init(Object(Illuminate\\Http\\UploadedFile))
#3 /var/www/www-root/data/www/randevumcepte/vendor/laravel/framework/src/Illuminate/Support/Facades/Facade.php(223): Intervention\\Image\\ImageManager->make(Object(Illuminate\\Http\\UploadedFile))
#4 /var/www/www-root/data/www/randevumcepte/app/Http/Controllers/StoreAdminController.php(22530): Illuminate\\Support\\Facades\\Facade::__callStatic('make', Array)
#5 [internal function]: App\\Http\\Controllers\\StoreAdminController->isletmegorselekle(Object(Illuminate\\Http\\Request))
#6 /var/www/www-root/data/www/randevumcepte/vendor/laravel/framework/src/Illuminate/Routing/Controller.php(54): call_user_func_array(Array, Array)
#7 /var/www/www-root/data/www/randevumcepte/vendor/laravel/framework/src/Illuminate/Routing/ControllerDispatcher.php(45): Illuminate\\Routing\\Controller->callAction('isletmegorselek...', Array)
#8 /var/www/www-root/data/www/randevumcepte/vendor/laravel/framework/src/Illuminate/Routing/Route.php(212): Illuminate\\Routing\\ControllerDispatcher->dispatch(Object(Illuminate\\Routing\\Route), Object(App\\Http\\Controllers\\StoreAdminController), 'isletmegorselek...')
#9 /var/www/www-root/data/www/randevumcepte/vendor/laravel/framework/src/Illuminate/Routing/Route.php(169): Illuminate\\Routing\\Route->runController()
#10 /var/www/www-root/data/www/randevumcepte/vendor/laravel/framework/src/Illuminate/Routing/Router.php(665): Illuminate\\Routing\\Route->run()
#11 /var/www/www-root/data/www/randevumcepte/vendor/laravel/framework/src/Illuminate/Routing/Pipeline.php(30): Illuminate\\Routing\\Router->Illuminate\\Routing\\{closure}(Object(Illuminate\\Http\\Request))
#12 /var/www/www-root/data/www/randevumcepte/app/Http/Controllers/StoreAdminController.php(178): Illuminate\\Routing\\Pipeline->Illuminate\\Routing\\{closure}(Object(Illuminate\\Http\\Request))
#13 /var/www/www-root/data/www/randevumcepte/vendor/laravel/framework/src/Illuminate/Pipeline/Pipeline.php(133): App\\Http\\Controllers\\StoreAdminController->App\\Http\\Controllers\\{closure}(Object(Illuminate\\Http\\Request), Object(Closure))
#14 /var/www/www-root/data/www/randevumcepte/vendor/laravel/framework/src/Illuminate/Routing/Pipeline.php(53): Illuminate\\Pipeline\\Pipeline->Illuminate\\Pipeline\\{closure}(Object(Illuminate\\Http\\Request))
#15 /var/www/www-root/data/www/randevumcepte/vendor/htmlmin/htmlmin/src/Http/Middleware/MinifyMiddleware.php(55): Illuminate\\Routing\\Pipeline->Illuminate\\Routing\\{closure}(Object(Illuminate\\Http\\Request))
#16 /var/www/www-root/data/www/randevumcepte/vendor/laravel/framework/src/Illuminate/Pipeline/Pipeline.php(151): HTMLMin\\HTMLMin\\Http\\Middleware\\MinifyMiddleware->handle(Object(Illuminate\\Http\\Request), Object(Closure))
#17 /var/www/www-root/data/www/randevumcepte/vendor/laravel/framework/src/Illuminate/Routing/Pipeline.php(53): Illuminate\\Pipeline\\Pipeline->Illuminate\\Pipeline\\{closure}(Object(Illuminate\\Http\\Request))
#18 /var/www/www-root/data/www/randevumcepte/vendor/laravel/framework/src/Illuminate/Routing/Middleware/SubstituteBindings.php(41): Illuminate\\Routing\\Pipeline->Illuminate\\Routing\\{closure}(Object(Illuminate\\Http\\Request))
#19 /var/www/www-root/data/www/randevumcepte/vendor/laravel/framework/src/Illuminate/Pipeline/Pipeline.php(151): Illuminate\\Routing\\Middleware\\SubstituteBindings->handle(Object(Illuminate\\Http\\Request), Object(Closure))
#20 /var/www/www-root/data/www/randevumcepte/vendor/laravel/framework/src/Illuminate/Routing/Pipeline.php(53): Illuminate\\Pipeline\\Pipeline->Illuminate\\Pipeline\\{closure}(Object(Illuminate\\Http\\Request))
#21 /var/www/www-root/data/www/randevumcepte/app/Http/Middleware/AuthenticateSession.php(42): Illuminate\\Routing\\Pipeline->Illuminate\\Routing\\{closure}(Object(Illuminate\\Http\\Request))
#22 /var/www/www-root/data/www/randevumcepte/vendor/laravel/framework/src/Illuminate/Pipeline/Pipeline.php(151): App\\Http\\Middleware\\AuthenticateSession->handle(Object(Illuminate\\Http\\Request), Object(Closure))
#23 /var/www/www-root/data/www/randevumcepte/vendor/laravel/framework/src/Illuminate/Routing/Pipeline.php(53): Illuminate\\Pipeline\\Pipeline->Illuminate\\Pipeline\\{closure}(Object(Illuminate\\Http\\Request))
#24 /var/www/www-root/data/www/randevumcepte/vendor/laravel/framework/src/Illuminate/Foundation/Http/Middleware/VerifyCsrfToken.php(68): Illuminate\\Routing\\Pipeline->Illuminate\\Routing\\{closure}(Object(Illuminate\\Http\\Request))
#25 /var/www/www-root/data/www/randevumcepte/vendor/laravel/framework/src/Illuminate/Pipeline/Pipeline.php(151): Illuminate\\Foundation\\Http\\Middleware\\VerifyCsrfToken->handle(Object(Illuminate\\Http\\Request), Object(Closure))
#26 /var/www/www-root/data/www/randevumcepte/vendor/laravel/framework/src/Illuminate/Routing/Pipeline.php(53): Illuminate\\Pipeline\\Pipeline->Illuminate\\Pipeline\\{closure}(Object(Illuminate\\Http\\Request))
#27 /var/www/www-root/data/www/randevumcepte/vendor/laravel/framework/src/Illuminate/View/Middleware/ShareErrorsFromSession.php(49): Illuminate\\Routing\\Pipeline->Illuminate\\Routing\\{closure}(Object(Illuminate\\Http\\Request))
#28 /var/www/www-root/data/www/randevumcepte/vendor/laravel/framework/src/Illuminate/Pipeline/Pipeline.php(151): Illuminate\\View\\Middleware\\ShareErrorsFromSession->handle(Object(Illuminate\\Http\\Request), Object(Closure))
#29 /var/www/www-root/data/www/randevumcepte/vendor/laravel/framework/src/Illuminate/Routing/Pipeline.php(53): Illuminate\\Pipeline\\Pipeline->Illuminate\\Pipeline\\{closure}(Object(Illuminate\\Http\\Request))
#30 /var/www/www-root/data/www/randevumcepte/vendor/laravel/framework/src/Illuminate/Session/Middleware/StartSession.php(63): Illuminate\\Routing\\Pipeline->Illuminate\\Routing\\{closure}(Object(Illuminate\\Http\\Request))
#31 /var/www/www-root/data/www/randevumcepte/vendor/laravel/framework/src/Illuminate/Pipeline/Pipeline.php(151): Illuminate\\Session\\Middleware\\StartSession->handle(Object(Illuminate\\Http\\Request), Object(Closure))
#32 /var/www/www-root/data/www/randevumcepte/vendor/laravel/framework/src/Illuminate/Routing/Pipeline.php(53): Illuminate\\Pipeline\\Pipeline->Illuminate\\Pipeline\\{closure}(Object(Illuminate\\Http\\Request))
#33 /var/www/www-root/data/www/randevumcepte/vendor/laravel/framework/src/Illuminate/Cookie/Middleware/AddQueuedCookiesToResponse.php(37): Illuminate\\Routing\\Pipeline->Illuminate\\Routing\\{closure}(Object(Illuminate\\Http\\Request))
#34 /var/www/www-root/data/www/randevumcepte/vendor/laravel/framework/src/Illuminate/Pipeline/Pipeline.php(151): Illuminate\\Cookie\\Middleware\\AddQueuedCookiesToResponse->handle(Object(Illuminate\\Http\\Request), Object(Closure))
#35 /var/www/www-root/data/www/randevumcepte/vendor/laravel/framework/src/Illuminate/Routing/Pipeline.php(53): Illuminate\\Pipeline\\Pipeline->Illuminate\\Pipeline\\{closure}(Object(Illuminate\\Http\\Request))
#36 /var/www/www-root/data/www/randevumcepte/vendor/laravel/framework/src/Illuminate/Cookie/Middleware/EncryptCookies.php(66): Illuminate\\Routing\\Pipeline->Illuminate\\Routing\\{closure}(Object(Illuminate\\Http\\Request))
#37 /var/www/www-root/data/www/randevumcepte/vendor/laravel/framework/src/Illuminate/Pipeline/Pipeline.php(151): Illuminate\\Cookie\\Middleware\\EncryptCookies->handle(Object(Illuminate\\Http\\Request), Object(Closure))
#38 /var/www/www-root/data/www/randevumcepte/vendor/laravel/framework/src/Illuminate/Routing/Pipeline.php(53): Illuminate\\Pipeline\\Pipeline->Illuminate\\Pipeline\\{closure}(Object(Illuminate\\Http\\Request))
#39 /var/www/www-root/data/www/randevumcepte/app/Http/Middleware/LogRequestPerformance.php(13): Illuminate\\Routing\\Pipeline->Illuminate\\Routing\\{closure}(Object(Illuminate\\Http\\Request))
#40 /var/www/www-root/data/www/randevumcepte/vendor/laravel/framework/src/Illuminate/Pipeline/Pipeline.php(151): App\\Http\\Middleware\\LogRequestPerformance->handle(Object(Illuminate\\Http\\Request), Object(Closure))
#41 /var/www/www-root/data/www/randevumcepte/vendor/laravel/framework/src/Illuminate/Routing/Pipeline.php(53): Illuminate\\Pipeline\\Pipeline->Illuminate\\Pipeline\\{closure}(Object(Illuminate\\Http\\Request))
#42 /var/www/www-root/data/www/randevumcepte/vendor/laravel/framework/src/Illuminate/Pipeline/Pipeline.php(104): Illuminate\\Routing\\Pipeline->Illuminate\\Routing\\{closure}(Object(Illuminate\\Http\\Request))
#43 /var/www/www-root/data/www/randevumcepte/vendor/laravel/framework/src/Illuminate/Routing/Router.php(667): Illuminate\\Pipeline\\Pipeline->then(Object(Closure))
#44 /var/www/www-root/data/www/randevumcepte/vendor/laravel/framework/src/Illuminate/Routing/Router.php(642): Illuminate\\Routing\\Router->runRouteWithinStack(Object(Illuminate\\Routing\\Route), Object(Illuminate\\Http\\Request))
#45 /var/www/www-root/data/www/randevumcepte/vendor/laravel/framework/src/Illuminate/Routing/Router.php(608): Illuminate\\Routing\\Router->runRoute(Object(Illuminate\\Http\\Request), Object(Illuminate\\Routing\\Route))
#46 /var/www/www-root/data/www/randevumcepte/vendor/laravel/framework/src/Illuminate/Routing/Router.php(597): Illuminate\\Routing\\Router->dispatchToRoute(Object(Illuminate\\Http\\Request))
#47 /var/www/www-root/data/www/randevumcepte/vendor/laravel/framework/src/Illuminate/Foundation/Http/Kernel.php(176): Illuminate\\Routing\\Router->dispatch(Object(Illuminate\\Http\\Request))
#48 /var/www/www-root/data/www/randevumcepte/vendor/laravel/framework/src/Illuminate/Routing/Pipeline.php(30): Illuminate\\Foundation\\Http\\Kernel->Illuminate\\Foundation\\Http\\{closure}(Object(Illuminate\\Http\\Request))
#49 /var/www/www-root/data/www/randevumcepte/vendor/barryvdh/laravel-debugbar/src/Middleware/InjectDebugbar.php(58): Illuminate\\Routing\\Pipeline->Illuminate\\Routing\\{closure}(Object(Illuminate\\Http\\Request))
#50 /var/www/www-root/data/www/randevumcepte/vendor/laravel/framework/src/Illuminate/Pipeline/Pipeline.php(151): Barryvdh\\Debugbar\\Middleware\\InjectDebugbar->handle(Object(Illuminate\\Http\\Request), Object(Closure))
#51 /var/www/www-root/data/www/randevumcepte/vendor/laravel/framework/src/Illuminate/Routing/Pipeline.php(53): Illuminate\\Pipeline\\Pipeline->Illuminate\\Pipeline\\{closure}(Object(Illuminate\\Http\\Request))
#52 /var/www/www-root/data/www/randevumcepte/vendor/laravel/framework/src/Illuminate/Foundation/Http/Middleware/TransformsRequest.php(31): Illuminate\\Routing\\Pipeline->Illuminate\\Routing\\{closure}(Object(Illuminate\\Http\\Request))
#53 /var/www/www-root/data/www/randevumcepte/vendor/laravel/framework/src/Illuminate/Pipeline/Pipeline.php(151): Illuminate\\Foundation\\Http\\Middleware\\TransformsRequest->handle(Object(Illuminate\\Http\\Request), Object(Closure))
#54 /var/www/www-root/data/www/randevumcepte/vendor/laravel/framework/src/Illuminate/Routing/Pipeline.php(53): Illuminate\\Pipeline\\Pipeline->Illuminate\\Pipeline\\{closure}(Object(Illuminate\\Http\\Request))
#55 /var/www/www-root/data/www/randevumcepte/vendor/laravel/framework/src/Illuminate/Foundation/Http/Middleware/TransformsRequest.php(31): Illuminate\\Routing\\Pipeline->Illuminate\\Routing\\{closure}(Object(Illuminate\\Http\\Request))
#56 /var/www/www-root/data/www/randevumcepte/vendor/laravel/framework/src/Illuminate/Pipeline/Pipeline.php(151): Illuminate\\Foundation\\Http\\Middleware\\TransformsRequest->handle(Object(Illuminate\\Http\\Request), Object(Closure))
#57 /var/www/www-root/data/www/randevumcepte/vendor/laravel/framework/src/Illuminate/Routing/Pipeline.php(53): Illuminate\\Pipeline\\Pipeline->Illuminate\\Pipeline\\{closure}(Object(Illuminate\\Http\\Request))
#58 /var/www/www-root/data/www/randevumcepte/vendor/laravel/framework/src/Illuminate/Foundation/Http/Middleware/ValidatePostSize.php(27): Illuminate\\Routing\\Pipeline->Illuminate\\Routing\\{closure}(Object(Illuminate\\Http\\Request))
#59 /var/www/www-root/data/www/randevumcepte/vendor/laravel/framework/src/Illuminate/Pipeline/Pipeline.php(151): Illuminate\\Foundation\\Http\\Middleware\\ValidatePostSize->handle(Object(Illuminate\\Http\\Request), Object(Closure))
#60 /var/www/www-root/data/www/randevumcepte/vendor/laravel/framework/src/Illuminate/Routing/Pipeline.php(53): Illuminate\\Pipeline\\Pipeline->Illuminate\\Pipeline\\{closure}(Object(Illuminate\\Http\\Request))
#61 /var/www/www-root/data/www/randevumcepte/vendor/laravel/framework/src/Illuminate/Foundation/Http/Middleware/CheckForMaintenanceMode.php(62): Illuminate\\Routing\\Pipeline->Illuminate\\Routing\\{closure}(Object(Illuminate\\Http\\Request))
#62 /var/www/www-root/data/www/randevumcepte/vendor/laravel/framework/src/Illuminate/Pipeline/Pipeline.php(151): Illuminate\\Foundation\\Http\\Middleware\\CheckForMaintenanceMode->handle(Object(Illuminate\\Http\\Request), Object(Closure))
#63 /var/www/www-root/data/www/randevumcepte/vendor/laravel/framework/src/Illuminate/Routing/Pipeline.php(53): Illuminate\\Pipeline\\Pipeline->Illuminate\\Pipeline\\{closure}(Object(Illuminate\\Http\\Request))
#64 /var/www/www-root/data/www/randevumcepte/vendor/laravel/framework/src/Illuminate/Pipeline/Pipeline.php(104): Illuminate\\Routing\\Pipeline->Illuminate\\Routing\\{closure}(Object(Illuminate\\Http\\Request))
#65 /var/www/www-root/data/www/randevumcepte/vendor/laravel/framework/src/Illuminate/Foundation/Http/Kernel.php(151): Illuminate\\Pipeline\\Pipeline->then(Object(Closure))
#66 /var/www/www-root/data/www/randevumcepte/vendor/laravel/framework/src/Illuminate/Foundation/Http/Kernel.php(116): Illuminate\\Foundation\\Http\\Kernel->sendRequestThroughRouter(Object(Illuminate\\Http\\Request))
#67 /var/www/www-root/data/www/randevumcepte/public/index.php(52): Illuminate\\Foundation\\Http\\Kernel->handle(Object(Illuminate\\Http\\Request))
#68 /var/www/www-root/data/www/randevumcepte/index.php(20): require_once('/var/www/www-ro...')
#69 {main}
"} 
[2026-07-01 22:41:29] local.WARNING: SalonHatirlatma [acikAdisyonEski] hata: SQLSTATE[42S22]: Column not found: 1054 Unknown column 'toplam_tutar' in 'SELECT' (SQL: select `adisyon_id`, SUM(IFNULL(toplam_tutar,IFNULL(birim_tutar,0))) as t from `adisyon_hizmetler` where `adisyon_id` in (524883, 524885, 524887, 524888, 524889, 524892, 524894, 524896, 524897, 524899, 524900, 524901, 524902, 524905, 524906, 524907, 524909, 524912, 524913, 524914, 524915, 524916, 524918, 524923, 524924, 524925, 524926, 524928, 524929, 524931, 524932, 524933, 524934, 524935, 524936, 524937, 524938, 524939, 524940, 524941, 524942, 524943, 524944, 524945, 524946, 524947, 524948, 524950, 524951, 524952, 524953, 524954, 524955, 524956, 524957, 524959, 524960, 524962, 524963, 524964, 524965, 524966, 524967, 524968, 524969, 524970, 524971, 524974, 524975, 524976, 524977, 524978, 524979, 524980, 524982, 524983, 524984, 524985, 524987, 524990, 524991, 524992, 524994, 524996, 524997, 524998, 524999, 525000, 525001, 525002, 525003, 525004, 525005, 525006, 525007, 525008, 525009, 525010, 525011, 525012) group by `adisyon_id`)  
[2026-07-01 22:41:49] local.WARNING: SalonHatirlatma [acikAdisyonEski] hata: SQLSTATE[42S22]: Column not found: 1054 Unknown column 'toplam_tutar' in 'SELECT' (SQL: select `adisyon_id`, SUM(IFNULL(toplam_tutar,IFNULL(birim_tutar,0))) as t from `adisyon_hizmetler` where `adisyon_id` in (524883, 524885, 524887, 524888, 524889, 524892, 524894, 524896, 524897, 524899, 524900, 524901, 524902, 524905, 524906, 524907, 524909, 524912, 524913, 524914, 524915, 524916, 524918, 524923, 524924, 524925, 524926, 524928, 524929, 524931, 524932, 524933, 524934, 524935, 524936, 524937, 524938, 524939, 524940, 524941, 524942, 524943, 524944, 524945, 524946, 524947, 524948, 524950, 524951, 524952, 524953, 524954, 524955, 524956, 524957, 524959, 524960, 524962, 524963, 524964, 524965, 524966, 524967, 524968, 524969, 524970, 524971, 524974, 524975, 524976, 524977, 524978, 524979, 524980, 524982, 524983, 524984, 524985, 524987, 524990, 524991, 524992, 524994, 524996, 524997, 524998, 524999, 525000, 525001, 525002, 525003, 525004, 525005, 525006, 525007, 525008, 525009, 525010, 525011, 525012) group by `adisyon_id`)  
[2026-07-01 22:42:02] local.INFO: [RND-SMS] cron tick {"simdi":"01.07.2026 22:42","aday_randevu_sayisi":566} 
[2026-07-01 22:42:03] local.INFO: [ALACAK-ARAMA] kontrol basladi. dk=2026-07-01 22:42  
[2026-07-01 22:42:03] local.INFO: [ALACAK-ARAMA] aranacak alacak yok.  
[2026-07-01 22:42:04] local.INFO: 💊 İlaç kontrol zamanı: 22:42  
[2026-07-01 22:42:09] local.WARNING: SalonHatirlatma [acikAdisyonEski] hata: SQLSTATE[42S22]: Column not found: 1054 Unknown column 'toplam_tutar' in 'SELECT' (SQL: select `adisyon_id`, SUM(IFNULL(toplam_tutar,IFNULL(birim_tutar,0))) as t from `adisyon_hizmetler` where `adisyon_id` in (524883, 524885, 524887, 524888, 524889, 524892, 524894, 524896, 524897, 524899, 524900, 524901, 524902, 524905, 524906, 524907, 524909, 524912, 524913, 524914, 524915, 524916, 524918, 524923, 524924, 524925, 524926, 524928, 524929, 524931, 524932, 524933, 524934, 524935, 524936, 524937, 524938, 524939, 524940, 524941, 524942, 524943, 524944, 524945, 524946, 524947, 524948, 524950, 524951, 524952, 524953, 524954, 524955, 524956, 524957, 524959, 524960, 524962, 524963, 524964, 524965, 524966, 524967, 524968, 524969, 524970, 524971, 524974, 524975, 524976, 524977, 524978, 524979, 524980, 524982, 524983, 524984, 524985, 524987, 524990, 524991, 524992, 524994, 524996, 524997, 524998, 524999, 525000, 525001, 525002, 525003, 525004, 525005, 525006, 525007, 525008, 525009, 525010, 525011, 525012) group by `adisyon_id`)  
[2026-07-01 22:42:29] local.WARNING: SalonHatirlatma [acikAdisyonEski] hata: SQLSTATE[42S22]: Column not found: 1054 Unknown column 'toplam_tutar' in 'SELECT' (SQL: select `adisyon_id`, SUM(IFNULL(toplam_tutar,IFNULL(birim_tutar,0))) as t from `adisyon_hizmetler` where `adisyon_id` in (524883, 524885, 524887, 524888, 524889, 524892, 524894, 524896, 524897, 524899, 524900, 524901, 524902, 524905, 524906, 524907, 524909, 524912, 524913, 524914, 524915, 524916, 524918, 524923, 524924, 524925, 524926, 524928, 524929, 524931, 524932, 524933, 524934, 524935, 524936, 524937, 524938, 524939, 524940, 524941, 524942, 524943, 524944, 524945, 524946, 524947, 524948, 524950, 524951, 524952, 524953, 524954, 524955, 524956, 524957, 524959, 524960, 524962, 524963, 524964, 524965, 524966, 524967, 524968, 524969, 524970, 524971, 524974, 524975, 524976, 524977, 524978, 524979, 524980, 524982, 524983, 524984, 524985, 524987, 524990, 524991, 524992, 524994, 524996, 524997, 524998, 524999, 525000, 525001, 525002, 525003, 525004, 525005, 525006, 525007, 525008, 525009, 525010, 525011, 525012) group by `adisyon_id`)  
[2026-07-01 22:42:49] local.WARNING: SalonHatirlatma [acikAdisyonEski] hata: SQLSTATE[42S22]: Column not found: 1054 Unknown column 'toplam_tutar' in 'SELECT' (SQL: select `adisyon_id`, SUM(IFNULL(toplam_tutar,IFNULL(birim_tutar,0))) as t from `adisyon_hizmetler` where `adisyon_id` in (524883, 524885, 524887, 524888, 524889, 524892, 524894, 524896, 524897, 524899, 524900, 524901, 524902, 524905, 524906, 524907, 524909, 524912, 524913, 524914, 524915, 524916, 524918, 524923, 524924, 524925, 524926, 524928, 524929, 524931, 524932, 524933, 524934, 524935, 524936, 524937, 524938, 524939, 524940, 524941, 524942, 524943, 524944, 524945, 524946, 524947, 524948, 524950, 524951, 524952, 524953, 524954, 524955, 524956, 524957, 524959, 524960, 524962, 524963, 524964, 524965, 524966, 524967, 524968, 524969, 524970, 524971, 524974, 524975, 524976, 524977, 524978, 524979, 524980, 524982, 524983, 524984, 524985, 524987, 524990, 524991, 524992, 524994, 524996, 524997, 524998, 524999, 525000, 525001, 525002, 525003, 525004, 525005, 525006, 525007, 525008, 525009, 525010, 525011, 525012) group by `adisyon_id`)  
[2026-07-01 22:43:02] local.INFO: [RND-SMS] cron tick {"simdi":"01.07.2026 22:43","aday_randevu_sayisi":566} 
[2026-07-01 22:43:03] local.INFO: [ALACAK-ARAMA] kontrol basladi. dk=2026-07-01 22:43  
[2026-07-01 22:43:04] local.INFO: [ALACAK-ARAMA] aranacak alacak yok.  
[2026-07-01 22:43:04] local.INFO: 💊 İlaç kontrol zamanı: 22:43  
[2026-07-01 22:43:09] local.WARNING: SalonHatirlatma [acikAdisyonEski] hata: SQLSTATE[42S22]: Column not found: 1054 Unknown column 'toplam_tutar' in 'SELECT' (SQL: select `adisyon_id`, SUM(IFNULL(toplam_tutar,IFNULL(birim_tutar,0))) as t from `adisyon_hizmetler` where `adisyon_id` in (524883, 524885, 524887, 524888, 524889, 524892, 524894, 524896, 524897, 524899, 524900, 524901, 524902, 524905, 524906, 524907, 524909, 524912, 524913, 524914, 524915, 524916, 524918, 524923, 524924, 524925, 524926, 524928, 524929, 524931, 524932, 524933, 524934, 524935, 524936, 524937, 524938, 524939, 524940, 524941, 524942, 524943, 524944, 524945, 524946, 524947, 524948, 524950, 524951, 524952, 524953, 524954, 524955, 524956, 524957, 524959, 524960, 524962, 524963, 524964, 524965, 524966, 524967, 524968, 524969, 524970, 524971, 524974, 524975, 524976, 524977, 524978, 524979, 524980, 524982, 524983, 524984, 524985, 524987, 524990, 524991, 524992, 524994, 524996, 524997, 524998, 524999, 525000, 525001, 525002, 525003, 525004, 525005, 525006, 525007, 525008, 525009, 525010, 525011, 525012) group by `adisyon_id`)  
[2026-07-01 22:43:20] local.ERROR: Trying to get property 'id' of non-object {"exception":"[object] (ErrorException(code: 0): Trying to get property 'id' of non-object at /var/www/www-root/data/www/randevumcepte/app/Http/Controllers/HomeController.php:299)
[stacktrace]
#0 /var/www/www-root/data/www/randevumcepte/app/Http/Controllers/HomeController.php(299): Illuminate\\Foundation\\Bootstrap\\HandleExceptions->handleError(8, 'Trying to get p...', '/var/www/www-ro...', 299, Array)
#1 [internal function]: App\\Http\\Controllers\\HomeController->salonDetay(Object(Illuminate\\Http\\Request))
#2 /var/www/www-root/data/www/randevumcepte/vendor/laravel/framework/src/Illuminate/Routing/Controller.php(54): call_user_func_array(Array, Array)
#3 /var/www/www-root/data/www/randevumcepte/vendor/laravel/framework/src/Illuminate/Routing/ControllerDispatcher.php(45): Illuminate\\Routing\\Controller->callAction('salonDetay', Array)
#4 /var/www/www-root/data/www/randevumcepte/vendor/laravel/framework/src/Illuminate/Routing/Route.php(212): Illuminate\\Routing\\ControllerDispatcher->dispatch(Object(Illuminate\\Routing\\Route), Object(App\\Http\\Controllers\\HomeController), 'salonDetay')
#5 /var/www/www-root/data/www/randevumcepte/vendor/laravel/framework/src/Illuminate/Routing/Route.php(169): Illuminate\\Routing\\Route->runController()
#6 /var/www/www-root/data/www/randevumcepte/vendor/laravel/framework/src/Illuminate/Routing/Router.php(665): Illuminate\\Routing\\Route->run()
#7 /var/www/www-root/data/www/randevumcepte/vendor/laravel/framework/src/Illuminate/Routing/Pipeline.php(30): Illuminate\\Routing\\Router->Illuminate\\Routing\\{closure}(Object(Illuminate\\Http\\Request))
#8 /var/www/www-root/data/www/randevumcepte/app/Http/Middleware/RedirectIfAuthenticated.php(33): Illuminate\\Routing\\Pipeline->Illuminate\\Routing\\{closure}(Object(Illuminate\\Http\\Request))
#9 /var/www/www-root/data/www/randevumcepte/vendor/laravel/framework/src/Illuminate/Pipeline/Pipeline.php(151): App\\Http\\Middleware\\RedirectIfAuthenticated->handle(Object(Illuminate\\Http\\Request), Object(Closure))
#10 /var/www/www-root/data/www/randevumcepte/vendor/laravel/framework/src/Illuminate/Routing/Pipeline.php(53): Illuminate\\Pipeline\\Pipeline->Illuminate\\Pipeline\\{closure}(Object(Illuminate\\Http\\Request))
#11 /var/www/www-root/data/www/randevumcepte/vendor/htmlmin/htmlmin/src/Http/Middleware/MinifyMiddleware.php(55): Illuminate\\Routing\\Pipeline->Illuminate\\Routing\\{closure}(Object(Illuminate\\Http\\Request))
#12 /var/www/www-root/data/www/randevumcepte/vendor/laravel/framework/src/Illuminate/Pipeline/Pipeline.php(151): HTMLMin\\HTMLMin\\Http\\Middleware\\MinifyMiddleware->handle(Object(Illuminate\\Http\\Request), Object(Closure))
#13 /var/www/www-root/data/www/randevumcepte/vendor/laravel/framework/src/Illuminate/Routing/Pipeline.php(53): Illuminate\\Pipeline\\Pipeline->Illuminate\\Pipeline\\{closure}(Object(Illuminate\\Http\\Request))
#14 /var/www/www-root/data/www/randevumcepte/vendor/laravel/framework/src/Illuminate/Routing/Middleware/SubstituteBindings.php(41): Illuminate\\Routing\\Pipeline->Illuminate\\Routing\\{closure}(Object(Illuminate\\Http\\Request))
#15 /var/www/www-root/data/www/randevumcepte/vendor/laravel/framework/src/Illuminate/Pipeline/Pipeline.php(151): Illuminate\\Routing\\Middleware\\SubstituteBindings->handle(Object(Illuminate\\Http\\Request), Object(Closure))
#16 /var/www/www-root/data/www/randevumcepte/vendor/laravel/framework/src/Illuminate/Routing/Pipeline.php(53): Illuminate\\Pipeline\\Pipeline->Illuminate\\Pipeline\\{closure}(Object(Illuminate\\Http\\Request))
#17 /var/www/www-root/data/www/randevumcepte/app/Http/Middleware/AuthenticateSession.php(42): Illuminate\\Routing\\Pipeline->Illuminate\\Routing\\{closure}(Object(Illuminate\\Http\\Request))
#18 /var/www/www-root/data/www/randevumcepte/vendor/laravel/framework/src/Illuminate/Pipeline/Pipeline.php(151): App\\Http\\Middleware\\AuthenticateSession->handle(Object(Illuminate\\Http\\Request), Object(Closure))
#19 /var/www/www-root/data/www/randevumcepte/vendor/laravel/framework/src/Illuminate/Routing/Pipeline.php(53): Illuminate\\Pipeline\\Pipeline->Illuminate\\Pipeline\\{closure}(Object(Illuminate\\Http\\Request))
#20 /var/www/www-root/data/www/randevumcepte/vendor/laravel/framework/src/Illuminate/Foundation/Http/Middleware/VerifyCsrfToken.php(68): Illuminate\\Routing\\Pipeline->Illuminate\\Routing\\{closure}(Object(Illuminate\\Http\\Request))
#21 /var/www/www-root/data/www/randevumcepte/vendor/laravel/framework/src/Illuminate/Pipeline/Pipeline.php(151): Illuminate\\Foundation\\Http\\Middleware\\VerifyCsrfToken->handle(Object(Illuminate\\Http\\Request), Object(Closure))
#22 /var/www/www-root/data/www/randevumcepte/vendor/laravel/framework/src/Illuminate/Routing/Pipeline.php(53): Illuminate\\Pipeline\\Pipeline->Illuminate\\Pipeline\\{closure}(Object(Illuminate\\Http\\Request))
#23 /var/www/www-root/data/www/randevumcepte/vendor/laravel/framework/src/Illuminate/View/Middleware/ShareErrorsFromSession.php(49): Illuminate\\Routing\\Pipeline->Illuminate\\Routing\\{closure}(Object(Illuminate\\Http\\Request))
#24 /var/www/www-root/data/www/randevumcepte/vendor/laravel/framework/src/Illuminate/Pipeline/Pipeline.php(151): Illuminate\\View\\Middleware\\ShareErrorsFromSession->handle(Object(Illuminate\\Http\\Request), Object(Closure))
#25 /var/www/www-root/data/www/randevumcepte/vendor/laravel/framework/src/Illuminate/Routing/Pipeline.php(53): Illuminate\\Pipeline\\Pipeline->Illuminate\\Pipeline\\{closure}(Object(Illuminate\\Http\\Request))
#26 /var/www/www-root/data/www/randevumcepte/vendor/laravel/framework/src/Illuminate/Session/Middleware/StartSession.php(63): Illuminate\\Routing\\Pipeline->Illuminate\\Routing\\{closure}(Object(Illuminate\\Http\\Request))
#27 /var/www/www-root/data/www/randevumcepte/vendor/laravel/framework/src/Illuminate/Pipeline/Pipeline.php(151): Illuminate\\Session\\Middleware\\StartSession->handle(Object(Illuminate\\Http\\Request), Object(Closure))
#28 /var/www/www-root/data/www/randevumcepte/vendor/laravel/framework/src/Illuminate/Routing/Pipeline.php(53): Illuminate\\Pipeline\\Pipeline->Illuminate\\Pipeline\\{closure}(Object(Illuminate\\Http\\Request))
#29 /var/www/www-root/data/www/randevumcepte/vendor/laravel/framework/src/Illuminate/Cookie/Middleware/AddQueuedCookiesToResponse.php(37): Illuminate\\Routing\\Pipeline->Illuminate\\Routing\\{closure}(Object(Illuminate\\Http\\Request))
#30 /var/www/www-root/data/www/randevumcepte/vendor/laravel/framework/src/Illuminate/Pipeline/Pipeline.php(151): Illuminate\\Cookie\\Middleware\\AddQueuedCookiesToResponse->handle(Object(Illuminate\\Http\\Request), Object(Closure))
#31 /var/www/www-root/data/www/randevumcepte/vendor/laravel/framework/src/Illuminate/Routing/Pipeline.php(53): Illuminate\\Pipeline\\Pipeline->Illuminate\\Pipeline\\{closure}(Object(Illuminate\\Http\\Request))
#32 /var/www/www-root/data/www/randevumcepte/vendor/laravel/framework/src/Illuminate/Cookie/Middleware/EncryptCookies.php(66): Illuminate\\Routing\\Pipeline->Illuminate\\Routing\\{closure}(Object(Illuminate\\Http\\Request))
#33 /var/www/www-root/data/www/randevumcepte/vendor/laravel/framework/src/Illuminate/Pipeline/Pipeline.php(151): Illuminate\\Cookie\\Middleware\\EncryptCookies->handle(Object(Illuminate\\Http\\Request), Object(Closure))
#34 /var/www/www-root/data/www/randevumcepte/vendor/laravel/framework/src/Illuminate/Routing/Pipeline.php(53): Illuminate\\Pipeline\\Pipeline->Illuminate\\Pipeline\\{closure}(Object(Illuminate\\Http\\Request))
#35 /var/www/www-root/data/www/randevumcepte/app/Http/Middleware/LogRequestPerformance.php(13): Illuminate\\Routing\\Pipeline->Illuminate\\Routing\\{closure}(Object(Illuminate\\Http\\Request))
#36 /var/www/www-root/data/www/randevumcepte/vendor/laravel/framework/src/Illuminate/Pipeline/Pipeline.php(151): App\\Http\\Middleware\\LogRequestPerformance->handle(Object(Illuminate\\Http\\Request), Object(Closure))
#37 /var/www/www-root/data/www/randevumcepte/vendor/laravel/framework/src/Illuminate/Routing/Pipeline.php(53): Illuminate\\Pipeline\\Pipeline->Illuminate\\Pipeline\\{closure}(Object(Illuminate\\Http\\Request))
#38 /var/www/www-root/data/www/randevumcepte/vendor/laravel/framework/src/Illuminate/Pipeline/Pipeline.php(104): Illuminate\\Routing\\Pipeline->Illuminate\\Routing\\{closure}(Object(Illuminate\\Http\\Request))
#39 /var/www/www-root/data/www/randevumcepte/vendor/laravel/framework/src/Illuminate/Routing/Router.php(667): Illuminate\\Pipeline\\Pipeline->then(Object(Closure))
#40 /var/www/www-root/data/www/randevumcepte/vendor/laravel/framework/src/Illuminate/Routing/Router.php(642): Illuminate\\Routing\\Router->runRouteWithinStack(Object(Illuminate\\Routing\\Route), Object(Illuminate\\Http\\Request))
#41 /var/www/www-root/data/www/randevumcepte/vendor/laravel/framework/src/Illuminate/Routing/Router.php(608): Illuminate\\Routing\\Router->runRoute(Object(Illuminate\\Http\\Request), Object(Illuminate\\Routing\\Route))
#42 /var/www/www-root/data/www/randevumcepte/vendor/laravel/framework/src/Illuminate/Routing/Router.php(597): Illuminate\\Routing\\Router->dispatchToRoute(Object(Illuminate\\Http\\Request))
#43 /var/www/www-root/data/www/randevumcepte/vendor/laravel/framework/src/Illuminate/Foundation/Http/Kernel.php(176): Illuminate\\Routing\\Router->dispatch(Object(Illuminate\\Http\\Request))
#44 /var/www/www-root/data/www/randevumcepte/vendor/laravel/framework/src/Illuminate/Routing/Pipeline.php(30): Illuminate\\Foundation\\Http\\Kernel->Illuminate\\Foundation\\Http\\{closure}(Object(Illuminate\\Http\\Request))
#45 /var/www/www-root/data/www/randevumcepte/vendor/barryvdh/laravel-debugbar/src/Middleware/InjectDebugbar.php(58): Illuminate\\Routing\\Pipeline->Illuminate\\Routing\\{closure}(Object(Illuminate\\Http\\Request))
#46 /var/www/www-root/data/www/randevumcepte/vendor/laravel/framework/src/Illuminate/Pipeline/Pipeline.php(151): Barryvdh\\Debugbar\\Middleware\\InjectDebugbar->handle(Object(Illuminate\\Http\\Request), Object(Closure))
#47 /var/www/www-root/data/www/randevumcepte/vendor/laravel/framework/src/Illuminate/Routing/Pipeline.php(53): Illuminate\\Pipeline\\Pipeline->Illuminate\\Pipeline\\{closure}(Object(Illuminate\\Http\\Request))
#48 /var/www/www-root/data/www/randevumcepte/vendor/laravel/framework/src/Illuminate/Foundation/Http/Middleware/TransformsRequest.php(31): Illuminate\\Routing\\Pipeline->Illuminate\\Routing\\{closure}(Object(Illuminate\\Http\\Request))
#49 /var/www/www-root/data/www/randevumcepte/vendor/laravel/framework/src/Illuminate/Pipeline/Pipeline.php(151): Illuminate\\Foundation\\Http\\Middleware\\TransformsRequest->handle(Object(Illuminate\\Http\\Request), Object(Closure))
#50 /var/www/www-root/data/www/randevumcepte/vendor/laravel/framework/src/Illuminate/Routing/Pipeline.php(53): Illuminate\\Pipeline\\Pipeline->Illuminate\\Pipeline\\{closure}(Object(Illuminate\\Http\\Request))
#51 /var/www/www-root/data/www/randevumcepte/vendor/laravel/framework/src/Illuminate/Foundation/Http/Middleware/TransformsRequest.php(31): Illuminate\\Routing\\Pipeline->Illuminate\\Routing\\{closure}(Object(Illuminate\\Http\\Request))
#52 /var/www/www-root/data/www/randevumcepte/vendor/laravel/framework/src/Illuminate/Pipeline/Pipeline.php(151): Illuminate\\Foundation\\Http\\Middleware\\TransformsRequest->handle(Object(Illuminate\\Http\\Request), Object(Closure))
#53 /var/www/www-root/data/www/randevumcepte/vendor/laravel/framework/src/Illuminate/Routing/Pipeline.php(53): Illuminate\\Pipeline\\Pipeline->Illuminate\\Pipeline\\{closure}(Object(Illuminate\\Http\\Request))
#54 /var/www/www-root/data/www/randevumcepte/vendor/laravel/framework/src/Illuminate/Foundation/Http/Middleware/ValidatePostSize.php(27): Illuminate\\Routing\\Pipeline->Illuminate\\Routing\\{closure}(Object(Illuminate\\Http\\Request))
#55 /var/www/www-root/data/www/randevumcepte/vendor/laravel/framework/src/Illuminate/Pipeline/Pipeline.php(151): Illuminate\\Foundation\\Http\\Middleware\\ValidatePostSize->handle(Object(Illuminate\\Http\\Request), Object(Closure))
#56 /var/www/www-root/data/www/randevumcepte/vendor/laravel/framework/src/Illuminate/Routing/Pipeline.php(53): Illuminate\\Pipeline\\Pipeline->Illuminate\\Pipeline\\{closure}(Object(Illuminate\\Http\\Request))
#57 /var/www/www-root/data/www/randevumcepte/vendor/laravel/framework/src/Illuminate/Foundation/Http/Middleware/CheckForMaintenanceMode.php(62): Illuminate\\Routing\\Pipeline->Illuminate\\Routing\\{closure}(Object(Illuminate\\Http\\Request))
#58 /var/www/www-root/data/www/randevumcepte/vendor/laravel/framework/src/Illuminate/Pipeline/Pipeline.php(151): Illuminate\\Foundation\\Http\\Middleware\\CheckForMaintenanceMode->handle(Object(Illuminate\\Http\\Request), Object(Closure))
#59 /var/www/www-root/data/www/randevumcepte/vendor/laravel/framework/src/Illuminate/Routing/Pipeline.php(53): Illuminate\\Pipeline\\Pipeline->Illuminate\\Pipeline\\{closure}(Object(Illuminate\\Http\\Request))
#60 /var/www/www-root/data/www/randevumcepte/vendor/laravel/framework/src/Illuminate/Pipeline/Pipeline.php(104): Illuminate\\Routing\\Pipeline->Illuminate\\Routing\\{closure}(Object(Illuminate\\Http\\Request))
#61 /var/www/www-root/data/www/randevumcepte/vendor/laravel/framework/src/Illuminate/Foundation/Http/Kernel.php(151): Illuminate\\Pipeline\\Pipeline->then(Object(Closure))
#62 /var/www/www-root/data/www/randevumcepte/vendor/laravel/framework/src/Illuminate/Foundation/Http/Kernel.php(116): Illuminate\\Foundation\\Http\\Kernel->sendRequestThroughRouter(Object(Illuminate\\Http\\Request))
#63 /var/www/www-root/data/www/randevumcepte/public/index.php(52): Illuminate\\Foundation\\Http\\Kernel->handle(Object(Illuminate\\Http\\Request))
#64 /var/www/www-root/data/www/randevumcepte/index.php(20): require_once('/var/www/www-ro...')
#65 {main}
"} 
[2026-07-01 22:43:22] local.ERROR: Trying to get property 'id' of non-object {"exception":"[object] (ErrorException(code: 0): Trying to get property 'id' of non-object at /var/www/www-root/data/www/randevumcepte/app/Http/Controllers/HomeController.php:389)
[stacktrace]
#0 /var/www/www-root/data/www/randevumcepte/app/Http/Controllers/HomeController.php(389): Illuminate\\Foundation\\Bootstrap\\HandleExceptions->handleError(8, 'Trying to get p...', '/var/www/www-ro...', 389, Array)
#1 [internal function]: App\\Http\\Controllers\\HomeController->salonDetay_anasayfa(Object(Illuminate\\Http\\Request), 'wp', 'content')
#2 /var/www/www-root/data/www/randevumcepte/vendor/laravel/framework/src/Illuminate/Routing/Controller.php(54): call_user_func_array(Array, Array)
#3 /var/www/www-root/data/www/randevumcepte/vendor/laravel/framework/src/Illuminate/Routing/ControllerDispatcher.php(45): Illuminate\\Routing\\Controller->callAction('salonDetay_anas...', Array)
#4 /var/www/www-root/data/www/randevumcepte/vendor/laravel/framework/src/Illuminate/Routing/Route.php(212): Illuminate\\Routing\\ControllerDispatcher->dispatch(Object(Illuminate\\Routing\\Route), Object(App\\Http\\Controllers\\HomeController), 'salonDetay_anas...')
#5 /var/www/www-root/data/www/randevumcepte/vendor/laravel/framework/src/Illuminate/Routing/Route.php(169): Illuminate\\Routing\\Route->runController()
#6 /var/www/www-root/data/www/randevumcepte/vendor/laravel/framework/src/Illuminate/Routing/Router.php(665): Illuminate\\Routing\\Route->run()
#7 /var/www/www-root/data/www/randevumcepte/vendor/laravel/framework/src/Illuminate/Routing/Pipeline.php(30): Illuminate\\Routing\\Router->Illuminate\\Routing\\{closure}(Object(Illuminate\\Http\\Request))
#8 /var/www/www-root/data/www/randevumcepte/app/Http/Middleware/RedirectIfAuthenticated.php(33): Illuminate\\Routing\\Pipeline->Illuminate\\Routing\\{closure}(Object(Illuminate\\Http\\Request))
#9 /var/www/www-root/data/www/randevumcepte/vendor/laravel/framework/src/Illuminate/Pipeline/Pipeline.php(151): App\\Http\\Middleware\\RedirectIfAuthenticated->handle(Object(Illuminate\\Http\\Request), Object(Closure))
#10 /var/www/www-root/data/www/randevumcepte/vendor/laravel/framework/src/Illuminate/Routing/Pipeline.php(53): Illuminate\\Pipeline\\Pipeline->Illuminate\\Pipeline\\{closure}(Object(Illuminate\\Http\\Request))
#11 /var/www/www-root/data/www/randevumcepte/vendor/htmlmin/htmlmin/src/Http/Middleware/MinifyMiddleware.php(55): Illuminate\\Routing\\Pipeline->Illuminate\\Routing\\{closure}(Object(Illuminate\\Http\\Request))
#12 /var/www/www-root/data/www/randevumcepte/vendor/laravel/framework/src/Illuminate/Pipeline/Pipeline.php(151): HTMLMin\\HTMLMin\\Http\\Middleware\\MinifyMiddleware->handle(Object(Illuminate\\Http\\Request), Object(Closure))
#13 /var/www/www-root/data/www/randevumcepte/vendor/laravel/framework/src/Illuminate/Routing/Pipeline.php(53): Illuminate\\Pipeline\\Pipeline->Illuminate\\Pipeline\\{closure}(Object(Illuminate\\Http\\Request))
#14 /var/www/www-root/data/www/randevumcepte/vendor/laravel/framework/src/Illuminate/Routing/Middleware/SubstituteBindings.php(41): Illuminate\\Routing\\Pipeline->Illuminate\\Routing\\{closure}(Object(Illuminate\\Http\\Request))
#15 /var/www/www-root/data/www/randevumcepte/vendor/laravel/framework/src/Illuminate/Pipeline/Pipeline.php(151): Illuminate\\Routing\\Middleware\\SubstituteBindings->handle(Object(Illuminate\\Http\\Request), Object(Closure))
#16 /var/www/www-root/data/www/randevumcepte/vendor/laravel/framework/src/Illuminate/Routing/Pipeline.php(53): Illuminate\\Pipeline\\Pipeline->Illuminate\\Pipeline\\{closure}(Object(Illuminate\\Http\\Request))
#17 /var/www/www-root/data/www/randevumcepte/app/Http/Middleware/AuthenticateSession.php(42): Illuminate\\Routing\\Pipeline->Illuminate\\Routing\\{closure}(Object(Illuminate\\Http\\Request))
#18 /var/www/www-root/data/www/randevumcepte/vendor/laravel/framework/src/Illuminate/Pipeline/Pipeline.php(151): App\\Http\\Middleware\\AuthenticateSession->handle(Object(Illuminate\\Http\\Request), Object(Closure))
#19 /var/www/www-root/data/www/randevumcepte/vendor/laravel/framework/src/Illuminate/Routing/Pipeline.php(53): Illuminate\\Pipeline\\Pipeline->Illuminate\\Pipeline\\{closure}(Object(Illuminate\\Http\\Request))
#20 /var/www/www-root/data/www/randevumcepte/vendor/laravel/framework/src/Illuminate/Foundation/Http/Middleware/VerifyCsrfToken.php(68): Illuminate\\Routing\\Pipeline->Illuminate\\Routing\\{closure}(Object(Illuminate\\Http\\Request))
#21 /var/www/www-root/data/www/randevumcepte/vendor/laravel/framework/src/Illuminate/Pipeline/Pipeline.php(151): Illuminate\\Foundation\\Http\\Middleware\\VerifyCsrfToken->handle(Object(Illuminate\\Http\\Request), Object(Closure))
#22 /var/www/www-root/data/www/randevumcepte/vendor/laravel/framework/src/Illuminate/Routing/Pipeline.php(53): Illuminate\\Pipeline\\Pipeline->Illuminate\\Pipeline\\{closure}(Object(Illuminate\\Http\\Request))
#23 /var/www/www-root/data/www/randevumcepte/vendor/laravel/framework/src/Illuminate/View/Middleware/ShareErrorsFromSession.php(49): Illuminate\\Routing\\Pipeline->Illuminate\\Routing\\{closure}(Object(Illuminate\\Http\\Request))
#24 /var/www/www-root/data/www/randevumcepte/vendor/laravel/framework/src/Illuminate/Pipeline/Pipeline.php(151): Illuminate\\View\\Middleware\\ShareErrorsFromSession->handle(Object(Illuminate\\Http\\Request), Object(Closure))
#25 /var/www/www-root/data/www/randevumcepte/vendor/laravel/framework/src/Illuminate/Routing/Pipeline.php(53): Illuminate\\Pipeline\\Pipeline->Illuminate\\Pipeline\\{closure}(Object(Illuminate\\Http\\Request))
#26 /var/www/www-root/data/www/randevumcepte/vendor/laravel/framework/src/Illuminate/Session/Middleware/StartSession.php(63): Illuminate\\Routing\\Pipeline->Illuminate\\Routing\\{closure}(Object(Illuminate\\Http\\Request))
#27 /var/www/www-root/data/www/randevumcepte/vendor/laravel/framework/src/Illuminate/Pipeline/Pipeline.php(151): Illuminate\\Session\\Middleware\\StartSession->handle(Object(Illuminate\\Http\\Request), Object(Closure))
#28 /var/www/www-root/data/www/randevumcepte/vendor/laravel/framework/src/Illuminate/Routing/Pipeline.php(53): Illuminate\\Pipeline\\Pipeline->Illuminate\\Pipeline\\{closure}(Object(Illuminate\\Http\\Request))
#29 /var/www/www-root/data/www/randevumcepte/vendor/laravel/framework/src/Illuminate/Cookie/Middleware/AddQueuedCookiesToResponse.php(37): Illuminate\\Routing\\Pipeline->Illuminate\\Routing\\{closure}(Object(Illuminate\\Http\\Request))
#30 /var/www/www-root/data/www/randevumcepte/vendor/laravel/framework/src/Illuminate/Pipeline/Pipeline.php(151): Illuminate\\Cookie\\Middleware\\AddQueuedCookiesToResponse->handle(Object(Illuminate\\Http\\Request), Object(Closure))
#31 /var/www/www-root/data/www/randevumcepte/vendor/laravel/framework/src/Illuminate/Routing/Pipeline.php(53): Illuminate\\Pipeline\\Pipeline->Illuminate\\Pipeline\\{closure}(Object(Illuminate\\Http\\Request))
#32 /var/www/www-root/data/www/randevumcepte/vendor/laravel/framework/src/Illuminate/Cookie/Middleware/EncryptCookies.php(66): Illuminate\\Routing\\Pipeline->Illuminate\\Routing\\{closure}(Object(Illuminate\\Http\\Request))
#33 /var/www/www-root/data/www/randevumcepte/vendor/laravel/framework/src/Illuminate/Pipeline/Pipeline.php(151): Illuminate\\Cookie\\Middleware\\EncryptCookies->handle(Object(Illuminate\\Http\\Request), Object(Closure))
#34 /var/www/www-root/data/www/randevumcepte/vendor/laravel/framework/src/Illuminate/Routing/Pipeline.php(53): Illuminate\\Pipeline\\Pipeline->Illuminate\\Pipeline\\{closure}(Object(Illuminate\\Http\\Request))
#35 /var/www/www-root/data/www/randevumcepte/app/Http/Middleware/LogRequestPerformance.php(13): Illuminate\\Routing\\Pipeline->Illuminate\\Routing\\{closure}(Object(Illuminate\\Http\\Request))
#36 /var/www/www-root/data/www/randevumcepte/vendor/laravel/framework/src/Illuminate/Pipeline/Pipeline.php(151): App\\Http\\Middleware\\LogRequestPerformance->handle(Object(Illuminate\\Http\\Request), Object(Closure))
#37 /var/www/www-root/data/www/randevumcepte/vendor/laravel/framework/src/Illuminate/Routing/Pipeline.php(53): Illuminate\\Pipeline\\Pipeline->Illuminate\\Pipeline\\{closure}(Object(Illuminate\\Http\\Request))
#38 /var/www/www-root/data/www/randevumcepte/vendor/laravel/framework/src/Illuminate/Pipeline/Pipeline.php(104): Illuminate\\Routing\\Pipeline->Illuminate\\Routing\\{closure}(Object(Illuminate\\Http\\Request))
#39 /var/www/www-root/data/www/randevumcepte/vendor/laravel/framework/src/Illuminate/Routing/Router.php(667): Illuminate\\Pipeline\\Pipeline->then(Object(Closure))
#40 /var/www/www-root/data/www/randevumcepte/vendor/laravel/framework/src/Illuminate/Routing/Router.php(642): Illuminate\\Routing\\Router->runRouteWithinStack(Object(Illuminate\\Routing\\Route), Object(Illuminate\\Http\\Request))
#41 /var/www/www-root/data/www/randevumcepte/vendor/laravel/framework/src/Illuminate/Routing/Router.php(608): Illuminate\\Routing\\Router->runRoute(Object(Illuminate\\Http\\Request), Object(Illuminate\\Routing\\Route))
#42 /var/www/www-root/data/www/randevumcepte/vendor/laravel/framework/src/Illuminate/Routing/Router.php(597): Illuminate\\Routing\\Router->dispatchToRoute(Object(Illuminate\\Http\\Request))
#43 /var/www/www-root/data/www/randevumcepte/vendor/laravel/framework/src/Illuminate/Foundation/Http/Kernel.php(176): Illuminate\\Routing\\Router->dispatch(Object(Illuminate\\Http\\Request))
#44 /var/www/www-root/data/www/randevumcepte/vendor/laravel/framework/src/Illuminate/Routing/Pipeline.php(30): Illuminate\\Foundation\\Http\\Kernel->Illuminate\\Foundation\\Http\\{closure}(Object(Illuminate\\Http\\Request))
#45 /var/www/www-root/data/www/randevumcepte/vendor/barryvdh/laravel-debugbar/src/Middleware/InjectDebugbar.php(58): Illuminate\\Routing\\Pipeline->Illuminate\\Routing\\{closure}(Object(Illuminate\\Http\\Request))
#46 /var/www/www-root/data/www/randevumcepte/vendor/laravel/framework/src/Illuminate/Pipeline/Pipeline.php(151): Barryvdh\\Debugbar\\Middleware\\InjectDebugbar->handle(Object(Illuminate\\Http\\Request), Object(Closure))
#47 /var/www/www-root/data/www/randevumcepte/vendor/laravel/framework/src/Illuminate/Routing/Pipeline.php(53): Illuminate\\Pipeline\\Pipeline->Illuminate\\Pipeline\\{closure}(Object(Illuminate\\Http\\Request))
#48 /var/www/www-root/data/www/randevumcepte/vendor/laravel/framework/src/Illuminate/Foundation/Http/Middleware/TransformsRequest.php(31): Illuminate\\Routing\\Pipeline->Illuminate\\Routing\\{closure}(Object(Illuminate\\Http\\Request))
#49 /var/www/www-root/data/www/randevumcepte/vendor/laravel/framework/src/Illuminate/Pipeline/Pipeline.php(151): Illuminate\\Foundation\\Http\\Middleware\\TransformsRequest->handle(Object(Illuminate\\Http\\Request), Object(Closure))
#50 /var/www/www-root/data/www/randevumcepte/vendor/laravel/framework/src/Illuminate/Routing/Pipeline.php(53): Illuminate\\Pipeline\\Pipeline->Illuminate\\Pipeline\\{closure}(Object(Illuminate\\Http\\Request))
#51 /var/www/www-root/data/www/randevumcepte/vendor/laravel/framework/src/Illuminate/Foundation/Http/Middleware/TransformsRequest.php(31): Illuminate\\Routing\\Pipeline->Illuminate\\Routing\\{closure}(Object(Illuminate\\Http\\Request))
#52 /var/www/www-root/data/www/randevumcepte/vendor/laravel/framework/src/Illuminate/Pipeline/Pipeline.php(151): Illuminate\\Foundation\\Http\\Middleware\\TransformsRequest->handle(Object(Illuminate\\Http\\Request), Object(Closure))
#53 /var/www/www-root/data/www/randevumcepte/vendor/laravel/framework/src/Illuminate/Routing/Pipeline.php(53): Illuminate\\Pipeline\\Pipeline->Illuminate\\Pipeline\\{closure}(Object(Illuminate\\Http\\Request))
#54 /var/www/www-root/data/www/randevumcepte/vendor/laravel/framework/src/Illuminate/Foundation/Http/Middleware/ValidatePostSize.php(27): Illuminate\\Routing\\Pipeline->Illuminate\\Routing\\{closure}(Object(Illuminate\\Http\\Request))
#55 /var/www/www-root/data/www/randevumcepte/vendor/laravel/framework/src/Illuminate/Pipeline/Pipeline.php(151): Illuminate\\Foundation\\Http\\Middleware\\ValidatePostSize->handle(Object(Illuminate\\Http\\Request), Object(Closure))
#56 /var/www/www-root/data/www/randevumcepte/vendor/laravel/framework/src/Illuminate/Routing/Pipeline.php(53): Illuminate\\Pipeline\\Pipeline->Illuminate\\Pipeline\\{closure}(Object(Illuminate\\Http\\Request))
#57 /var/www/www-root/data/www/randevumcepte/vendor/laravel/framework/src/Illuminate/Foundation/Http/Middleware/CheckForMaintenanceMode.php(62): Illuminate\\Routing\\Pipeline->Illuminate\\Routing\\{closure}(Object(Illuminate\\Http\\Request))
#58 /var/www/www-root/data/www/randevumcepte/vendor/laravel/framework/src/Illuminate/Pipeline/Pipeline.php(151): Illuminate\\Foundation\\Http\\Middleware\\CheckForMaintenanceMode->handle(Object(Illuminate\\Http\\Request), Object(Closure))
#59 /var/www/www-root/data/www/randevumcepte/vendor/laravel/framework/src/Illuminate/Routing/Pipeline.php(53): Illuminate\\Pipeline\\Pipeline->Illuminate\\Pipeline\\{closure}(Object(Illuminate\\Http\\Request))
#60 /var/www/www-root/data/www/randevumcepte/vendor/laravel/framework/src/Illuminate/Pipeline/Pipeline.php(104): Illuminate\\Routing\\Pipeline->Illuminate\\Routing\\{closure}(Object(Illuminate\\Http\\Request))
#61 /var/www/www-root/data/www/randevumcepte/vendor/laravel/framework/src/Illuminate/Foundation/Http/Kernel.php(151): Illuminate\\Pipeline\\Pipeline->then(Object(Closure))
#62 /var/www/www-root/data/www/randevumcepte/vendor/laravel/framework/src/Illuminate/Foundation/Http/Kernel.php(116): Illuminate\\Foundation\\Http\\Kernel->sendRequestThroughRouter(Object(Illuminate\\Http\\Request))
#63 /var/www/www-root/data/www/randevumcepte/public/index.php(52): Illuminate\\Foundation\\Http\\Kernel->handle(Object(Illuminate\\Http\\Request))
#64 /var/www/www-root/data/www/randevumcepte/index.php(20): require_once('/var/www/www-ro...')
#65 {main}
"} 
[2026-07-01 22:43:29] local.WARNING: SalonHatirlatma [acikAdisyonEski] hata: SQLSTATE[42S22]: Column not found: 1054 Unknown column 'toplam_tutar' in 'SELECT' (SQL: select `adisyon_id`, SUM(IFNULL(toplam_tutar,IFNULL(birim_tutar,0))) as t from `adisyon_hizmetler` where `adisyon_id` in (524883, 524885, 524887, 524888, 524889, 524892, 524894, 524896, 524897, 524899, 524900, 524901, 524902, 524905, 524906, 524907, 524909, 524912, 524913, 524914, 524915, 524916, 524918, 524923, 524924, 524925, 524926, 524928, 524929, 524931, 524932, 524933, 524934, 524935, 524936, 524937, 524938, 524939, 524940, 524941, 524942, 524943, 524944, 524945, 524946, 524947, 524948, 524950, 524951, 524952, 524953, 524954, 524955, 524956, 524957, 524959, 524960, 524962, 524963, 524964, 524965, 524966, 524967, 524968, 524969, 524970, 524971, 524974, 524975, 524976, 524977, 524978, 524979, 524980, 524982, 524983, 524984, 524985, 524987, 524990, 524991, 524992, 524994, 524996, 524997, 524998, 524999, 525000, 525001, 525002, 525003, 525004, 525005, 525006, 525007, 525008, 525009, 525010, 525011, 525012) group by `adisyon_id`)  
[2026-07-01 22:43:49] local.WARNING: SalonHatirlatma [acikAdisyonEski] hata: SQLSTATE[42S22]: Column not found: 1054 Unknown column 'toplam_tutar' in 'SELECT' (SQL: select `adisyon_id`, SUM(IFNULL(toplam_tutar,IFNULL(birim_tutar,0))) as t from `adisyon_hizmetler` where `adisyon_id` in (524883, 524885, 524887, 524888, 524889, 524892, 524894, 524896, 524897, 524899, 524900, 524901, 524902, 524905, 524906, 524907, 524909, 524912, 524913, 524914, 524915, 524916, 524918, 524923, 524924, 524925, 524926, 524928, 524929, 524931, 524932, 524933, 524934, 524935, 524936, 524937, 524938, 524939, 524940, 524941, 524942, 524943, 524944, 524945, 524946, 524947, 524948, 524950, 524951, 524952, 524953, 524954, 524955, 524956, 524957, 524959, 524960, 524962, 524963, 524964, 524965, 524966, 524967, 524968, 524969, 524970, 524971, 524974, 524975, 524976, 524977, 524978, 524979, 524980, 524982, 524983, 524984, 524985, 524987, 524990, 524991, 524992, 524994, 524996, 524997, 524998, 524999, 525000, 525001, 525002, 525003, 525004, 525005, 525006, 525007, 525008, 525009, 525010, 525011, 525012) group by `adisyon_id`)  
[2026-07-01 22:44:02] local.INFO: [RND-SMS] cron tick {"simdi":"01.07.2026 22:44","aday_randevu_sayisi":566} 
[2026-07-01 22:44:03] local.INFO: [ALACAK-ARAMA] kontrol basladi. dk=2026-07-01 22:44  
[2026-07-01 22:44:03] local.INFO: [ALACAK-ARAMA] aranacak alacak yok.  
[2026-07-01 22:44:04] local.INFO: 💊 İlaç kontrol zamanı: 22:44  
[2026-07-01 22:44:10] local.WARNING: SalonHatirlatma [acikAdisyonEski] hata: SQLSTATE[42S22]: Column not found: 1054 Unknown column 'toplam_tutar' in 'SELECT' (SQL: select `adisyon_id`, SUM(IFNULL(toplam_tutar,IFNULL(birim_tutar,0))) as t from `adisyon_hizmetler` where `adisyon_id` in (524883, 524885, 524887, 524888, 524889, 524892, 524894, 524896, 524897, 524899, 524900, 524901, 524902, 524905, 524906, 524907, 524909, 524912, 524913, 524914, 524915, 524916, 524918, 524923, 524924, 524925, 524926, 524928, 524929, 524931, 524932, 524933, 524934, 524935, 524936, 524937, 524938, 524939, 524940, 524941, 524942, 524943, 524944, 524945, 524946, 524947, 524948, 524950, 524951, 524952, 524953, 524954, 524955, 524956, 524957, 524959, 524960, 524962, 524963, 524964, 524965, 524966, 524967, 524968, 524969, 524970, 524971, 524974, 524975, 524976, 524977, 524978, 524979, 524980, 524982, 524983, 524984, 524985, 524987, 524990, 524991, 524992, 524994, 524996, 524997, 524998, 524999, 525000, 525001, 525002, 525003, 525004, 525005, 525006, 525007, 525008, 525009, 525010, 525011, 525012) group by `adisyon_id`)  
[2026-07-01 22:44:29] local.WARNING: SalonHatirlatma [acikAdisyonEski] hata: SQLSTATE[42S22]: Column not found: 1054 Unknown column 'toplam_tutar' in 'SELECT' (SQL: select `adisyon_id`, SUM(IFNULL(toplam_tutar,IFNULL(birim_tutar,0))) as t from `adisyon_hizmetler` where `adisyon_id` in (524883, 524885, 524887, 524888, 524889, 524892, 524894, 524896, 524897, 524899, 524900, 524901, 524902, 524905, 524906, 524907, 524909, 524912, 524913, 524914, 524915, 524916, 524918, 524923, 524924, 524925, 524926, 524928, 524929, 524931, 524932, 524933, 524934, 524935, 524936, 524937, 524938, 524939, 524940, 524941, 524942, 524943, 524944, 524945, 524946, 524947, 524948, 524950, 524951, 524952, 524953, 524954, 524955, 524956, 524957, 524959, 524960, 524962, 524963, 524964, 524965, 524966, 524967, 524968, 524969, 524970, 524971, 524974, 524975, 524976, 524977, 524978, 524979, 524980, 524982, 524983, 524984, 524985, 524987, 524990, 524991, 524992, 524994, 524996, 524997, 524998, 524999, 525000, 525001, 525002, 525003, 525004, 525005, 525006, 525007, 525008, 525009, 525010, 525011, 525012) group by `adisyon_id`)  
[2026-07-01 22:44:49] local.WARNING: SalonHatirlatma [acikAdisyonEski] hata: SQLSTATE[42S22]: Column not found: 1054 Unknown column 'toplam_tutar' in 'SELECT' (SQL: select `adisyon_id`, SUM(IFNULL(toplam_tutar,IFNULL(birim_tutar,0))) as t from `adisyon_hizmetler` where `adisyon_id` in (524883, 524885, 524887, 524888, 524889, 524892, 524894, 524896, 524897, 524899, 524900, 524901, 524902, 524905, 524906, 524907, 524909, 524912, 524913, 524914, 524915, 524916, 524918, 524923, 524924, 524925, 524926, 524928, 524929, 524931, 524932, 524933, 524934, 524935, 524936, 524937, 524938, 524939, 524940, 524941, 524942, 524943, 524944, 524945, 524946, 524947, 524948, 524950, 524951, 524952, 524953, 524954, 524955, 524956, 524957, 524959, 524960, 524962, 524963, 524964, 524965, 524966, 524967, 524968, 524969, 524970, 524971, 524974, 524975, 524976, 524977, 524978, 524979, 524980, 524982, 524983, 524984, 524985, 524987, 524990, 524991, 524992, 524994, 524996, 524997, 524998, 524999, 525000, 525001, 525002, 525003, 525004, 525005, 525006, 525007, 525008, 525009, 525010, 525011, 525012) group by `adisyon_id`)  
[2026-07-01 22:45:02] local.INFO: [RND-SMS] cron tick {"simdi":"01.07.2026 22:45","aday_randevu_sayisi":566} 
[2026-07-01 22:45:03] local.INFO: [ALACAK-ARAMA] kontrol basladi. dk=2026-07-01 22:45  
[2026-07-01 22:45:03] local.INFO: [ALACAK-ARAMA] aranacak alacak yok.  
[2026-07-01 22:45:04] local.INFO: 💊 İlaç kontrol zamanı: 22:45  
[2026-07-01 22:45:09] local.WARNING: SalonHatirlatma [acikAdisyonEski] hata: SQLSTATE[42S22]: Column not found: 1054 Unknown column 'toplam_tutar' in 'SELECT' (SQL: select `adisyon_id`, SUM(IFNULL(toplam_tutar,IFNULL(birim_tutar,0))) as t from `adisyon_hizmetler` where `adisyon_id` in (524883, 524885, 524887, 524888, 524889, 524892, 524894, 524896, 524897, 524899, 524900, 524901, 524902, 524905, 524906, 524907, 524909, 524912, 524913, 524914, 524915, 524916, 524918, 524923, 524924, 524925, 524926, 524928, 524929, 524931, 524932, 524933, 524934, 524935, 524936, 524937, 524938, 524939, 524940, 524941, 524942, 524943, 524944, 524945, 524946, 524947, 524948, 524950, 524951, 524952, 524953, 524954, 524955, 524956, 524957, 524959, 524960, 524962, 524963, 524964, 524965, 524966, 524967, 524968, 524969, 524970, 524971, 524974, 524975, 524976, 524977, 524978, 524979, 524980, 524982, 524983, 524984, 524985, 524987, 524990, 524991, 524992, 524994, 524996, 524997, 524998, 524999, 525000, 525001, 525002, 525003, 525004, 525005, 525006, 525007, 525008, 525009, 525010, 525011, 525012) group by `adisyon_id`)  
[2026-07-01 22:45:15] local.ERROR: syntax error, unexpected end of file, expecting ')' {"exception":"[object] (Symfony\\Component\\Debug\\Exception\\FatalThrowableError(code: 0): syntax error, unexpected end of file, expecting ')' at /var/www/www-root/data/www/randevumcepte/app/Http/Controllers/StoreAdminController.php:20001)
[stacktrace]
#0 /var/www/www-root/data/www/randevumcepte/vendor/composer/ClassLoader.php(428): Composer\\Autoload\\includeFile('/var/www/www-ro...')
#1 [internal function]: Composer\\Autoload\\ClassLoader->loadClass('App\\\\Http\\\\Contro...')
#2 [internal function]: spl_autoload_call('App\\\\Http\\\\Contro...')
#3 /var/www/www-root/data/www/randevumcepte/vendor/laravel/framework/src/Illuminate/Routing/RouteAction.php(31): is_callable(Array)
#4 /var/www/www-root/data/www/randevumcepte/vendor/laravel/framework/src/Illuminate/Routing/Route.php(155): Illuminate\\Routing\\RouteAction::parse('isletmeyonetim/...', Array)
#5 /var/www/www-root/data/www/randevumcepte/vendor/laravel/framework/src/Illuminate/Routing/Route.php(134): Illuminate\\Routing\\Route->parseAction(Array)
#6 /var/www/www-root/data/www/randevumcepte/vendor/laravel/framework/src/Illuminate/Routing/Router.php(532): Illuminate\\Routing\\Route->__construct(Array, 'isletmeyonetim/...', Array)
#7 /var/www/www-root/data/www/randevumcepte/vendor/laravel/framework/src/Illuminate/Routing/Router.php(451): Illuminate\\Routing\\Router->newRoute(Array, 'isletmeyonetim/...', Array)
#8 /var/www/www-root/data/www/randevumcepte/vendor/laravel/framework/src/Illuminate/Routing/Router.php(430): Illuminate\\Routing\\Router->createRoute(Array, '/gunluk-urun-sa...', Array)
#9 /var/www/www-root/data/www/randevumcepte/vendor/laravel/framework/src/Illuminate/Routing/Router.php(141): Illuminate\\Routing\\Router->addRoute(Array, '/gunluk-urun-sa...', Array)
#10 /var/www/www-root/data/www/randevumcepte/vendor/laravel/framework/src/Illuminate/Support/Facades/Facade.php(223): Illuminate\\Routing\\Router->get('/gunluk-urun-sa...', Array)
#11 /var/www/www-root/data/www/randevumcepte/routes/web.php(943): Illuminate\\Support\\Facades\\Facade::__callStatic('get', Array)
#12 /var/www/www-root/data/www/randevumcepte/vendor/laravel/framework/src/Illuminate/Routing/Router.php(396): Illuminate\\Routing\\Router->{closure}(Object(Illuminate\\Routing\\Router))
#13 /var/www/www-root/data/www/randevumcepte/vendor/laravel/framework/src/Illuminate/Routing/Router.php(356): Illuminate\\Routing\\Router->loadRoutes(Object(Closure))
#14 /var/www/www-root/data/www/randevumcepte/vendor/laravel/framework/src/Illuminate/Routing/RouteRegistrar.php(121): Illuminate\\Routing\\Router->group(Array, Object(Closure))
#15 /var/www/www-root/data/www/randevumcepte/routes/web.php(948): Illuminate\\Routing\\RouteRegistrar->group(Object(Closure))
#16 /var/www/www-root/data/www/randevumcepte/vendor/laravel/framework/src/Illuminate/Routing/Router.php(396): Illuminate\\Routing\\Router->{closure}(Object(Illuminate\\Routing\\Router))
#17 /var/www/www-root/data/www/randevumcepte/vendor/laravel/framework/src/Illuminate/Routing/Router.php(356): Illuminate\\Routing\\Router->loadRoutes(Object(Closure))
#18 /var/www/www-root/data/www/randevumcepte/vendor/laravel/framework/src/Illuminate/Routing/RouteRegistrar.php(121): Illuminate\\Routing\\Router->group(Array, Object(Closure))
#19 /var/www/www-root/data/www/randevumcepte/routes/web.php(1422): Illuminate\\Routing\\RouteRegistrar->group(Object(Closure))
#20 /var/www/www-root/data/www/randevumcepte/vendor/laravel/framework/src/Illuminate/Routing/Router.php(400): require('/var/www/www-ro...')
#21 /var/www/www-root/data/www/randevumcepte/vendor/laravel/framework/src/Illuminate/Routing/Router.php(356): Illuminate\\Routing\\Router->loadRoutes('/var/www/www-ro...')
#22 /var/www/www-root/data/www/randevumcepte/vendor/laravel/framework/src/Illuminate/Routing/RouteRegistrar.php(121): Illuminate\\Routing\\Router->group(Array, '/var/www/www-ro...')
#23 /var/www/www-root/data/www/randevumcepte/app/Providers/RouteServiceProvider.php(56): Illuminate\\Routing\\RouteRegistrar->group('/var/www/www-ro...')
#24 /var/www/www-root/data/www/randevumcepte/app/Providers/RouteServiceProvider.php(40): App\\Providers\\RouteServiceProvider->mapWebRoutes()
#25 [internal function]: App\\Providers\\RouteServiceProvider->map()
#26 /var/www/www-root/data/www/randevumcepte/vendor/laravel/framework/src/Illuminate/Container/BoundMethod.php(29): call_user_func_array(Array, Array)
#27 /var/www/www-root/data/www/randevumcepte/vendor/laravel/framework/src/Illuminate/Container/BoundMethod.php(87): Illuminate\\Container\\BoundMethod::Illuminate\\Container\\{closure}()
#28 /var/www/www-root/data/www/randevumcepte/vendor/laravel/framework/src/Illuminate/Container/BoundMethod.php(31): Illuminate\\Container\\BoundMethod::callBoundMethod(Object(Illuminate\\Foundation\\Application), Array, Object(Closure))
#29 /var/www/www-root/data/www/randevumcepte/vendor/laravel/framework/src/Illuminate/Container/Container.php(564): Illuminate\\Container\\BoundMethod::call(Object(Illuminate\\Foundation\\Application), Array, Array, NULL)
#30 /var/www/www-root/data/www/randevumcepte/vendor/laravel/framework/src/Illuminate/Foundation/Support/Providers/RouteServiceProvider.php(74): Illuminate\\Container\\Container->call(Array)
#31 /var/www/www-root/data/www/randevumcepte/vendor/laravel/framework/src/Illuminate/Foundation/Support/Providers/RouteServiceProvider.php(33): Illuminate\\Foundation\\Support\\Providers\\RouteServiceProvider->loadRoutes()
#32 /var/www/www-root/data/www/randevumcepte/app/Providers/RouteServiceProvider.php(28): Illuminate\\Foundation\\Support\\Providers\\RouteServiceProvider->boot()
#33 [internal function]: App\\Providers\\RouteServiceProvider->boot()
#34 /var/www/www-root/data/www/randevumcepte/vendor/laravel/framework/src/Illuminate/Container/BoundMethod.php(29): call_user_func_array(Array, Array)
#35 /var/www/www-root/data/www/randevumcepte/vendor/laravel/framework/src/Illuminate/Container/BoundMethod.php(87): Illuminate\\Container\\BoundMethod::Illuminate\\Container\\{closure}()
#36 /var/www/www-root/data/www/randevumcepte/vendor/laravel/framework/src/Illuminate/Container/BoundMethod.php(31): Illuminate\\Container\\BoundMethod::callBoundMethod(Object(Illuminate\\Foundation\\Application), Array, Object(Closure))
#37 /var/www/www-root/data/www/randevumcepte/vendor/laravel/framework/src/Illuminate/Container/Container.php(564): Illuminate\\Container\\BoundMethod::call(Object(Illuminate\\Foundation\\Application), Array, Array, NULL)
#38 /var/www/www-root/data/www/randevumcepte/vendor/laravel/framework/src/Illuminate/Foundation/Application.php(794): Illuminate\\Container\\Container->call(Array)
#39 /var/www/www-root/data/www/randevumcepte/vendor/laravel/framework/src/Illuminate/Foundation/Application.php(777): Illuminate\\Foundation\\Application->bootProvider(Object(App\\Providers\\RouteServiceProvider))
#40 [internal function]: Illuminate\\Foundation\\Application->Illuminate\\Foundation\\{closure}(Object(App\\Providers\\RouteServiceProvider), 27)
#41 /var/www/www-root/data/www/randevumcepte/vendor/laravel/framework/src/Illuminate/Foundation/Application.php(778): array_walk(Array, Object(Closure))
#42 /var/www/www-root/data/www/randevumcepte/vendor/laravel/framework/src/Illuminate/Foundation/Bootstrap/BootProviders.php(17): Illuminate\\Foundation\\Application->boot()
#43 /var/www/www-root/data/www/randevumcepte/vendor/laravel/framework/src/Illuminate/Foundation/Application.php(206): Illuminate\\Foundation\\Bootstrap\\BootProviders->bootstrap(Object(Illuminate\\Foundation\\Application))
#44 /var/www/www-root/data/www/randevumcepte/vendor/laravel/framework/src/Illuminate/Foundation/Http/Kernel.php(162): Illuminate\\Foundation\\Application->bootstrapWith(Array)
#45 /var/www/www-root/data/www/randevumcepte/vendor/laravel/framework/src/Illuminate/Foundation/Http/Kernel.php(146): Illuminate\\Foundation\\Http\\Kernel->bootstrap()
#46 /var/www/www-root/data/www/randevumcepte/vendor/laravel/framework/src/Illuminate/Foundation/Http/Kernel.php(116): Illuminate\\Foundation\\Http\\Kernel->sendRequestThroughRouter(Object(Illuminate\\Http\\Request))
#47 /var/www/www-root/data/www/randevumcepte/public/index.php(52): Illuminate\\Foundation\\Http\\Kernel->handle(Object(Illuminate\\Http\\Request))
#48 /var/www/www-root/data/www/randevumcepte/index.php(20): require_once('/var/www/www-ro...')
#49 {main}
"} 
[2026-07-01 22:45:15] local.ERROR: syntax error, unexpected end of file {"exception":"[object] (Symfony\\Component\\Debug\\Exception\\FatalThrowableError(code: 0): syntax error, unexpected end of file at /var/www/www-root/data/www/randevumcepte/app/Http/Controllers/StoreAdminController.php:23369)
[stacktrace]
#0 /var/www/www-root/data/www/randevumcepte/vendor/composer/ClassLoader.php(428): Composer\\Autoload\\includeFile('/var/www/www-ro...')
#1 [internal function]: Composer\\Autoload\\ClassLoader->loadClass('App\\\\Http\\\\Contro...')
#2 [internal function]: spl_autoload_call('App\\\\Http\\\\Contro...')
#3 /var/www/www-root/data/www/randevumcepte/vendor/laravel/framework/src/Illuminate/Routing/RouteAction.php(31): is_callable(Array)
#4 /var/www/www-root/data/www/randevumcepte/vendor/laravel/framework/src/Illuminate/Routing/Route.php(155): Illuminate\\Routing\\RouteAction::parse('isletmeyonetim/...', Array)
#5 /var/www/www-root/data/www/randevumcepte/vendor/laravel/framework/src/Illuminate/Routing/Route.php(134): Illuminate\\Routing\\Route->parseAction(Array)
#6 /var/www/www-root/data/www/randevumcepte/vendor/laravel/framework/src/Illuminate/Routing/Router.php(532): Illuminate\\Routing\\Route->__construct(Array, 'isletmeyonetim/...', Array)
#7 /var/www/www-root/data/www/randevumcepte/vendor/laravel/framework/src/Illuminate/Routing/Router.php(451): Illuminate\\Routing\\Router->newRoute(Array, 'isletmeyonetim/...', Array)
#8 /var/www/www-root/data/www/randevumcepte/vendor/laravel/framework/src/Illuminate/Routing/Router.php(430): Illuminate\\Routing\\Router->createRoute(Array, '/gunluk-urun-sa...', Array)
#9 /var/www/www-root/data/www/randevumcepte/vendor/laravel/framework/src/Illuminate/Routing/Router.php(141): Illuminate\\Routing\\Router->addRoute(Array, '/gunluk-urun-sa...', Array)
#10 /var/www/www-root/data/www/randevumcepte/vendor/laravel/framework/src/Illuminate/Support/Facades/Facade.php(223): Illuminate\\Routing\\Router->get('/gunluk-urun-sa...', Array)
#11 /var/www/www-root/data/www/randevumcepte/routes/web.php(943): Illuminate\\Support\\Facades\\Facade::__callStatic('get', Array)
#12 /var/www/www-root/data/www/randevumcepte/vendor/laravel/framework/src/Illuminate/Routing/Router.php(396): Illuminate\\Routing\\Router->{closure}(Object(Illuminate\\Routing\\Router))
#13 /var/www/www-root/data/www/randevumcepte/vendor/laravel/framework/src/Illuminate/Routing/Router.php(356): Illuminate\\Routing\\Router->loadRoutes(Object(Closure))
#14 /var/www/www-root/data/www/randevumcepte/vendor/laravel/framework/src/Illuminate/Routing/RouteRegistrar.php(121): Illuminate\\Routing\\Router->group(Array, Object(Closure))
#15 /var/www/www-root/data/www/randevumcepte/routes/web.php(948): Illuminate\\Routing\\RouteRegistrar->group(Object(Closure))
#16 /var/www/www-root/data/www/randevumcepte/vendor/laravel/framework/src/Illuminate/Routing/Router.php(396): Illuminate\\Routing\\Router->{closure}(Object(Illuminate\\Routing\\Router))
#17 /var/www/www-root/data/www/randevumcepte/vendor/laravel/framework/src/Illuminate/Routing/Router.php(356): Illuminate\\Routing\\Router->loadRoutes(Object(Closure))
#18 /var/www/www-root/data/www/randevumcepte/vendor/laravel/framework/src/Illuminate/Routing/RouteRegistrar.php(121): Illuminate\\Routing\\Router->group(Array, Object(Closure))
#19 /var/www/www-root/data/www/randevumcepte/routes/web.php(1422): Illuminate\\Routing\\RouteRegistrar->group(Object(Closure))
#20 /var/www/www-root/data/www/randevumcepte/vendor/laravel/framework/src/Illuminate/Routing/Router.php(400): require('/var/www/www-ro...')
#21 /var/www/www-root/data/www/randevumcepte/vendor/laravel/framework/src/Illuminate/Routing/Router.php(356): Illuminate\\Routing\\Router->loadRoutes('/var/www/www-ro...')
#22 /var/www/www-root/data/www/randevumcepte/vendor/laravel/framework/src/Illuminate/Routing/RouteRegistrar.php(121): Illuminate\\Routing\\Router->group(Array, '/var/www/www-ro...')
#23 /var/www/www-root/data/www/randevumcepte/app/Providers/RouteServiceProvider.php(56): Illuminate\\Routing\\RouteRegistrar->group('/var/www/www-ro...')
#24 /var/www/www-root/data/www/randevumcepte/app/Providers/RouteServiceProvider.php(40): App\\Providers\\RouteServiceProvider->mapWebRoutes()
#25 [internal function]: App\\Providers\\RouteServiceProvider->map()
#26 /var/www/www-root/data/www/randevumcepte/vendor/laravel/framework/src/Illuminate/Container/BoundMethod.php(29): call_user_func_array(Array, Array)
#27 /var/www/www-root/data/www/randevumcepte/vendor/laravel/framework/src/Illuminate/Container/BoundMethod.php(87): Illuminate\\Container\\BoundMethod::Illuminate\\Container\\{closure}()
#28 /var/www/www-root/data/www/randevumcepte/vendor/laravel/framework/src/Illuminate/Container/BoundMethod.php(31): Illuminate\\Container\\BoundMethod::callBoundMethod(Object(Illuminate\\Foundation\\Application), Array, Object(Closure))
#29 /var/www/www-root/data/www/randevumcepte/vendor/laravel/framework/src/Illuminate/Container/Container.php(564): Illuminate\\Container\\BoundMethod::call(Object(Illuminate\\Foundation\\Application), Array, Array, NULL)
#30 /var/www/www-root/data/www/randevumcepte/vendor/laravel/framework/src/Illuminate/Foundation/Support/Providers/RouteServiceProvider.php(74): Illuminate\\Container\\Container->call(Array)
#31 /var/www/www-root/data/www/randevumcepte/vendor/laravel/framework/src/Illuminate/Foundation/Support/Providers/RouteServiceProvider.php(33): Illuminate\\Foundation\\Support\\Providers\\RouteServiceProvider->loadRoutes()
#32 /var/www/www-root/data/www/randevumcepte/app/Providers/RouteServiceProvider.php(28): Illuminate\\Foundation\\Support\\Providers\\RouteServiceProvider->boot()
#33 [internal function]: App\\Providers\\RouteServiceProvider->boot()
#34 /var/www/www-root/data/www/randevumcepte/vendor/laravel/framework/src/Illuminate/Container/BoundMethod.php(29): call_user_func_array(Array, Array)
#35 /var/www/www-root/data/www/randevumcepte/vendor/laravel/framework/src/Illuminate/Container/BoundMethod.php(87): Illuminate\\Container\\BoundMethod::Illuminate\\Container\\{closure}()
#36 /var/www/www-root/data/www/randevumcepte/vendor/laravel/framework/src/Illuminate/Container/BoundMethod.php(31): Illuminate\\Container\\BoundMethod::callBoundMethod(Object(Illuminate\\Foundation\\Application), Array, Object(Closure))
#37 /var/www/www-root/data/www/randevumcepte/vendor/laravel/framework/src/Illuminate/Container/Container.php(564): Illuminate\\Container\\BoundMethod::call(Object(Illuminate\\Foundation\\Application), Array, Array, NULL)
#38 /var/www/www-root/data/www/randevumcepte/vendor/laravel/framework/src/Illuminate/Foundation/Application.php(794): Illuminate\\Container\\Container->call(Array)
#39 /var/www/www-root/data/www/randevumcepte/vendor/laravel/framework/src/Illuminate/Foundation/Application.php(777): Illuminate\\Foundation\\Application->bootProvider(Object(App\\Providers\\RouteServiceProvider))
#40 [internal function]: Illuminate\\Foundation\\Application->Illuminate\\Foundation\\{closure}(Object(App\\Providers\\RouteServiceProvider), 27)
#41 /var/www/www-root/data/www/randevumcepte/vendor/laravel/framework/src/Illuminate/Foundation/Application.php(778): array_walk(Array, Object(Closure))
#42 /var/www/www-root/data/www/randevumcepte/vendor/laravel/framework/src/Illuminate/Foundation/Bootstrap/BootProviders.php(17): Illuminate\\Foundation\\Application->boot()
#43 /var/www/www-root/data/www/randevumcepte/vendor/laravel/framework/src/Illuminate/Foundation/Application.php(206): Illuminate\\Foundation\\Bootstrap\\BootProviders->bootstrap(Object(Illuminate\\Foundation\\Application))
#44 /var/www/www-root/data/www/randevumcepte/vendor/laravel/framework/src/Illuminate/Foundation/Http/Kernel.php(162): Illuminate\\Foundation\\Application->bootstrapWith(Array)
#45 /var/www/www-root/data/www/randevumcepte/vendor/laravel/framework/src/Illuminate/Foundation/Http/Kernel.php(146): Illuminate\\Foundation\\Http\\Kernel->bootstrap()
#46 /var/www/www-root/data/www/randevumcepte/vendor/laravel/framework/src/Illuminate/Foundation/Http/Kernel.php(116): Illuminate\\Foundation\\Http\\Kernel->sendRequestThroughRouter(Object(Illuminate\\Http\\Request))
#47 /var/www/www-root/data/www/randevumcepte/public/index.php(52): Illuminate\\Foundation\\Http\\Kernel->handle(Object(Illuminate\\Http\\Request))
#48 /var/www/www-root/data/www/randevumcepte/index.php(20): require_once('/var/www/www-ro...')
#49 {main}
"} 
[2026-07-01 22:45:29] local.WARNING: SalonHatirlatma [acikAdisyonEski] hata: SQLSTATE[42S22]: Column not found: 1054 Unknown column 'toplam_tutar' in 'SELECT' (SQL: select `adisyon_id`, SUM(IFNULL(toplam_tutar,IFNULL(birim_tutar,0))) as t from `adisyon_hizmetler` where `adisyon_id` in (524883, 524885, 524887, 524888, 524889, 524892, 524894, 524896, 524897, 524899, 524900, 524901, 524902, 524905, 524906, 524907, 524909, 524912, 524913, 524914, 524915, 524916, 524918, 524923, 524924, 524925, 524926, 524928, 524929, 524931, 524932, 524933, 524934, 524935, 524936, 524937, 524938, 524939, 524940, 524941, 524942, 524943, 524944, 524945, 524946, 524947, 524948, 524950, 524951, 524952, 524953, 524954, 524955, 524956, 524957, 524959, 524960, 524962, 524963, 524964, 524965, 524966, 524967, 524968, 524969, 524970, 524971, 524974, 524975, 524976, 524977, 524978, 524979, 524980, 524982, 524983, 524984, 524985, 524987, 524990, 524991, 524992, 524994, 524996, 524997, 524998, 524999, 525000, 525001, 525002, 525003, 525004, 525005, 525006, 525007, 525008, 525009, 525010, 525011, 525012) group by `adisyon_id`)  
[2026-07-01 22:45:49] local.WARNING: SalonHatirlatma [acikAdisyonEski] hata: SQLSTATE[42S22]: Column not found: 1054 Unknown column 'toplam_tutar' in 'SELECT' (SQL: select `adisyon_id`, SUM(IFNULL(toplam_tutar,IFNULL(birim_tutar,0))) as t from `adisyon_hizmetler` where `adisyon_id` in (524883, 524885, 524887, 524888, 524889, 524892, 524894, 524896, 524897, 524899, 524900, 524901, 524902, 524905, 524906, 524907, 524909, 524912, 524913, 524914, 524915, 524916, 524918, 524923, 524924, 524925, 524926, 524928, 524929, 524931, 524932, 524933, 524934, 524935, 524936, 524937, 524938, 524939, 524940, 524941, 524942, 524943, 524944, 524945, 524946, 524947, 524948, 524950, 524951, 524952, 524953, 524954, 524955, 524956, 524957, 524959, 524960, 524962, 524963, 524964, 524965, 524966, 524967, 524968, 524969, 524970, 524971, 524974, 524975, 524976, 524977, 524978, 524979, 524980, 524982, 524983, 524984, 524985, 524987, 524990, 524991, 524992, 524994, 524996, 524997, 524998, 524999, 525000, 525001, 525002, 525003, 525004, 525005, 525006, 525007, 525008, 525009, 525010, 525011, 525012) group by `adisyon_id`)  
[2026-07-01 22:46:01] local.INFO: [RND-SMS] cron tick {"simdi":"01.07.2026 22:46","aday_randevu_sayisi":566} 
[2026-07-01 22:46:03] local.INFO: [ALACAK-ARAMA] kontrol basladi. dk=2026-07-01 22:46  
[2026-07-01 22:46:03] local.INFO: [ALACAK-ARAMA] aranacak alacak yok.  
[2026-07-01 22:46:03] local.INFO: 💊 İlaç kontrol zamanı: 22:46  
[2026-07-01 22:46:10] local.WARNING: SalonHatirlatma [acikAdisyonEski] hata: SQLSTATE[42S22]: Column not found: 1054 Unknown column 'toplam_tutar' in 'SELECT' (SQL: select `adisyon_id`, SUM(IFNULL(toplam_tutar,IFNULL(birim_tutar,0))) as t from `adisyon_hizmetler` where `adisyon_id` in (524883, 524885, 524887, 524888, 524889, 524892, 524894, 524896, 524897, 524899, 524900, 524901, 524902, 524905, 524906, 524907, 524909, 524912, 524913, 524914, 524915, 524916, 524918, 524923, 524924, 524925, 524926, 524928, 524929, 524931, 524932, 524933, 524934, 524935, 524936, 524937, 524938, 524939, 524940, 524941, 524942, 524943, 524944, 524945, 524946, 524947, 524948, 524950, 524951, 524952, 524953, 524954, 524955, 524956, 524957, 524959, 524960, 524962, 524963, 524964, 524965, 524966, 524967, 524968, 524969, 524970, 524971, 524974, 524975, 524976, 524977, 524978, 524979, 524980, 524982, 524983, 524984, 524985, 524987, 524990, 524991, 524992, 524994, 524996, 524997, 524998, 524999, 525000, 525001, 525002, 525003, 525004, 525005, 525006, 525007, 525008, 525009, 525010, 525011, 525012) group by `adisyon_id`)  
[2026-07-01 22:46:26] local.INFO: [v2 oda_personel_map] {"salon_id":"355","oda_count":38,"row_count":22,"map_keys":[296,335,301,302,297,350,349,291,292,346,294,298,347]} 
[2026-07-01 22:46:49] local.WARNING: SalonHatirlatma [acikAdisyonEski] hata: SQLSTATE[42S22]: Column not found: 1054 Unknown column 'toplam_tutar' in 'SELECT' (SQL: select `adisyon_id`, SUM(IFNULL(toplam_tutar,IFNULL(birim_tutar,0))) as t from `adisyon_hizmetler` where `adisyon_id` in (524883, 524885, 524887, 524888, 524889, 524892, 524894, 524896, 524897, 524899, 524900, 524901, 524902, 524905, 524906, 524907, 524909, 524912, 524913, 524914, 524915, 524916, 524918, 524923, 524924, 524925, 524926, 524928, 524929, 524931, 524932, 524933, 524934, 524935, 524936, 524937, 524938, 524939, 524940, 524941, 524942, 524943, 524944, 524945, 524946, 524947, 524948, 524950, 524951, 524952, 524953, 524954, 524955, 524956, 524957, 524959, 524960, 524962, 524963, 524964, 524965, 524966, 524967, 524968, 524969, 524970, 524971, 524974, 524975, 524976, 524977, 524978, 524979, 524980, 524982, 524983, 524984, 524985, 524987, 524990, 524991, 524992, 524994, 524996, 524997, 524998, 524999, 525000, 525001, 525002, 525003, 525004, 525005, 525006, 525007, 525008, 525009, 525010, 525011, 525012) group by `adisyon_id`)  
[2026-07-01 22:47:01] local.INFO: [RND-SMS] cron tick {"simdi":"01.07.2026 22:47","aday_randevu_sayisi":566} 
[2026-07-01 22:47:03] local.INFO: [ALACAK-ARAMA] kontrol basladi. dk=2026-07-01 22:47  
[2026-07-01 22:47:03] local.INFO: [ALACAK-ARAMA] aranacak alacak yok.  
[2026-07-01 22:47:03] local.INFO: 💊 İlaç kontrol zamanı: 22:47  
[2026-07-01 22:47:09] local.WARNING: SalonHatirlatma [acikAdisyonEski] hata: SQLSTATE[42S22]: Column not found: 1054 Unknown column 'toplam_tutar' in 'SELECT' (SQL: select `adisyon_id`, SUM(IFNULL(toplam_tutar,IFNULL(birim_tutar,0))) as t from `adisyon_hizmetler` where `adisyon_id` in (524883, 524885, 524887, 524888, 524889, 524892, 524894, 524896, 524897, 524899, 524900, 524901, 524902, 524905, 524906, 524907, 524909, 524912, 524913, 524914, 524915, 524916, 524918, 524923, 524924, 524925, 524926, 524928, 524929, 524931, 524932, 524933, 524934, 524935, 524936, 524937, 524938, 524939, 524940, 524941, 524942, 524943, 524944, 524945, 524946, 524947, 524948, 524950, 524951, 524952, 524953, 524954, 524955, 524956, 524957, 524959, 524960, 524962, 524963, 524964, 524965, 524966, 524967, 524968, 524969, 524970, 524971, 524974, 524975, 524976, 524977, 524978, 524979, 524980, 524982, 524983, 524984, 524985, 524987, 524990, 524991, 524992, 524994, 524996, 524997, 524998, 524999, 525000, 525001, 525002, 525003, 525004, 525005, 525006, 525007, 525008, 525009, 525010, 525011, 525012) group by `adisyon_id`)  
[2026-07-01 22:47:29] local.WARNING: SalonHatirlatma [acikAdisyonEski] hata: SQLSTATE[42S22]: Column not found: 1054 Unknown column 'toplam_tutar' in 'SELECT' (SQL: select `adisyon_id`, SUM(IFNULL(toplam_tutar,IFNULL(birim_tutar,0))) as t from `adisyon_hizmetler` where `adisyon_id` in (524883, 524885, 524887, 524888, 524889, 524892, 524894, 524896, 524897, 524899, 524900, 524901, 524902, 524905, 524906, 524907, 524909, 524912, 524913, 524914, 524915, 524916, 524918, 524923, 524924, 524925, 524926, 524928, 524929, 524931, 524932, 524933, 524934, 524935, 524936, 524937, 524938, 524939, 524940, 524941, 524942, 524943, 524944, 524945, 524946, 524947, 524948, 524950, 524951, 524952, 524953, 524954, 524955, 524956, 524957, 524959, 524960, 524962, 524963, 524964, 524965, 524966, 524967, 524968, 524969, 524970, 524971, 524974, 524975, 524976, 524977, 524978, 524979, 524980, 524982, 524983, 524984, 524985, 524987, 524990, 524991, 524992, 524994, 524996, 524997, 524998, 524999, 525000, 525001, 525002, 525003, 525004, 525005, 525006, 525007, 525008, 525009, 525010, 525011, 525012) group by `adisyon_id`)  
[2026-07-01 22:47:36] local.INFO: randevu yükleme bitti  
[2026-07-01 22:47:39] local.INFO: randevu yükleme bitti  
[2026-07-01 22:47:45] local.INFO: randevu yükleme bitti  
[2026-07-01 22:47:49] local.WARNING: SalonHatirlatma [acikAdisyonEski] hata: SQLSTATE[42S22]: Column not found: 1054 Unknown column 'toplam_tutar' in 'SELECT' (SQL: select `adisyon_id`, SUM(IFNULL(toplam_tutar,IFNULL(birim_tutar,0))) as t from `adisyon_hizmetler` where `adisyon_id` in (524883, 524885, 524887, 524888, 524889, 524892, 524894, 524896, 524897, 524899, 524900, 524901, 524902, 524905, 524906, 524907, 524909, 524912, 524913, 524914, 524915, 524916, 524918, 524923, 524924, 524925, 524926, 524928, 524929, 524931, 524932, 524933, 524934, 524935, 524936, 524937, 524938, 524939, 524940, 524941, 524942, 524943, 524944, 524945, 524946, 524947, 524948, 524950, 524951, 524952, 524953, 524954, 524955, 524956, 524957, 524959, 524960, 524962, 524963, 524964, 524965, 524966, 524967, 524968, 524969, 524970, 524971, 524974, 524975, 524976, 524977, 524978, 524979, 524980, 524982, 524983, 524984, 524985, 524987, 524990, 524991, 524992, 524994, 524996, 524997, 524998, 524999, 525000, 525001, 525002, 525003, 525004, 525005, 525006, 525007, 525008, 525009, 525010, 525011, 525012) group by `adisyon_id`)  
[2026-07-01 22:47:50] local.ERROR: syntax error, unexpected end of file {"exception":"[object] (Symfony\\Component\\Debug\\Exception\\FatalThrowableError(code: 0): syntax error, unexpected end of file at /var/www/www-root/data/www/randevumcepte/app/Http/Controllers/StoreAdminController.php:2532)
[stacktrace]
#0 /var/www/www-root/data/www/randevumcepte/vendor/composer/ClassLoader.php(428): Composer\\Autoload\\includeFile('/var/www/www-ro...')
#1 [internal function]: Composer\\Autoload\\ClassLoader->loadClass('App\\\\Http\\\\Contro...')
#2 [internal function]: spl_autoload_call('App\\\\Http\\\\Contro...')
#3 /var/www/www-root/data/www/randevumcepte/vendor/laravel/framework/src/Illuminate/Routing/RouteAction.php(31): is_callable(Array)
#4 /var/www/www-root/data/www/randevumcepte/vendor/laravel/framework/src/Illuminate/Routing/Route.php(155): Illuminate\\Routing\\RouteAction::parse('isletmeyonetim/...', Array)
#5 /var/www/www-root/data/www/randevumcepte/vendor/laravel/framework/src/Illuminate/Routing/Route.php(134): Illuminate\\Routing\\Route->parseAction(Array)
#6 /var/www/www-root/data/www/randevumcepte/vendor/laravel/framework/src/Illuminate/Routing/Router.php(532): Illuminate\\Routing\\Route->__construct(Array, 'isletmeyonetim/...', Array)
#7 /var/www/www-root/data/www/randevumcepte/vendor/laravel/framework/src/Illuminate/Routing/Router.php(451): Illuminate\\Routing\\Router->newRoute(Array, 'isletmeyonetim/...', Array)
#8 /var/www/www-root/data/www/randevumcepte/vendor/laravel/framework/src/Illuminate/Routing/Router.php(430): Illuminate\\Routing\\Router->createRoute(Array, '/gunluk-urun-sa...', Array)
#9 /var/www/www-root/data/www/randevumcepte/vendor/laravel/framework/src/Illuminate/Routing/Router.php(141): Illuminate\\Routing\\Router->addRoute(Array, '/gunluk-urun-sa...', Array)
#10 /var/www/www-root/data/www/randevumcepte/vendor/laravel/framework/src/Illuminate/Support/Facades/Facade.php(223): Illuminate\\Routing\\Router->get('/gunluk-urun-sa...', Array)
#11 /var/www/www-root/data/www/randevumcepte/routes/web.php(943): Illuminate\\Support\\Facades\\Facade::__callStatic('get', Array)
#12 /var/www/www-root/data/www/randevumcepte/vendor/laravel/framework/src/Illuminate/Routing/Router.php(396): Illuminate\\Routing\\Router->{closure}(Object(Illuminate\\Routing\\Router))
#13 /var/www/www-root/data/www/randevumcepte/vendor/laravel/framework/src/Illuminate/Routing/Router.php(356): Illuminate\\Routing\\Router->loadRoutes(Object(Closure))
#14 /var/www/www-root/data/www/randevumcepte/vendor/laravel/framework/src/Illuminate/Routing/RouteRegistrar.php(121): Illuminate\\Routing\\Router->group(Array, Object(Closure))
#15 /var/www/www-root/data/www/randevumcepte/routes/web.php(948): Illuminate\\Routing\\RouteRegistrar->group(Object(Closure))
#16 /var/www/www-root/data/www/randevumcepte/vendor/laravel/framework/src/Illuminate/Routing/Router.php(396): Illuminate\\Routing\\Router->{closure}(Object(Illuminate\\Routing\\Router))
#17 /var/www/www-root/data/www/randevumcepte/vendor/laravel/framework/src/Illuminate/Routing/Router.php(356): Illuminate\\Routing\\Router->loadRoutes(Object(Closure))
#18 /var/www/www-root/data/www/randevumcepte/vendor/laravel/framework/src/Illuminate/Routing/RouteRegistrar.php(121): Illuminate\\Routing\\Router->group(Array, Object(Closure))
#19 /var/www/www-root/data/www/randevumcepte/routes/web.php(1422): Illuminate\\Routing\\RouteRegistrar->group(Object(Closure))
#20 /var/www/www-root/data/www/randevumcepte/vendor/laravel/framework/src/Illuminate/Routing/Router.php(400): require('/var/www/www-ro...')
#21 /var/www/www-root/data/www/randevumcepte/vendor/laravel/framework/src/Illuminate/Routing/Router.php(356): Illuminate\\Routing\\Router->loadRoutes('/var/www/www-ro...')
#22 /var/www/www-root/data/www/randevumcepte/vendor/laravel/framework/src/Illuminate/Routing/RouteRegistrar.php(121): Illuminate\\Routing\\Router->group(Array, '/var/www/www-ro...')
#23 /var/www/www-root/data/www/randevumcepte/app/Providers/RouteServiceProvider.php(56): Illuminate\\Routing\\RouteRegistrar->group('/var/www/www-ro...')
#24 /var/www/www-root/data/www/randevumcepte/app/Providers/RouteServiceProvider.php(40): App\\Providers\\RouteServiceProvider->mapWebRoutes()
#25 [internal function]: App\\Providers\\RouteServiceProvider->map()
#26 /var/www/www-root/data/www/randevumcepte/vendor/laravel/framework/src/Illuminate/Container/BoundMethod.php(29): call_user_func_array(Array, Array)
#27 /var/www/www-root/data/www/randevumcepte/vendor/laravel/framework/src/Illuminate/Container/BoundMethod.php(87): Illuminate\\Container\\BoundMethod::Illuminate\\Container\\{closure}()
#28 /var/www/www-root/data/www/randevumcepte/vendor/laravel/framework/src/Illuminate/Container/BoundMethod.php(31): Illuminate\\Container\\BoundMethod::callBoundMethod(Object(Illuminate\\Foundation\\Application), Array, Object(Closure))
#29 /var/www/www-root/data/www/randevumcepte/vendor/laravel/framework/src/Illuminate/Container/Container.php(564): Illuminate\\Container\\BoundMethod::call(Object(Illuminate\\Foundation\\Application), Array, Array, NULL)
#30 /var/www/www-root/data/www/randevumcepte/vendor/laravel/framework/src/Illuminate/Foundation/Support/Providers/RouteServiceProvider.php(74): Illuminate\\Container\\Container->call(Array)
#31 /var/www/www-root/data/www/randevumcepte/vendor/laravel/framework/src/Illuminate/Foundation/Support/Providers/RouteServiceProvider.php(33): Illuminate\\Foundation\\Support\\Providers\\RouteServiceProvider->loadRoutes()
#32 /var/www/www-root/data/www/randevumcepte/app/Providers/RouteServiceProvider.php(28): Illuminate\\Foundation\\Support\\Providers\\RouteServiceProvider->boot()
#33 [internal function]: App\\Providers\\RouteServiceProvider->boot()
#34 /var/www/www-root/data/www/randevumcepte/vendor/laravel/framework/src/Illuminate/Container/BoundMethod.php(29): call_user_func_array(Array, Array)
#35 /var/www/www-root/data/www/randevumcepte/vendor/laravel/framework/src/Illuminate/Container/BoundMethod.php(87): Illuminate\\Container\\BoundMethod::Illuminate\\Container\\{closure}()
#36 /var/www/www-root/data/www/randevumcepte/vendor/laravel/framework/src/Illuminate/Container/BoundMethod.php(31): Illuminate\\Container\\BoundMethod::callBoundMethod(Object(Illuminate\\Foundation\\Application), Array, Object(Closure))
#37 /var/www/www-root/data/www/randevumcepte/vendor/laravel/framework/src/Illuminate/Container/Container.php(564): Illuminate\\Container\\BoundMethod::call(Object(Illuminate\\Foundation\\Application), Array, Array, NULL)
#38 /var/www/www-root/data/www/randevumcepte/vendor/laravel/framework/src/Illuminate/Foundation/Application.php(794): Illuminate\\Container\\Container->call(Array)
#39 /var/www/www-root/data/www/randevumcepte/vendor/laravel/framework/src/Illuminate/Foundation/Application.php(777): Illuminate\\Foundation\\Application->bootProvider(Object(App\\Providers\\RouteServiceProvider))
#40 [internal function]: Illuminate\\Foundation\\Application->Illuminate\\Foundation\\{closure}(Object(App\\Providers\\RouteServiceProvider), 27)
#41 /var/www/www-root/data/www/randevumcepte/vendor/laravel/framework/src/Illuminate/Foundation/Application.php(778): array_walk(Array, Object(Closure))
#42 /var/www/www-root/data/www/randevumcepte/vendor/laravel/framework/src/Illuminate/Foundation/Bootstrap/BootProviders.php(17): Illuminate\\Foundation\\Application->boot()
#43 /var/www/www-root/data/www/randevumcepte/vendor/laravel/framework/src/Illuminate/Foundation/Application.php(206): Illuminate\\Foundation\\Bootstrap\\BootProviders->bootstrap(Object(Illuminate\\Foundation\\Application))
#44 /var/www/www-root/data/www/randevumcepte/vendor/laravel/framework/src/Illuminate/Foundation/Http/Kernel.php(162): Illuminate\\Foundation\\Application->bootstrapWith(Array)
#45 /var/www/www-root/data/www/randevumcepte/vendor/laravel/framework/src/Illuminate/Foundation/Http/Kernel.php(146): Illuminate\\Foundation\\Http\\Kernel->bootstrap()
#46 /var/www/www-root/data/www/randevumcepte/vendor/laravel/framework/src/Illuminate/Foundation/Http/Kernel.php(116): Illuminate\\Foundation\\Http\\Kernel->sendRequestThroughRouter(Object(Illuminate\\Http\\Request))
#47 /var/www/www-root/data/www/randevumcepte/public/index.php(52): Illuminate\\Foundation\\Http\\Kernel->handle(Object(Illuminate\\Http\\Request))
#48 /var/www/www-root/data/www/randevumcepte/index.php(20): require_once('/var/www/www-ro...')
#49 {main}
"} 
[2026-07-01 22:47:56] local.INFO: randevu yükleme bitti  
[2026-07-01 22:47:59] local.INFO: randevu yükleme bitti  
[2026-07-01 22:48:02] local.INFO: [RND-SMS] cron tick {"simdi":"01.07.2026 22:48","aday_randevu_sayisi":566} 
[2026-07-01 22:48:03] local.INFO: [ALACAK-ARAMA] kontrol basladi. dk=2026-07-01 22:48  
[2026-07-01 22:48:03] local.INFO: [ALACAK-ARAMA] aranacak alacak yok.  
[2026-07-01 22:48:03] local.INFO: 💊 İlaç kontrol zamanı: 22:48  
[2026-07-01 22:48:06] local.INFO: randevu yükleme bitti  
[2026-07-01 22:48:54] local.INFO: randevu yükleme bitti  
[2026-07-01 22:48:58] local.INFO: randevu yükleme bitti  
[2026-07-01 22:49:01] local.INFO: randevu yükleme bitti  
[2026-07-01 22:49:02] local.INFO: [RND-SMS] cron tick {"simdi":"01.07.2026 22:49","aday_randevu_sayisi":566} 
[2026-07-01 22:49:03] local.INFO: [ALACAK-ARAMA] kontrol basladi. dk=2026-07-01 22:49  
[2026-07-01 22:49:03] local.INFO: [ALACAK-ARAMA] aranacak alacak yok.  
[2026-07-01 22:49:04] local.INFO: 💊 İlaç kontrol zamanı: 22:49  
[2026-07-01 22:49:06] local.INFO: randevu yükleme bitti  
[2026-07-01 22:49:10] local.ERROR: Trying to get property 'id' of non-object {"exception":"[object] (ErrorException(code: 0): Trying to get property 'id' of non-object at /var/www/www-root/data/www/randevumcepte/app/Http/Controllers/HomeController.php:299)
[stacktrace]
#0 /var/www/www-root/data/www/randevumcepte/app/Http/Controllers/HomeController.php(299): Illuminate\\Foundation\\Bootstrap\\HandleExceptions->handleError(8, 'Trying to get p...', '/var/www/www-ro...', 299, Array)
#1 [internal function]: App\\Http\\Controllers\\HomeController->salonDetay(Object(Illuminate\\Http\\Request))
#2 /var/www/www-root/data/www/randevumcepte/vendor/laravel/framework/src/Illuminate/Routing/Controller.php(54): call_user_func_array(Array, Array)
#3 /var/www/www-root/data/www/randevumcepte/vendor/laravel/framework/src/Illuminate/Routing/ControllerDispatcher.php(45): Illuminate\\Routing\\Controller->callAction('salonDetay', Array)
#4 /var/www/www-root/data/www/randevumcepte/vendor/laravel/framework/src/Illuminate/Routing/Route.php(212): Illuminate\\Routing\\ControllerDispatcher->dispatch(Object(Illuminate\\Routing\\Route), Object(App\\Http\\Controllers\\HomeController), 'salonDetay')
#5 /var/www/www-root/data/www/randevumcepte/vendor/laravel/framework/src/Illuminate/Routing/Route.php(169): Illuminate\\Routing\\Route->runController()
#6 /var/www/www-root/data/www/randevumcepte/vendor/laravel/framework/src/Illuminate/Routing/Router.php(665): Illuminate\\Routing\\Route->run()
#7 /var/www/www-root/data/www/randevumcepte/vendor/laravel/framework/src/Illuminate/Routing/Pipeline.php(30): Illuminate\\Routing\\Router->Illuminate\\Routing\\{closure}(Object(Illuminate\\Http\\Request))
#8 /var/www/www-root/data/www/randevumcepte/app/Http/Middleware/RedirectIfAuthenticated.php(33): Illuminate\\Routing\\Pipeline->Illuminate\\Routing\\{closure}(Object(Illuminate\\Http\\Request))
#9 /var/www/www-root/data/www/randevumcepte/vendor/laravel/framework/src/Illuminate/Pipeline/Pipeline.php(151): App\\Http\\Middleware\\RedirectIfAuthenticated->handle(Object(Illuminate\\Http\\Request), Object(Closure))
#10 /var/www/www-root/data/www/randevumcepte/vendor/laravel/framework/src/Illuminate/Routing/Pipeline.php(53): Illuminate\\Pipeline\\Pipeline->Illuminate\\Pipeline\\{closure}(Object(Illuminate\\Http\\Request))
#11 /var/www/www-root/data/www/randevumcepte/vendor/htmlmin/htmlmin/src/Http/Middleware/MinifyMiddleware.php(55): Illuminate\\Routing\\Pipeline->Illuminate\\Routing\\{closure}(Object(Illuminate\\Http\\Request))
#12 /var/www/www-root/data/www/randevumcepte/vendor/laravel/framework/src/Illuminate/Pipeline/Pipeline.php(151): HTMLMin\\HTMLMin\\Http\\Middleware\\MinifyMiddleware->handle(Object(Illuminate\\Http\\Request), Object(Closure))
#13 /var/www/www-root/data/www/randevumcepte/vendor/laravel/framework/src/Illuminate/Routing/Pipeline.php(53): Illuminate\\Pipeline\\Pipeline->Illuminate\\Pipeline\\{closure}(Object(Illuminate\\Http\\Request))
#14 /var/www/www-root/data/www/randevumcepte/vendor/laravel/framework/src/Illuminate/Routing/Middleware/SubstituteBindings.php(41): Illuminate\\Routing\\Pipeline->Illuminate\\Routing\\{closure}(Object(Illuminate\\Http\\Request))
#15 /var/www/www-root/data/www/randevumcepte/vendor/laravel/framework/src/Illuminate/Pipeline/Pipeline.php(151): Illuminate\\Routing\\Middleware\\SubstituteBindings->handle(Object(Illuminate\\Http\\Request), Object(Closure))
#16 /var/www/www-root/data/www/randevumcepte/vendor/laravel/framework/src/Illuminate/Routing/Pipeline.php(53): Illuminate\\Pipeline\\Pipeline->Illuminate\\Pipeline\\{closure}(Object(Illuminate\\Http\\Request))
#17 /var/www/www-root/data/www/randevumcepte/app/Http/Middleware/AuthenticateSession.php(42): Illuminate\\Routing\\Pipeline->Illuminate\\Routing\\{closure}(Object(Illuminate\\Http\\Request))
#18 /var/www/www-root/data/www/randevumcepte/vendor/laravel/framework/src/Illuminate/Pipeline/Pipeline.php(151): App\\Http\\Middleware\\AuthenticateSession->handle(Object(Illuminate\\Http\\Request), Object(Closure))
#19 /var/www/www-root/data/www/randevumcepte/vendor/laravel/framework/src/Illuminate/Routing/Pipeline.php(53): Illuminate\\Pipeline\\Pipeline->Illuminate\\Pipeline\\{closure}(Object(Illuminate\\Http\\Request))
#20 /var/www/www-root/data/www/randevumcepte/vendor/laravel/framework/src/Illuminate/Foundation/Http/Middleware/VerifyCsrfToken.php(68): Illuminate\\Routing\\Pipeline->Illuminate\\Routing\\{closure}(Object(Illuminate\\Http\\Request))
#21 /var/www/www-root/data/www/randevumcepte/vendor/laravel/framework/src/Illuminate/Pipeline/Pipeline.php(151): Illuminate\\Foundation\\Http\\Middleware\\VerifyCsrfToken->handle(Object(Illuminate\\Http\\Request), Object(Closure))
#22 /var/www/www-root/data/www/randevumcepte/vendor/laravel/framework/src/Illuminate/Routing/Pipeline.php(53): Illuminate\\Pipeline\\Pipeline->Illuminate\\Pipeline\\{closure}(Object(Illuminate\\Http\\Request))
#23 /var/www/www-root/data/www/randevumcepte/vendor/laravel/framework/src/Illuminate/View/Middleware/ShareErrorsFromSession.php(49): Illuminate\\Routing\\Pipeline->Illuminate\\Routing\\{closure}(Object(Illuminate\\Http\\Request))
#24 /var/www/www-root/data/www/randevumcepte/vendor/laravel/framework/src/Illuminate/Pipeline/Pipeline.php(151): Illuminate\\View\\Middleware\\ShareErrorsFromSession->handle(Object(Illuminate\\Http\\Request), Object(Closure))
#25 /var/www/www-root/data/www/randevumcepte/vendor/laravel/framework/src/Illuminate/Routing/Pipeline.php(53): Illuminate\\Pipeline\\Pipeline->Illuminate\\Pipeline\\{closure}(Object(Illuminate\\Http\\Request))
#26 /var/www/www-root/data/www/randevumcepte/vendor/laravel/framework/src/Illuminate/Session/Middleware/StartSession.php(63): Illuminate\\Routing\\Pipeline->Illuminate\\Routing\\{closure}(Object(Illuminate\\Http\\Request))
#27 /var/www/www-root/data/www/randevumcepte/vendor/laravel/framework/src/Illuminate/Pipeline/Pipeline.php(151): Illuminate\\Session\\Middleware\\StartSession->handle(Object(Illuminate\\Http\\Request), Object(Closure))
#28 /var/www/www-root/data/www/randevumcepte/vendor/laravel/framework/src/Illuminate/Routing/Pipeline.php(53): Illuminate\\Pipeline\\Pipeline->Illuminate\\Pipeline\\{closure}(Object(Illuminate\\Http\\Request))
#29 /var/www/www-root/data/www/randevumcepte/vendor/laravel/framework/src/Illuminate/Cookie/Middleware/AddQueuedCookiesToResponse.php(37): Illuminate\\Routing\\Pipeline->Illuminate\\Routing\\{closure}(Object(Illuminate\\Http\\Request))
#30 /var/www/www-root/data/www/randevumcepte/vendor/laravel/framework/src/Illuminate/Pipeline/Pipeline.php(151): Illuminate\\Cookie\\Middleware\\AddQueuedCookiesToResponse->handle(Object(Illuminate\\Http\\Request), Object(Closure))
#31 /var/www/www-root/data/www/randevumcepte/vendor/laravel/framework/src/Illuminate/Routing/Pipeline.php(53): Illuminate\\Pipeline\\Pipeline->Illuminate\\Pipeline\\{closure}(Object(Illuminate\\Http\\Request))
#32 /var/www/www-root/data/www/randevumcepte/vendor/laravel/framework/src/Illuminate/Cookie/Middleware/EncryptCookies.php(66): Illuminate\\Routing\\Pipeline->Illuminate\\Routing\\{closure}(Object(Illuminate\\Http\\Request))
#33 /var/www/www-root/data/www/randevumcepte/vendor/laravel/framework/src/Illuminate/Pipeline/Pipeline.php(151): Illuminate\\Cookie\\Middleware\\EncryptCookies->handle(Object(Illuminate\\Http\\Request), Object(Closure))
#34 /var/www/www-root/data/www/randevumcepte/vendor/laravel/framework/src/Illuminate/Routing/Pipeline.php(53): Illuminate\\Pipeline\\Pipeline->Illuminate\\Pipeline\\{closure}(Object(Illuminate\\Http\\Request))
#35 /var/www/www-root/data/www/randevumcepte/app/Http/Middleware/LogRequestPerformance.php(13): Illuminate\\Routing\\Pipeline->Illuminate\\Routing\\{closure}(Object(Illuminate\\Http\\Request))
#36 /var/www/www-root/data/www/randevumcepte/vendor/laravel/framework/src/Illuminate/Pipeline/Pipeline.php(151): App\\Http\\Middleware\\LogRequestPerformance->handle(Object(Illuminate\\Http\\Request), Object(Closure))
#37 /var/www/www-root/data/www/randevumcepte/vendor/laravel/framework/src/Illuminate/Routing/Pipeline.php(53): Illuminate\\Pipeline\\Pipeline->Illuminate\\Pipeline\\{closure}(Object(Illuminate\\Http\\Request))
#38 /var/www/www-root/data/www/randevumcepte/vendor/laravel/framework/src/Illuminate/Pipeline/Pipeline.php(104): Illuminate\\Routing\\Pipeline->Illuminate\\Routing\\{closure}(Object(Illuminate\\Http\\Request))
#39 /var/www/www-root/data/www/randevumcepte/vendor/laravel/framework/src/Illuminate/Routing/Router.php(667): Illuminate\\Pipeline\\Pipeline->then(Object(Closure))
#40 /var/www/www-root/data/www/randevumcepte/vendor/laravel/framework/src/Illuminate/Routing/Router.php(642): Illuminate\\Routing\\Router->runRouteWithinStack(Object(Illuminate\\Routing\\Route), Object(Illuminate\\Http\\Request))
#41 /var/www/www-root/data/www/randevumcepte/vendor/laravel/framework/src/Illuminate/Routing/Router.php(608): Illuminate\\Routing\\Router->runRoute(Object(Illuminate\\Http\\Request), Object(Illuminate\\Routing\\Route))
#42 /var/www/www-root/data/www/randevumcepte/vendor/laravel/framework/src/Illuminate/Routing/Router.php(597): Illuminate\\Routing\\Router->dispatchToRoute(Object(Illuminate\\Http\\Request))
#43 /var/www/www-root/data/www/randevumcepte/vendor/laravel/framework/src/Illuminate/Foundation/Http/Kernel.php(176): Illuminate\\Routing\\Router->dispatch(Object(Illuminate\\Http\\Request))
#44 /var/www/www-root/data/www/randevumcepte/vendor/laravel/framework/src/Illuminate/Routing/Pipeline.php(30): Illuminate\\Foundation\\Http\\Kernel->Illuminate\\Foundation\\Http\\{closure}(Object(Illuminate\\Http\\Request))
#45 /var/www/www-root/data/www/randevumcepte/vendor/barryvdh/laravel-debugbar/src/Middleware/InjectDebugbar.php(58): Illuminate\\Routing\\Pipeline->Illuminate\\Routing\\{closure}(Object(Illuminate\\Http\\Request))
#46 /var/www/www-root/data/www/randevumcepte/vendor/laravel/framework/src/Illuminate/Pipeline/Pipeline.php(151): Barryvdh\\Debugbar\\Middleware\\InjectDebugbar->handle(Object(Illuminate\\Http\\Request), Object(Closure))
#47 /var/www/www-root/data/www/randevumcepte/vendor/laravel/framework/src/Illuminate/Routing/Pipeline.php(53): Illuminate\\Pipeline\\Pipeline->Illuminate\\Pipeline\\{closure}(Object(Illuminate\\Http\\Request))
#48 /var/www/www-root/data/www/randevumcepte/vendor/laravel/framework/src/Illuminate/Foundation/Http/Middleware/TransformsRequest.php(31): Illuminate\\Routing\\Pipeline->Illuminate\\Routing\\{closure}(Object(Illuminate\\Http\\Request))
#49 /var/www/www-root/data/www/randevumcepte/vendor/laravel/framework/src/Illuminate/Pipeline/Pipeline.php(151): Illuminate\\Foundation\\Http\\Middleware\\TransformsRequest->handle(Object(Illuminate\\Http\\Request), Object(Closure))
#50 /var/www/www-root/data/www/randevumcepte/vendor/laravel/framework/src/Illuminate/Routing/Pipeline.php(53): Illuminate\\Pipeline\\Pipeline->Illuminate\\Pipeline\\{closure}(Object(Illuminate\\Http\\Request))
#51 /var/www/www-root/data/www/randevumcepte/vendor/laravel/framework/src/Illuminate/Foundation/Http/Middleware/TransformsRequest.php(31): Illuminate\\Routing\\Pipeline->Illuminate\\Routing\\{closure}(Object(Illuminate\\Http\\Request))
#52 /var/www/www-root/data/www/randevumcepte/vendor/laravel/framework/src/Illuminate/Pipeline/Pipeline.php(151): Illuminate\\Foundation\\Http\\Middleware\\TransformsRequest->handle(Object(Illuminate\\Http\\Request), Object(Closure))
#53 /var/www/www-root/data/www/randevumcepte/vendor/laravel/framework/src/Illuminate/Routing/Pipeline.php(53): Illuminate\\Pipeline\\Pipeline->Illuminate\\Pipeline\\{closure}(Object(Illuminate\\Http\\Request))
#54 /var/www/www-root/data/www/randevumcepte/vendor/laravel/framework/src/Illuminate/Foundation/Http/Middleware/ValidatePostSize.php(27): Illuminate\\Routing\\Pipeline->Illuminate\\Routing\\{closure}(Object(Illuminate\\Http\\Request))
#55 /var/www/www-root/data/www/randevumcepte/vendor/laravel/framework/src/Illuminate/Pipeline/Pipeline.php(151): Illuminate\\Foundation\\Http\\Middleware\\ValidatePostSize->handle(Object(Illuminate\\Http\\Request), Object(Closure))
#56 /var/www/www-root/data/www/randevumcepte/vendor/laravel/framework/src/Illuminate/Routing/Pipeline.php(53): Illuminate\\Pipeline\\Pipeline->Illuminate\\Pipeline\\{closure}(Object(Illuminate\\Http\\Request))
#57 /var/www/www-root/data/www/randevumcepte/vendor/laravel/framework/src/Illuminate/Foundation/Http/Middleware/CheckForMaintenanceMode.php(62): Illuminate\\Routing\\Pipeline->Illuminate\\Routing\\{closure}(Object(Illuminate\\Http\\Request))
#58 /var/www/www-root/data/www/randevumcepte/vendor/laravel/framework/src/Illuminate/Pipeline/Pipeline.php(151): Illuminate\\Foundation\\Http\\Middleware\\CheckForMaintenanceMode->handle(Object(Illuminate\\Http\\Request), Object(Closure))
#59 /var/www/www-root/data/www/randevumcepte/vendor/laravel/framework/src/Illuminate/Routing/Pipeline.php(53): Illuminate\\Pipeline\\Pipeline->Illuminate\\Pipeline\\{closure}(Object(Illuminate\\Http\\Request))
#60 /var/www/www-root/data/www/randevumcepte/vendor/laravel/framework/src/Illuminate/Pipeline/Pipeline.php(104): Illuminate\\Routing\\Pipeline->Illuminate\\Routing\\{closure}(Object(Illuminate\\Http\\Request))
#61 /var/www/www-root/data/www/randevumcepte/vendor/laravel/framework/src/Illuminate/Foundation/Http/Kernel.php(151): Illuminate\\Pipeline\\Pipeline->then(Object(Closure))
#62 /var/www/www-root/data/www/randevumcepte/vendor/laravel/framework/src/Illuminate/Foundation/Http/Kernel.php(116): Illuminate\\Foundation\\Http\\Kernel->sendRequestThroughRouter(Object(Illuminate\\Http\\Request))
#63 /var/www/www-root/data/www/randevumcepte/public/index.php(52): Illuminate\\Foundation\\Http\\Kernel->handle(Object(Illuminate\\Http\\Request))
#64 /var/www/www-root/data/www/randevumcepte/index.php(20): require_once('/var/www/www-ro...')
#65 {main}
"} 
[2026-07-01 22:49:10] local.ERROR: Trying to get property 'id' of non-object {"exception":"[object] (ErrorException(code: 0): Trying to get property 'id' of non-object at /var/www/www-root/data/www/randevumcepte/app/Http/Controllers/HomeController.php:299)
[stacktrace]
#0 /var/www/www-root/data/www/randevumcepte/app/Http/Controllers/HomeController.php(299): Illuminate\\Foundation\\Bootstrap\\HandleExceptions->handleError(8, 'Trying to get p...', '/var/www/www-ro...', 299, Array)
#1 [internal function]: App\\Http\\Controllers\\HomeController->salonDetay(Object(Illuminate\\Http\\Request))
#2 /var/www/www-root/data/www/randevumcepte/vendor/laravel/framework/src/Illuminate/Routing/Controller.php(54): call_user_func_array(Array, Array)
#3 /var/www/www-root/data/www/randevumcepte/vendor/laravel/framework/src/Illuminate/Routing/ControllerDispatcher.php(45): Illuminate\\Routing\\Controller->callAction('salonDetay', Array)
#4 /var/www/www-root/data/www/randevumcepte/vendor/laravel/framework/src/Illuminate/Routing/Route.php(212): Illuminate\\Routing\\ControllerDispatcher->dispatch(Object(Illuminate\\Routing\\Route), Object(App\\Http\\Controllers\\HomeController), 'salonDetay')
#5 /var/www/www-root/data/www/randevumcepte/vendor/laravel/framework/src/Illuminate/Routing/Route.php(169): Illuminate\\Routing\\Route->runController()
#6 /var/www/www-root/data/www/randevumcepte/vendor/laravel/framework/src/Illuminate/Routing/Router.php(665): Illuminate\\Routing\\Route->run()
#7 /var/www/www-root/data/www/randevumcepte/vendor/laravel/framework/src/Illuminate/Routing/Pipeline.php(30): Illuminate\\Routing\\Router->Illuminate\\Routing\\{closure}(Object(Illuminate\\Http\\Request))
#8 /var/www/www-root/data/www/randevumcepte/app/Http/Middleware/RedirectIfAuthenticated.php(33): Illuminate\\Routing\\Pipeline->Illuminate\\Routing\\{closure}(Object(Illuminate\\Http\\Request))
#9 /var/www/www-root/data/www/randevumcepte/vendor/laravel/framework/src/Illuminate/Pipeline/Pipeline.php(151): App\\Http\\Middleware\\RedirectIfAuthenticated->handle(Object(Illuminate\\Http\\Request), Object(Closure))
#10 /var/www/www-root/data/www/randevumcepte/vendor/laravel/framework/src/Illuminate/Routing/Pipeline.php(53): Illuminate\\Pipeline\\Pipeline->Illuminate\\Pipeline\\{closure}(Object(Illuminate\\Http\\Request))
#11 /var/www/www-root/data/www/randevumcepte/vendor/htmlmin/htmlmin/src/Http/Middleware/MinifyMiddleware.php(55): Illuminate\\Routing\\Pipeline->Illuminate\\Routing\\{closure}(Object(Illuminate\\Http\\Request))
#12 /var/www/www-root/data/www/randevumcepte/vendor/laravel/framework/src/Illuminate/Pipeline/Pipeline.php(151): HTMLMin\\HTMLMin\\Http\\Middleware\\MinifyMiddleware->handle(Object(Illuminate\\Http\\Request), Object(Closure))
#13 /var/www/www-root/data/www/randevumcepte/vendor/laravel/framework/src/Illuminate/Routing/Pipeline.php(53): Illuminate\\Pipeline\\Pipeline->Illuminate\\Pipeline\\{closure}(Object(Illuminate\\Http\\Request))
#14 /var/www/www-root/data/www/randevumcepte/vendor/laravel/framework/src/Illuminate/Routing/Middleware/SubstituteBindings.php(41): Illuminate\\Routing\\Pipeline->Illuminate\\Routing\\{closure}(Object(Illuminate\\Http\\Request))
#15 /var/www/www-root/data/www/randevumcepte/vendor/laravel/framework/src/Illuminate/Pipeline/Pipeline.php(151): Illuminate\\Routing\\Middleware\\SubstituteBindings->handle(Object(Illuminate\\Http\\Request), Object(Closure))
#16 /var/www/www-root/data/www/randevumcepte/vendor/laravel/framework/src/Illuminate/Routing/Pipeline.php(53): Illuminate\\Pipeline\\Pipeline->Illuminate\\Pipeline\\{closure}(Object(Illuminate\\Http\\Request))
#17 /var/www/www-root/data/www/randevumcepte/app/Http/Middleware/AuthenticateSession.php(42): Illuminate\\Routing\\Pipeline->Illuminate\\Routing\\{closure}(Object(Illuminate\\Http\\Request))
#18 /var/www/www-root/data/www/randevumcepte/vendor/laravel/framework/src/Illuminate/Pipeline/Pipeline.php(151): App\\Http\\Middleware\\AuthenticateSession->handle(Object(Illuminate\\Http\\Request), Object(Closure))
#19 /var/www/www-root/data/www/randevumcepte/vendor/laravel/framework/src/Illuminate/Routing/Pipeline.php(53): Illuminate\\Pipeline\\Pipeline->Illuminate\\Pipeline\\{closure}(Object(Illuminate\\Http\\Request))
#20 /var/www/www-root/data/www/randevumcepte/vendor/laravel/framework/src/Illuminate/Foundation/Http/Middleware/VerifyCsrfToken.php(68): Illuminate\\Routing\\Pipeline->Illuminate\\Routing\\{closure}(Object(Illuminate\\Http\\Request))
#21 /var/www/www-root/data/www/randevumcepte/vendor/laravel/framework/src/Illuminate/Pipeline/Pipeline.php(151): Illuminate\\Foundation\\Http\\Middleware\\VerifyCsrfToken->handle(Object(Illuminate\\Http\\Request), Object(Closure))
#22 /var/www/www-root/data/www/randevumcepte/vendor/laravel/framework/src/Illuminate/Routing/Pipeline.php(53): Illuminate\\Pipeline\\Pipeline->Illuminate\\Pipeline\\{closure}(Object(Illuminate\\Http\\Request))
#23 /var/www/www-root/data/www/randevumcepte/vendor/laravel/framework/src/Illuminate/View/Middleware/ShareErrorsFromSession.php(49): Illuminate\\Routing\\Pipeline->Illuminate\\Routing\\{closure}(Object(Illuminate\\Http\\Request))
#24 /var/www/www-root/data/www/randevumcepte/vendor/laravel/framework/src/Illuminate/Pipeline/Pipeline.php(151): Illuminate\\View\\Middleware\\ShareErrorsFromSession->handle(Object(Illuminate\\Http\\Request), Object(Closure))
#25 /var/www/www-root/data/www/randevumcepte/vendor/laravel/framework/src/Illuminate/Routing/Pipeline.php(53): Illuminate\\Pipeline\\Pipeline->Illuminate\\Pipeline\\{closure}(Object(Illuminate\\Http\\Request))
#26 /var/www/www-root/data/www/randevumcepte/vendor/laravel/framework/src/Illuminate/Session/Middleware/StartSession.php(63): Illuminate\\Routing\\Pipeline->Illuminate\\Routing\\{closure}(Object(Illuminate\\Http\\Request))
#27 /var/www/www-root/data/www/randevumcepte/vendor/laravel/framework/src/Illuminate/Pipeline/Pipeline.php(151): Illuminate\\Session\\Middleware\\StartSession->handle(Object(Illuminate\\Http\\Request), Object(Closure))
#28 /var/www/www-root/data/www/randevumcepte/vendor/laravel/framework/src/Illuminate/Routing/Pipeline.php(53): Illuminate\\Pipeline\\Pipeline->Illuminate\\Pipeline\\{closure}(Object(Illuminate\\Http\\Request))
#29 /var/www/www-root/data/www/randevumcepte/vendor/laravel/framework/src/Illuminate/Cookie/Middleware/AddQueuedCookiesToResponse.php(37): Illuminate\\Routing\\Pipeline->Illuminate\\Routing\\{closure}(Object(Illuminate\\Http\\Request))
#30 /var/www/www-root/data/www/randevumcepte/vendor/laravel/framework/src/Illuminate/Pipeline/Pipeline.php(151): Illuminate\\Cookie\\Middleware\\AddQueuedCookiesToResponse->handle(Object(Illuminate\\Http\\Request), Object(Closure))
#31 /var/www/www-root/data/www/randevumcepte/vendor/laravel/framework/src/Illuminate/Routing/Pipeline.php(53): Illuminate\\Pipeline\\Pipeline->Illuminate\\Pipeline\\{closure}(Object(Illuminate\\Http\\Request))
#32 /var/www/www-root/data/www/randevumcepte/vendor/laravel/framework/src/Illuminate/Cookie/Middleware/EncryptCookies.php(66): Illuminate\\Routing\\Pipeline->Illuminate\\Routing\\{closure}(Object(Illuminate\\Http\\Request))
#33 /var/www/www-root/data/www/randevumcepte/vendor/laravel/framework/src/Illuminate/Pipeline/Pipeline.php(151): Illuminate\\Cookie\\Middleware\\EncryptCookies->handle(Object(Illuminate\\Http\\Request), Object(Closure))
#34 /var/www/www-root/data/www/randevumcepte/vendor/laravel/framework/src/Illuminate/Routing/Pipeline.php(53): Illuminate\\Pipeline\\Pipeline->Illuminate\\Pipeline\\{closure}(Object(Illuminate\\Http\\Request))
#35 /var/www/www-root/data/www/randevumcepte/app/Http/Middleware/LogRequestPerformance.php(13): Illuminate\\Routing\\Pipeline->Illuminate\\Routing\\{closure}(Object(Illuminate\\Http\\Request))
#36 /var/www/www-root/data/www/randevumcepte/vendor/laravel/framework/src/Illuminate/Pipeline/Pipeline.php(151): App\\Http\\Middleware\\LogRequestPerformance->handle(Object(Illuminate\\Http\\Request), Object(Closure))
#37 /var/www/www-root/data/www/randevumcepte/vendor/laravel/framework/src/Illuminate/Routing/Pipeline.php(53): Illuminate\\Pipeline\\Pipeline->Illuminate\\Pipeline\\{closure}(Object(Illuminate\\Http\\Request))
#38 /var/www/www-root/data/www/randevumcepte/vendor/laravel/framework/src/Illuminate/Pipeline/Pipeline.php(104): Illuminate\\Routing\\Pipeline->Illuminate\\Routing\\{closure}(Object(Illuminate\\Http\\Request))
#39 /var/www/www-root/data/www/randevumcepte/vendor/laravel/framework/src/Illuminate/Routing/Router.php(667): Illuminate\\Pipeline\\Pipeline->then(Object(Closure))
#40 /var/www/www-root/data/www/randevumcepte/vendor/laravel/framework/src/Illuminate/Routing/Router.php(642): Illuminate\\Routing\\Router->runRouteWithinStack(Object(Illuminate\\Routing\\Route), Object(Illuminate\\Http\\Request))
#41 /var/www/www-root/data/www/randevumcepte/vendor/laravel/framework/src/Illuminate/Routing/Router.php(608): Illuminate\\Routing\\Router->runRoute(Object(Illuminate\\Http\\Request), Object(Illuminate\\Routing\\Route))
#42 /var/www/www-root/data/www/randevumcepte/vendor/laravel/framework/src/Illuminate/Routing/Router.php(597): Illuminate\\Routing\\Router->dispatchToRoute(Object(Illuminate\\Http\\Request))
#43 /var/www/www-root/data/www/randevumcepte/vendor/laravel/framework/src/Illuminate/Foundation/Http/Kernel.php(176): Illuminate\\Routing\\Router->dispatch(Object(Illuminate\\Http\\Request))
#44 /var/www/www-root/data/www/randevumcepte/vendor/laravel/framework/src/Illuminate/Routing/Pipeline.php(30): Illuminate\\Foundation\\Http\\Kernel->Illuminate\\Foundation\\Http\\{closure}(Object(Illuminate\\Http\\Request))
#45 /var/www/www-root/data/www/randevumcepte/vendor/barryvdh/laravel-debugbar/src/Middleware/InjectDebugbar.php(58): Illuminate\\Routing\\Pipeline->Illuminate\\Routing\\{closure}(Object(Illuminate\\Http\\Request))
#46 /var/www/www-root/data/www/randevumcepte/vendor/laravel/framework/src/Illuminate/Pipeline/Pipeline.php(151): Barryvdh\\Debugbar\\Middleware\\InjectDebugbar->handle(Object(Illuminate\\Http\\Request), Object(Closure))
#47 /var/www/www-root/data/www/randevumcepte/vendor/laravel/framework/src/Illuminate/Routing/Pipeline.php(53): Illuminate\\Pipeline\\Pipeline->Illuminate\\Pipeline\\{closure}(Object(Illuminate\\Http\\Request))
#48 /var/www/www-root/data/www/randevumcepte/vendor/laravel/framework/src/Illuminate/Foundation/Http/Middleware/TransformsRequest.php(31): Illuminate\\Routing\\Pipeline->Illuminate\\Routing\\{closure}(Object(Illuminate\\Http\\Request))
#49 /var/www/www-root/data/www/randevumcepte/vendor/laravel/framework/src/Illuminate/Pipeline/Pipeline.php(151): Illuminate\\Foundation\\Http\\Middleware\\TransformsRequest->handle(Object(Illuminate\\Http\\Request), Object(Closure))
#50 /var/www/www-root/data/www/randevumcepte/vendor/laravel/framework/src/Illuminate/Routing/Pipeline.php(53): Illuminate\\Pipeline\\Pipeline->Illuminate\\Pipeline\\{closure}(Object(Illuminate\\Http\\Request))
#51 /var/www/www-root/data/www/randevumcepte/vendor/laravel/framework/src/Illuminate/Foundation/Http/Middleware/TransformsRequest.php(31): Illuminate\\Routing\\Pipeline->Illuminate\\Routing\\{closure}(Object(Illuminate\\Http\\Request))
#52 /var/www/www-root/data/www/randevumcepte/vendor/laravel/framework/src/Illuminate/Pipeline/Pipeline.php(151): Illuminate\\Foundation\\Http\\Middleware\\TransformsRequest->handle(Object(Illuminate\\Http\\Request), Object(Closure))
#53 /var/www/www-root/data/www/randevumcepte/vendor/laravel/framework/src/Illuminate/Routing/Pipeline.php(53): Illuminate\\Pipeline\\Pipeline->Illuminate\\Pipeline\\{closure}(Object(Illuminate\\Http\\Request))
#54 /var/www/www-root/data/www/randevumcepte/vendor/laravel/framework/src/Illuminate/Foundation/Http/Middleware/ValidatePostSize.php(27): Illuminate\\Routing\\Pipeline->Illuminate\\Routing\\{closure}(Object(Illuminate\\Http\\Request))
#55 /var/www/www-root/data/www/randevumcepte/vendor/laravel/framework/src/Illuminate/Pipeline/Pipeline.php(151): Illuminate\\Foundation\\Http\\Middleware\\ValidatePostSize->handle(Object(Illuminate\\Http\\Request), Object(Closure))
#56 /var/www/www-root/data/www/randevumcepte/vendor/laravel/framework/src/Illuminate/Routing/Pipeline.php(53): Illuminate\\Pipeline\\Pipeline->Illuminate\\Pipeline\\{closure}(Object(Illuminate\\Http\\Request))
#57 /var/www/www-root/data/www/randevumcepte/vendor/laravel/framework/src/Illuminate/Foundation/Http/Middleware/CheckForMaintenanceMode.php(62): Illuminate\\Routing\\Pipeline->Illuminate\\Routing\\{closure}(Object(Illuminate\\Http\\Request))
#58 /var/www/www-root/data/www/randevumcepte/vendor/laravel/framework/src/Illuminate/Pipeline/Pipeline.php(151): Illuminate\\Foundation\\Http\\Middleware\\CheckForMaintenanceMode->handle(Object(Illuminate\\Http\\Request), Object(Closure))
#59 /var/www/www-root/data/www/randevumcepte/vendor/laravel/framework/src/Illuminate/Routing/Pipeline.php(53): Illuminate\\Pipeline\\Pipeline->Illuminate\\Pipeline\\{closure}(Object(Illuminate\\Http\\Request))
#60 /var/www/www-root/data/www/randevumcepte/vendor/laravel/framework/src/Illuminate/Pipeline/Pipeline.php(104): Illuminate\\Routing\\Pipeline->Illuminate\\Routing\\{closure}(Object(Illuminate\\Http\\Request))
#61 /var/www/www-root/data/www/randevumcepte/vendor/laravel/framework/src/Illuminate/Foundation/Http/Kernel.php(151): Illuminate\\Pipeline\\Pipeline->then(Object(Closure))
#62 /var/www/www-root/data/www/randevumcepte/vendor/laravel/framework/src/Illuminate/Foundation/Http/Kernel.php(116): Illuminate\\Foundation\\Http\\Kernel->sendRequestThroughRouter(Object(Illuminate\\Http\\Request))
#63 /var/www/www-root/data/www/randevumcepte/public/index.php(52): Illuminate\\Foundation\\Http\\Kernel->handle(Object(Illuminate\\Http\\Request))
#64 /var/www/www-root/data/www/randevumcepte/index.php(20): require_once('/var/www/www-ro...')
#65 {main}
"} 
[2026-07-01 22:49:12] local.INFO: randevu yükleme bitti  
[2026-07-01 22:49:15] local.INFO: santral_raporlari endpoint: https://santral.randevumcepte.com.tr/monitor/api/freepbxapi.php?offset=0&limit=500&dahililer[]=22&tarih1=2026-07-01&tarih2=2026-07-01  
[2026-07-01 22:49:16] local.WARNING: SalonHatirlatma [acikAdisyonEski] hata: SQLSTATE[42S22]: Column not found: 1054 Unknown column 'toplam_tutar' in 'SELECT' (SQL: select `adisyon_id`, SUM(IFNULL(toplam_tutar,IFNULL(birim_tutar,0))) as t from `adisyon_hizmetler` where `adisyon_id` in (524883, 524885, 524887, 524888, 524889, 524892, 524894, 524896, 524897, 524899, 524900, 524901, 524902, 524905, 524906, 524907, 524909, 524912, 524913, 524914, 524915, 524916, 524918, 524923, 524924, 524925, 524926, 524928, 524929, 524931, 524932, 524933, 524934, 524935, 524936, 524937, 524938, 524939, 524940, 524941, 524942, 524943, 524944, 524945, 524946, 524947, 524948, 524950, 524951, 524952, 524953, 524954, 524955, 524956, 524957, 524959, 524960, 524962, 524963, 524964, 524965, 524966, 524967, 524968, 524969, 524970, 524971, 524974, 524975, 524976, 524977, 524978, 524979, 524980, 524982, 524983, 524984, 524985, 524987, 524990, 524991, 524992, 524994, 524996, 524997, 524998, 524999, 525000, 525001, 525002, 525003, 525004, 525005, 525006, 525007, 525008, 525009, 525010, 525011, 525012) group by `adisyon_id`)  
[2026-07-01 22:49:23] local.INFO: randevu yükleme bitti  
[2026-07-01 22:49:56] local.WARNING: SalonHatirlatma [acikAdisyonEski] hata: SQLSTATE[42S22]: Column not found: 1054 Unknown column 'toplam_tutar' in 'SELECT' (SQL: select `adisyon_id`, SUM(IFNULL(toplam_tutar,IFNULL(birim_tutar,0))) as t from `adisyon_hizmetler` where `adisyon_id` in (524883, 524885, 524887, 524888, 524889, 524892, 524894, 524896, 524897, 524899, 524900, 524901, 524902, 524905, 524906, 524907, 524909, 524912, 524913, 524914, 524915, 524916, 524918, 524923, 524924, 524925, 524926, 524928, 524929, 524931, 524932, 524933, 524934, 524935, 524936, 524937, 524938, 524939, 524940, 524941, 524942, 524943, 524944, 524945, 524946, 524947, 524948, 524950, 524951, 524952, 524953, 524954, 524955, 524956, 524957, 524959, 524960, 524962, 524963, 524964, 524965, 524966, 524967, 524968, 524969, 524970, 524971, 524974, 524975, 524976, 524977, 524978, 524979, 524980, 524982, 524983, 524984, 524985, 524987, 524990, 524991, 524992, 524994, 524996, 524997, 524998, 524999, 525000, 525001, 525002, 525003, 525004, 525005, 525006, 525007, 525008, 525009, 525010, 525011, 525012) group by `adisyon_id`)  
[2026-07-01 22:50:02] local.INFO: [RND-SMS] cron tick {"simdi":"01.07.2026 22:50","aday_randevu_sayisi":566} 
[2026-07-01 22:50:02] local.INFO: randevu yükleme bitti  
[2026-07-01 22:50:03] local.INFO: [ALACAK-ARAMA] kontrol basladi. dk=2026-07-01 22:50  
[2026-07-01 22:50:03] local.INFO: [ALACAK-ARAMA] aranacak alacak yok.  
[2026-07-01 22:50:04] local.INFO: 💊 İlaç kontrol zamanı: 22:50  
[2026-07-01 22:50:16] local.WARNING: SalonHatirlatma [acikAdisyonEski] hata: SQLSTATE[42S22]: Column not found: 1054 Unknown column 'toplam_tutar' in 'SELECT' (SQL: select `adisyon_id`, SUM(IFNULL(toplam_tutar,IFNULL(birim_tutar,0))) as t from `adisyon_hizmetler` where `adisyon_id` in (524883, 524885, 524887, 524888, 524889, 524892, 524894, 524896, 524897, 524899, 524900, 524901, 524902, 524905, 524906, 524907, 524909, 524912, 524913, 524914, 524915, 524916, 524918, 524923, 524924, 524925, 524926, 524928, 524929, 524931, 524932, 524933, 524934, 524935, 524936, 524937, 524938, 524939, 524940, 524941, 524942, 524943, 524944, 524945, 524946, 524947, 524948, 524950, 524951, 524952, 524953, 524954, 524955, 524956, 524957, 524959, 524960, 524962, 524963, 524964, 524965, 524966, 524967, 524968, 524969, 524970, 524971, 524974, 524975, 524976, 524977, 524978, 524979, 524980, 524982, 524983, 524984, 524985, 524987, 524990, 524991, 524992, 524994, 524996, 524997, 524998, 524999, 525000, 525001, 525002, 525003, 525004, 525005, 525006, 525007, 525008, 525009, 525010, 525011, 525012) group by `adisyon_id`)  
[2026-07-01 22:50:36] local.WARNING: SalonHatirlatma [acikAdisyonEski] hata: SQLSTATE[42S22]: Column not found: 1054 Unknown column 'toplam_tutar' in 'SELECT' (SQL: select `adisyon_id`, SUM(IFNULL(toplam_tutar,IFNULL(birim_tutar,0))) as t from `adisyon_hizmetler` where `adisyon_id` in (524883, 524885, 524887, 524888, 524889, 524892, 524894, 524896, 524897, 524899, 524900, 524901, 524902, 524905, 524906, 524907, 524909, 524912, 524913, 524914, 524915, 524916, 524918, 524923, 524924, 524925, 524926, 524928, 524929, 524931, 524932, 524933, 524934, 524935, 524936, 524937, 524938, 524939, 524940, 524941, 524942, 524943, 524944, 524945, 524946, 524947, 524948, 524950, 524951, 524952, 524953, 524954, 524955, 524956, 524957, 524959, 524960, 524962, 524963, 524964, 524965, 524966, 524967, 524968, 524969, 524970, 524971, 524974, 524975, 524976, 524977, 524978, 524979, 524980, 524982, 524983, 524984, 524985, 524987, 524990, 524991, 524992, 524994, 524996, 524997, 524998, 524999, 525000, 525001, 525002, 525003, 525004, 525005, 525006, 525007, 525008, 525009, 525010, 525011, 525012) group by `adisyon_id`)  
[2026-07-01 22:50:56] local.WARNING: SalonHatirlatma [acikAdisyonEski] hata: SQLSTATE[42S22]: Column not found: 1054 Unknown column 'toplam_tutar' in 'SELECT' (SQL: select `adisyon_id`, SUM(IFNULL(toplam_tutar,IFNULL(birim_tutar,0))) as t from `adisyon_hizmetler` where `adisyon_id` in (524883, 524885, 524887, 524888, 524889, 524892, 524894, 524896, 524897, 524899, 524900, 524901, 524902, 524905, 524906, 524907, 524909, 524912, 524913, 524914, 524915, 524916, 524918, 524923, 524924, 524925, 524926, 524928, 524929, 524931, 524932, 524933, 524934, 524935, 524936, 524937, 524938, 524939, 524940, 524941, 524942, 524943, 524944, 524945, 524946, 524947, 524948, 524950, 524951, 524952, 524953, 524954, 524955, 524956, 524957, 524959, 524960, 524962, 524963, 524964, 524965, 524966, 524967, 524968, 524969, 524970, 524971, 524974, 524975, 524976, 524977, 524978, 524979, 524980, 524982, 524983, 524984, 524985, 524987, 524990, 524991, 524992, 524994, 524996, 524997, 524998, 524999, 525000, 525001, 525002, 525003, 525004, 525005, 525006, 525007, 525008, 525009, 525010, 525011, 525012) group by `adisyon_id`)  
[2026-07-01 22:51:02] local.INFO: [RND-SMS] cron tick {"simdi":"01.07.2026 22:51","aday_randevu_sayisi":566} 
[2026-07-01 22:51:04] local.INFO: [ALACAK-ARAMA] kontrol basladi. dk=2026-07-01 22:51  
[2026-07-01 22:51:04] local.INFO: [ALACAK-ARAMA] aranacak alacak yok.  
[2026-07-01 22:51:04] local.INFO: 💊 İlaç kontrol zamanı: 22:51  
[2026-07-01 22:51:16] local.WARNING: SalonHatirlatma [acikAdisyonEski] hata: SQLSTATE[42S22]: Column not found: 1054 Unknown column 'toplam_tutar' in 'SELECT' (SQL: select `adisyon_id`, SUM(IFNULL(toplam_tutar,IFNULL(birim_tutar,0))) as t from `adisyon_hizmetler` where `adisyon_id` in (524883, 524885, 524887, 524888, 524889, 524892, 524894, 524896, 524897, 524899, 524900, 524901, 524902, 524905, 524906, 524907, 524909, 524912, 524913, 524914, 524915, 524916, 524918, 524923, 524924, 524925, 524926, 524928, 524929, 524931, 524932, 524933, 524934, 524935, 524936, 524937, 524938, 524939, 524940, 524941, 524942, 524943, 524944, 524945, 524946, 524947, 524948, 524950, 524951, 524952, 524953, 524954, 524955, 524956, 524957, 524959, 524960, 524962, 524963, 524964, 524965, 524966, 524967, 524968, 524969, 524970, 524971, 524974, 524975, 524976, 524977, 524978, 524979, 524980, 524982, 524983, 524984, 524985, 524987, 524990, 524991, 524992, 524994, 524996, 524997, 524998, 524999, 525000, 525001, 525002, 525003, 525004, 525005, 525006, 525007, 525008, 525009, 525010, 525011, 525012) group by `adisyon_id`)  
[2026-07-01 22:51:26] local.INFO: randevu yükleme bitti  
[2026-07-01 22:51:36] local.WARNING: SalonHatirlatma [acikAdisyonEski] hata: SQLSTATE[42S22]: Column not found: 1054 Unknown column 'toplam_tutar' in 'SELECT' (SQL: select `adisyon_id`, SUM(IFNULL(toplam_tutar,IFNULL(birim_tutar,0))) as t from `adisyon_hizmetler` where `adisyon_id` in (524883, 524885, 524887, 524888, 524889, 524892, 524894, 524896, 524897, 524899, 524900, 524901, 524902, 524905, 524906, 524907, 524909, 524912, 524913, 524914, 524915, 524916, 524918, 524923, 524924, 524925, 524926, 524928, 524929, 524931, 524932, 524933, 524934, 524935, 524936, 524937, 524938, 524939, 524940, 524941, 524942, 524943, 524944, 524945, 524946, 524947, 524948, 524950, 524951, 524952, 524953, 524954, 524955, 524956, 524957, 524959, 524960, 524962, 524963, 524964, 524965, 524966, 524967, 524968, 524969, 524970, 524971, 524974, 524975, 524976, 524977, 524978, 524979, 524980, 524982, 524983, 524984, 524985, 524987, 524990, 524991, 524992, 524994, 524996, 524997, 524998, 524999, 525000, 525001, 525002, 525003, 525004, 525005, 525006, 525007, 525008, 525009, 525010, 525011, 525012) group by `adisyon_id`)  
[2026-07-01 22:52:02] local.INFO: [RND-SMS] cron tick {"simdi":"01.07.2026 22:52","aday_randevu_sayisi":566} 
[2026-07-01 22:52:03] local.INFO: [ALACAK-ARAMA] kontrol basladi. dk=2026-07-01 22:52  
[2026-07-01 22:52:03] local.INFO: [ALACAK-ARAMA] aranacak alacak yok.  
[2026-07-01 22:52:04] local.INFO: 💊 İlaç kontrol zamanı: 22:52  
[2026-07-01 22:52:16] local.WARNING: SalonHatirlatma [acikAdisyonEski] hata: SQLSTATE[42S22]: Column not found: 1054 Unknown column 'toplam_tutar' in 'SELECT' (SQL: select `adisyon_id`, SUM(IFNULL(toplam_tutar,IFNULL(birim_tutar,0))) as t from `adisyon_hizmetler` where `adisyon_id` in (524883, 524885, 524887, 524888, 524889, 524892, 524894, 524896, 524897, 524899, 524900, 524901, 524902, 524905, 524906, 524907, 524909, 524912, 524913, 524914, 524915, 524916, 524918, 524923, 524924, 524925, 524926, 524928, 524929, 524931, 524932, 524933, 524934, 524935, 524936, 524937, 524938, 524939, 524940, 524941, 524942, 524943, 524944, 524945, 524946, 524947, 524948, 524950, 524951, 524952, 524953, 524954, 524955, 524956, 524957, 524959, 524960, 524962, 524963, 524964, 524965, 524966, 524967, 524968, 524969, 524970, 524971, 524974, 524975, 524976, 524977, 524978, 524979, 524980, 524982, 524983, 524984, 524985, 524987, 524990, 524991, 524992, 524994, 524996, 524997, 524998, 524999, 525000, 525001, 525002, 525003, 525004, 525005, 525006, 525007, 525008, 525009, 525010, 525011, 525012) group by `adisyon_id`)  
[2026-07-01 22:52:36] local.WARNING: SalonHatirlatma [acikAdisyonEski] hata: SQLSTATE[42S22]: Column not found: 1054 Unknown column 'toplam_tutar' in 'SELECT' (SQL: select `adisyon_id`, SUM(IFNULL(toplam_tutar,IFNULL(birim_tutar,0))) as t from `adisyon_hizmetler` where `adisyon_id` in (524883, 524885, 524887, 524888, 524889, 524892, 524894, 524896, 524897, 524899, 524900, 524901, 524902, 524905, 524906, 524907, 524909, 524912, 524913, 524914, 524915, 524916, 524918, 524923, 524924, 524925, 524926, 524928, 524929, 524931, 524932, 524933, 524934, 524935, 524936, 524937, 524938, 524939, 524940, 524941, 524942, 524943, 524944, 524945, 524946, 524947, 524948, 524950, 524951, 524952, 524953, 524954, 524955, 524956, 524957, 524959, 524960, 524962, 524963, 524964, 524965, 524966, 524967, 524968, 524969, 524970, 524971, 524974, 524975, 524976, 524977, 524978, 524979, 524980, 524982, 524983, 524984, 524985, 524987, 524990, 524991, 524992, 524994, 524996, 524997, 524998, 524999, 525000, 525001, 525002, 525003, 525004, 525005, 525006, 525007, 525008, 525009, 525010, 525011, 525012) group by `adisyon_id`)  
[2026-07-01 22:52:56] local.WARNING: SalonHatirlatma [acikAdisyonEski] hata: SQLSTATE[42S22]: Column not found: 1054 Unknown column 'toplam_tutar' in 'SELECT' (SQL: select `adisyon_id`, SUM(IFNULL(toplam_tutar,IFNULL(birim_tutar,0))) as t from `adisyon_hizmetler` where `adisyon_id` in (524883, 524885, 524887, 524888, 524889, 524892, 524894, 524896, 524897, 524899, 524900, 524901, 524902, 524905, 524906, 524907, 524909, 524912, 524913, 524914, 524915, 524916, 524918, 524923, 524924, 524925, 524926, 524928, 524929, 524931, 524932, 524933, 524934, 524935, 524936, 524937, 524938, 524939, 524940, 524941, 524942, 524943, 524944, 524945, 524946, 524947, 524948, 524950, 524951, 524952, 524953, 524954, 524955, 524956, 524957, 524959, 524960, 524962, 524963, 524964, 524965, 524966, 524967, 524968, 524969, 524970, 524971, 524974, 524975, 524976, 524977, 524978, 524979, 524980, 524982, 524983, 524984, 524985, 524987, 524990, 524991, 524992, 524994, 524996, 524997, 524998, 524999, 525000, 525001, 525002, 525003, 525004, 525005, 525006, 525007, 525008, 525009, 525010, 525011, 525012) group by `adisyon_id`)  
[2026-07-01 22:53:02] local.INFO: [RND-SMS] cron tick {"simdi":"01.07.2026 22:53","aday_randevu_sayisi":566} 
[2026-07-01 22:53:03] local.INFO: [ALACAK-ARAMA] kontrol basladi. dk=2026-07-01 22:53  
[2026-07-01 22:53:04] local.INFO: [ALACAK-ARAMA] aranacak alacak yok.  
[2026-07-01 22:53:04] local.INFO: 💊 İlaç kontrol zamanı: 22:53  
[2026-07-01 22:53:04] local.INFO: 💊 Tetiklenen ilaç: aspirin  
[2026-07-01 22:53:04] local.ERROR: Target [Illuminate\Contracts\Bus\Dispatcher] is not instantiable. {"exception":"[object] (Illuminate\\Contracts\\Container\\BindingResolutionException(code: 0): Target [Illuminate\\Contracts\\Bus\\Dispatcher] is not instantiable. at /var/www/www-root/data/www/randevumcepte/vendor/laravel/framework/src/Illuminate/Container/Container.php:933)
[stacktrace]
#0 /var/www/www-root/data/www/randevumcepte/vendor/laravel/framework/src/Illuminate/Container/Container.php(773): Illuminate\\Container\\Container->notInstantiable('Illuminate\\\\Cont...')
#1 /var/www/www-root/data/www/randevumcepte/vendor/laravel/framework/src/Illuminate/Container/Container.php(646): Illuminate\\Container\\Container->build('Illuminate\\\\Cont...')
#2 /var/www/www-root/data/www/randevumcepte/vendor/laravel/framework/src/Illuminate/Container/Container.php(601): Illuminate\\Container\\Container->resolve('Illuminate\\\\Cont...', Array)
#3 /var/www/www-root/data/www/randevumcepte/vendor/laravel/framework/src/Illuminate/Foundation/Application.php(734): Illuminate\\Container\\Container->make('Illuminate\\\\Cont...', Array)
#4 /var/www/www-root/data/www/randevumcepte/vendor/laravel/framework/src/Illuminate/Foundation/helpers.php(119): Illuminate\\Foundation\\Application->make('Illuminate\\\\Cont...', Array)
#5 /var/www/www-root/data/www/randevumcepte/vendor/laravel/framework/src/Illuminate/Foundation/Bus/PendingDispatch.php(112): app('Illuminate\\\\Cont...')
#6 /var/www/www-root/data/www/randevumcepte/app/Console/Commands/IlacHatirlatmalari.php(33): Illuminate\\Foundation\\Bus\\PendingDispatch->__destruct()
#7 /var/www/www-root/data/www/randevumcepte/vendor/laravel/framework/src/Illuminate/Database/Concerns/BuildsQueries.php(39): App\\Console\\Commands\\IlacHatirlatmalari->App\\Console\\Commands\\{closure}(Object(Illuminate\\Database\\Eloquent\\Collection), 1)
#8 /var/www/www-root/data/www/randevumcepte/app/Console/Commands/IlacHatirlatmalari.php(36): Illuminate\\Database\\Eloquent\\Builder->chunk(500, Object(Closure))
#9 [internal function]: App\\Console\\Commands\\IlacHatirlatmalari->handle()
#10 /var/www/www-root/data/www/randevumcepte/vendor/laravel/framework/src/Illuminate/Container/BoundMethod.php(29): call_user_func_array(Array, Array)
#11 /var/www/www-root/data/www/randevumcepte/vendor/laravel/framework/src/Illuminate/Container/BoundMethod.php(87): Illuminate\\Container\\BoundMethod::Illuminate\\Container\\{closure}()
#12 /var/www/www-root/data/www/randevumcepte/vendor/laravel/framework/src/Illuminate/Container/BoundMethod.php(31): Illuminate\\Container\\BoundMethod::callBoundMethod(Object(Illuminate\\Foundation\\Application), Array, Object(Closure))
#13 /var/www/www-root/data/www/randevumcepte/vendor/laravel/framework/src/Illuminate/Container/Container.php(564): Illuminate\\Container\\BoundMethod::call(Object(Illuminate\\Foundation\\Application), Array, Array, NULL)
#14 /var/www/www-root/data/www/randevumcepte/vendor/laravel/framework/src/Illuminate/Console/Command.php(179): Illuminate\\Container\\Container->call(Array)
#15 /var/www/www-root/data/www/randevumcepte/vendor/symfony/console/Command/Command.php(255): Illuminate\\Console\\Command->execute(Object(Symfony\\Component\\Console\\Input\\ArgvInput), Object(Illuminate\\Console\\OutputStyle))
#16 /var/www/www-root/data/www/randevumcepte/vendor/laravel/framework/src/Illuminate/Console/Command.php(166): Symfony\\Component\\Console\\Command\\Command->run(Object(Symfony\\Component\\Console\\Input\\ArgvInput), Object(Illuminate\\Console\\OutputStyle))
#17 /var/www/www-root/data/www/randevumcepte/vendor/symfony/console/Application.php(1021): Illuminate\\Console\\Command->run(Object(Symfony\\Component\\Console\\Input\\ArgvInput), Object(Symfony\\Component\\Console\\Output\\ConsoleOutput))
#18 /var/www/www-root/data/www/randevumcepte/vendor/symfony/console/Application.php(275): Symfony\\Component\\Console\\Application->doRunCommand(Object(App\\Console\\Commands\\IlacHatirlatmalari), Object(Symfony\\Component\\Console\\Input\\ArgvInput), Object(Symfony\\Component\\Console\\Output\\ConsoleOutput))
#19 /var/www/www-root/data/www/randevumcepte/vendor/symfony/console/Application.php(149): Symfony\\Component\\Console\\Application->doRun(Object(Symfony\\Component\\Console\\Input\\ArgvInput), Object(Symfony\\Component\\Console\\Output\\ConsoleOutput))
#20 /var/www/www-root/data/www/randevumcepte/vendor/laravel/framework/src/Illuminate/Console/Application.php(89): Symfony\\Component\\Console\\Application->run(Object(Symfony\\Component\\Console\\Input\\ArgvInput), Object(Symfony\\Component\\Console\\Output\\ConsoleOutput))
#21 /var/www/www-root/data/www/randevumcepte/vendor/laravel/framework/src/Illuminate/Foundation/Console/Kernel.php(122): Illuminate\\Console\\Application->run(Object(Symfony\\Component\\Console\\Input\\ArgvInput), Object(Symfony\\Component\\Console\\Output\\ConsoleOutput))
#22 /var/www/www-root/data/www/randevumcepte/artisan(35): Illuminate\\Foundation\\Console\\Kernel->handle(Object(Symfony\\Component\\Console\\Input\\ArgvInput), Object(Symfony\\Component\\Console\\Output\\ConsoleOutput))
#23 {main}
"} 
[2026-07-01 22:53:16] local.WARNING: SalonHatirlatma [acikAdisyonEski] hata: SQLSTATE[42S22]: Column not found: 1054 Unknown column 'toplam_tutar' in 'SELECT' (SQL: select `adisyon_id`, SUM(IFNULL(toplam_tutar,IFNULL(birim_tutar,0))) as t from `adisyon_hizmetler` where `adisyon_id` in (524883, 524885, 524887, 524888, 524889, 524892, 524894, 524896, 524897, 524899, 524900, 524901, 524902, 524905, 524906, 524907, 524909, 524912, 524913, 524914, 524915, 524916, 524918, 524923, 524924, 524925, 524926, 524928, 524929, 524931, 524932, 524933, 524934, 524935, 524936, 524937, 524938, 524939, 524940, 524941, 524942, 524943, 524944, 524945, 524946, 524947, 524948, 524950, 524951, 524952, 524953, 524954, 524955, 524956, 524957, 524959, 524960, 524962, 524963, 524964, 524965, 524966, 524967, 524968, 524969, 524970, 524971, 524974, 524975, 524976, 524977, 524978, 524979, 524980, 524982, 524983, 524984, 524985, 524987, 524990, 524991, 524992, 524994, 524996, 524997, 524998, 524999, 525000, 525001, 525002, 525003, 525004, 525005, 525006, 525007, 525008, 525009, 525010, 525011, 525012) group by `adisyon_id`)  
[2026-07-01 22:53:43] local.INFO: randevu yükleme bitti  
[2026-07-01 22:53:56] local.WARNING: SalonHatirlatma [acikAdisyonEski] hata: SQLSTATE[42S22]: Column not found: 1054 Unknown column 'toplam_tutar' in 'SELECT' (SQL: select `adisyon_id`, SUM(IFNULL(toplam_tutar,IFNULL(birim_tutar,0))) as t from `adisyon_hizmetler` where `adisyon_id` in (524883, 524885, 524887, 524888, 524889, 524892, 524894, 524896, 524897, 524899, 524900, 524901, 524902, 524905, 524906, 524907, 524909, 524912, 524913, 524914, 524915, 524916, 524918, 524923, 524924, 524925, 524926, 524928, 524929, 524931, 524932, 524933, 524934, 524935, 524936, 524937, 524938, 524939, 524940, 524941, 524942, 524943, 524944, 524945, 524946, 524947, 524948, 524950, 524951, 524952, 524953, 524954, 524955, 524956, 524957, 524959, 524960, 524962, 524963, 524964, 524965, 524966, 524967, 524968, 524969, 524970, 524971, 524974, 524975, 524976, 524977, 524978, 524979, 524980, 524982, 524983, 524984, 524985, 524987, 524990, 524991, 524992, 524994, 524996, 524997, 524998, 524999, 525000, 525001, 525002, 525003, 525004, 525005, 525006, 525007, 525008, 525009, 525010, 525011, 525012) group by `adisyon_id`)  
[2026-07-01 22:54:02] local.INFO: [RND-SMS] cron tick {"simdi":"01.07.2026 22:54","aday_randevu_sayisi":566} 
[2026-07-01 22:54:04] local.INFO: [ALACAK-ARAMA] kontrol basladi. dk=2026-07-01 22:54  
[2026-07-01 22:54:04] local.INFO: [ALACAK-ARAMA] aranacak alacak yok.  
[2026-07-01 22:54:04] local.INFO: 💊 İlaç kontrol zamanı: 22:54  
[2026-07-01 22:54:16] local.WARNING: SalonHatirlatma [acikAdisyonEski] hata: SQLSTATE[42S22]: Column not found: 1054 Unknown column 'toplam_tutar' in 'SELECT' (SQL: select `adisyon_id`, SUM(IFNULL(toplam_tutar,IFNULL(birim_tutar,0))) as t from `adisyon_hizmetler` where `adisyon_id` in (524883, 524885, 524887, 524888, 524889, 524892, 524894, 524896, 524897, 524899, 524900, 524901, 524902, 524905, 524906, 524907, 524909, 524912, 524913, 524914, 524915, 524916, 524918, 524923, 524924, 524925, 524926, 524928, 524929, 524931, 524932, 524933, 524934, 524935, 524936, 524937, 524938, 524939, 524940, 524941, 524942, 524943, 524944, 524945, 524946, 524947, 524948, 524950, 524951, 524952, 524953, 524954, 524955, 524956, 524957, 524959, 524960, 524962, 524963, 524964, 524965, 524966, 524967, 524968, 524969, 524970, 524971, 524974, 524975, 524976, 524977, 524978, 524979, 524980, 524982, 524983, 524984, 524985, 524987, 524990, 524991, 524992, 524994, 524996, 524997, 524998, 524999, 525000, 525001, 525002, 525003, 525004, 525005, 525006, 525007, 525008, 525009, 525010, 525011, 525012) group by `adisyon_id`)  
[2026-07-01 22:54:57] local.WARNING: SalonHatirlatma [acikAdisyonEski] hata: SQLSTATE[42S22]: Column not found: 1054 Unknown column 'toplam_tutar' in 'SELECT' (SQL: select `adisyon_id`, SUM(IFNULL(toplam_tutar,IFNULL(birim_tutar,0))) as t from `adisyon_hizmetler` where `adisyon_id` in (524883, 524885, 524887, 524888, 524889, 524892, 524894, 524896, 524897, 524899, 524900, 524901, 524902, 524905, 524906, 524907, 524909, 524912, 524913, 524914, 524915, 524916, 524918, 524923, 524924, 524925, 524926, 524928, 524929, 524931, 524932, 524933, 524934, 524935, 524936, 524937, 524938, 524939, 524940, 524941, 524942, 524943, 524944, 524945, 524946, 524947, 524948, 524950, 524951, 524952, 524953, 524954, 524955, 524956, 524957, 524959, 524960, 524962, 524963, 524964, 524965, 524966, 524967, 524968, 524969, 524970, 524971, 524974, 524975, 524976, 524977, 524978, 524979, 524980, 524982, 524983, 524984, 524985, 524987, 524990, 524991, 524992, 524994, 524996, 524997, 524998, 524999, 525000, 525001, 525002, 525003, 525004, 525005, 525006, 525007, 525008, 525009, 525010, 525011, 525012) group by `adisyon_id`)  
[2026-07-01 22:55:02] local.INFO: [RND-SMS] cron tick {"simdi":"01.07.2026 22:55","aday_randevu_sayisi":566} 
[2026-07-01 22:55:03] local.INFO: [ALACAK-ARAMA] kontrol basladi. dk=2026-07-01 22:55  
[2026-07-01 22:55:03] local.INFO: [ALACAK-ARAMA] aranacak alacak yok.  
[2026-07-01 22:55:04] local.INFO: 💊 İlaç kontrol zamanı: 22:55  
[2026-07-01 22:55:37] local.WARNING: SalonHatirlatma [acikAdisyonEski] hata: SQLSTATE[42S22]: Column not found: 1054 Unknown column 'toplam_tutar' in 'SELECT' (SQL: select `adisyon_id`, SUM(IFNULL(toplam_tutar,IFNULL(birim_tutar,0))) as t from `adisyon_hizmetler` where `adisyon_id` in (524883, 524885, 524887, 524888, 524889, 524892, 524894, 524896, 524897, 524899, 524900, 524901, 524902, 524905, 524906, 524907, 524909, 524912, 524913, 524914, 524915, 524916, 524918, 524923, 524924, 524925, 524926, 524928, 524929, 524931, 524932, 524933, 524934, 524935, 524936, 524937, 524938, 524939, 524940, 524941, 524942, 524943, 524944, 524945, 524946, 524947, 524948, 524950, 524951, 524952, 524953, 524954, 524955, 524956, 524957, 524959, 524960, 524962, 524963, 524964, 524965, 524966, 524967, 524968, 524969, 524970, 524971, 524974, 524975, 524976, 524977, 524978, 524979, 524980, 524982, 524983, 524984, 524985, 524987, 524990, 524991, 524992, 524994, 524996, 524997, 524998, 524999, 525000, 525001, 525002, 525003, 525004, 525005, 525006, 525007, 525008, 525009, 525010, 525011, 525012) group by `adisyon_id`)  
[2026-07-01 22:56:02] local.INFO: [RND-SMS] cron tick {"simdi":"01.07.2026 22:56","aday_randevu_sayisi":566} 
[2026-07-01 22:56:04] local.INFO: [ALACAK-ARAMA] kontrol basladi. dk=2026-07-01 22:56  
[2026-07-01 22:56:04] local.INFO: [ALACAK-ARAMA] aranacak alacak yok.  
[2026-07-01 22:56:04] local.INFO: 💊 İlaç kontrol zamanı: 22:56  
[2026-07-01 22:56:16] local.WARNING: SalonHatirlatma [acikAdisyonEski] hata: SQLSTATE[42S22]: Column not found: 1054 Unknown column 'toplam_tutar' in 'SELECT' (SQL: select `adisyon_id`, SUM(IFNULL(toplam_tutar,IFNULL(birim_tutar,0))) as t from `adisyon_hizmetler` where `adisyon_id` in (524883, 524885, 524887, 524888, 524889, 524892, 524894, 524896, 524897, 524899, 524900, 524901, 524902, 524905, 524906, 524907, 524909, 524912, 524913, 524914, 524915, 524916, 524918, 524923, 524924, 524925, 524926, 524928, 524929, 524931, 524932, 524933, 524934, 524935, 524936, 524937, 524938, 524939, 524940, 524941, 524942, 524943, 524944, 524945, 524946, 524947, 524948, 524950, 524951, 524952, 524953, 524954, 524955, 524956, 524957, 524959, 524960, 524962, 524963, 524964, 524965, 524966, 524967, 524968, 524969, 524970, 524971, 524974, 524975, 524976, 524977, 524978, 524979, 524980, 524982, 524983, 524984, 524985, 524987, 524990, 524991, 524992, 524994, 524996, 524997, 524998, 524999, 525000, 525001, 525002, 525003, 525004, 525005, 525006, 525007, 525008, 525009, 525010, 525011, 525012) group by `adisyon_id`)  
[2026-07-01 22:56:36] local.WARNING: SalonHatirlatma [acikAdisyonEski] hata: SQLSTATE[42S22]: Column not found: 1054 Unknown column 'toplam_tutar' in 'SELECT' (SQL: select `adisyon_id`, SUM(IFNULL(toplam_tutar,IFNULL(birim_tutar,0))) as t from `adisyon_hizmetler` where `adisyon_id` in (524883, 524885, 524887, 524888, 524889, 524892, 524894, 524896, 524897, 524899, 524900, 524901, 524902, 524905, 524906, 524907, 524909, 524912, 524913, 524914, 524915, 524916, 524918, 524923, 524924, 524925, 524926, 524928, 524929, 524931, 524932, 524933, 524934, 524935, 524936, 524937, 524938, 524939, 524940, 524941, 524942, 524943, 524944, 524945, 524946, 524947, 524948, 524950, 524951, 524952, 524953, 524954, 524955, 524956, 524957, 524959, 524960, 524962, 524963, 524964, 524965, 524966, 524967, 524968, 524969, 524970, 524971, 524974, 524975, 524976, 524977, 524978, 524979, 524980, 524982, 524983, 524984, 524985, 524987, 524990, 524991, 524992, 524994, 524996, 524997, 524998, 524999, 525000, 525001, 525002, 525003, 525004, 525005, 525006, 525007, 525008, 525009, 525010, 525011, 525012) group by `adisyon_id`)  
[2026-07-01 22:56:56] local.WARNING: SalonHatirlatma [acikAdisyonEski] hata: SQLSTATE[42S22]: Column not found: 1054 Unknown column 'toplam_tutar' in 'SELECT' (SQL: select `adisyon_id`, SUM(IFNULL(toplam_tutar,IFNULL(birim_tutar,0))) as t from `adisyon_hizmetler` where `adisyon_id` in (524883, 524885, 524887, 524888, 524889, 524892, 524894, 524896, 524897, 524899, 524900, 524901, 524902, 524905, 524906, 524907, 524909, 524912, 524913, 524914, 524915, 524916, 524918, 524923, 524924, 524925, 524926, 524928, 524929, 524931, 524932, 524933, 524934, 524935, 524936, 524937, 524938, 524939, 524940, 524941, 524942, 524943, 524944, 524945, 524946, 524947, 524948, 524950, 524951, 524952, 524953, 524954, 524955, 524956, 524957, 524959, 524960, 524962, 524963, 524964, 524965, 524966, 524967, 524968, 524969, 524970, 524971, 524974, 524975, 524976, 524977, 524978, 524979, 524980, 524982, 524983, 524984, 524985, 524987, 524990, 524991, 524992, 524994, 524996, 524997, 524998, 524999, 525000, 525001, 525002, 525003, 525004, 525005, 525006, 525007, 525008, 525009, 525010, 525011, 525012) group by `adisyon_id`)  
[2026-07-01 22:57:01] local.ERROR: SQLSTATE[42S22]: Column not found: 1054 Unknown column 'users.surname' in 'SELECT' (SQL: select `salon_yorumlar`.`id`, `salon_yorumlar`.`user_id`, `salon_yorumlar`.`yorum`, `salon_yorumlar`.`updated_at` as `tarih`, `users`.`name` as `kullanici_adi`, `users`.`surname` as `kullanici_soyadi` from `salon_yorumlar` left join `users` on `salon_yorumlar`.`user_id` = `users`.`id` where `salon_yorumlar`.`salon_id` in (355) order by `salon_yorumlar`.`updated_at` desc) {"exception":"[object] (Illuminate\\Database\\QueryException(code: 42S22): SQLSTATE[42S22]: Column not found: 1054 Unknown column 'users.surname' in 'SELECT' (SQL: select `salon_yorumlar`.`id`, `salon_yorumlar`.`user_id`, `salon_yorumlar`.`yorum`, `salon_yorumlar`.`updated_at` as `tarih`, `users`.`name` as `kullanici_adi`, `users`.`surname` as `kullanici_soyadi` from `salon_yorumlar` left join `users` on `salon_yorumlar`.`user_id` = `users`.`id` where `salon_yorumlar`.`salon_id` in (355) order by `salon_yorumlar`.`updated_at` desc) at /var/www/www-root/data/www/randevumcepte/vendor/laravel/framework/src/Illuminate/Database/Connection.php:664, PDOException(code: 42S22): SQLSTATE[42S22]: Column not found: 1054 Unknown column 'users.surname' in 'SELECT' at /var/www/www-root/data/www/randevumcepte/vendor/laravel/framework/src/Illuminate/Database/Connection.php:326)
[stacktrace]
#0 /var/www/www-root/data/www/randevumcepte/vendor/laravel/framework/src/Illuminate/Database/Connection.php(624): Illuminate\\Database\\Connection->runQueryCallback('select `salon_y...', Array, Object(Closure))
#1 /var/www/www-root/data/www/randevumcepte/vendor/laravel/framework/src/Illuminate/Database/Connection.php(333): Illuminate\\Database\\Connection->run('select `salon_y...', Array, Object(Closure))
#2 /var/www/www-root/data/www/randevumcepte/vendor/laravel/framework/src/Illuminate/Database/Query/Builder.php(1963): Illuminate\\Database\\Connection->select('select `salon_y...', Array, true)
#3 /var/www/www-root/data/www/randevumcepte/vendor/laravel/framework/src/Illuminate/Database/Query/Builder.php(1951): Illuminate\\Database\\Query\\Builder->runSelect()
#4 /var/www/www-root/data/www/randevumcepte/vendor/laravel/framework/src/Illuminate/Database/Query/Builder.php(2435): Illuminate\\Database\\Query\\Builder->Illuminate\\Database\\Query\\{closure}()
#5 /var/www/www-root/data/www/randevumcepte/vendor/laravel/framework/src/Illuminate/Database/Query/Builder.php(1952): Illuminate\\Database\\Query\\Builder->onceWithColumns(Array, Object(Closure))
#6 /var/www/www-root/data/www/randevumcepte/app/Http/Controllers/ApiController.php(21456): Illuminate\\Database\\Query\\Builder->get()
#7 [internal function]: App\\Http\\Controllers\\ApiController->salonyorumlari(Object(Illuminate\\Http\\Request))
#8 /var/www/www-root/data/www/randevumcepte/vendor/laravel/framework/src/Illuminate/Routing/Controller.php(54): call_user_func_array(Array, Array)
#9 /var/www/www-root/data/www/randevumcepte/vendor/laravel/framework/src/Illuminate/Routing/ControllerDispatcher.php(45): Illuminate\\Routing\\Controller->callAction('salonyorumlari', Array)
#10 /var/www/www-root/data/www/randevumcepte/vendor/laravel/framework/src/Illuminate/Routing/Route.php(212): Illuminate\\Routing\\ControllerDispatcher->dispatch(Object(Illuminate\\Routing\\Route), Object(App\\Http\\Controllers\\ApiController), 'salonyorumlari')
#11 /var/www/www-root/data/www/randevumcepte/vendor/laravel/framework/src/Illuminate/Routing/Route.php(169): Illuminate\\Routing\\Route->runController()
#12 /var/www/www-root/data/www/randevumcepte/vendor/laravel/framework/src/Illuminate/Routing/Router.php(665): Illuminate\\Routing\\Route->run()
#13 /var/www/www-root/data/www/randevumcepte/vendor/laravel/framework/src/Illuminate/Routing/Pipeline.php(30): Illuminate\\Routing\\Router->Illuminate\\Routing\\{closure}(Object(Illuminate\\Http\\Request))
#14 /var/www/www-root/data/www/randevumcepte/vendor/laravel/framework/src/Illuminate/Routing/Middleware/SubstituteBindings.php(41): Illuminate\\Routing\\Pipeline->Illuminate\\Routing\\{closure}(Object(Illuminate\\Http\\Request))
#15 /var/www/www-root/data/www/randevumcepte/vendor/laravel/framework/src/Illuminate/Pipeline/Pipeline.php(151): Illuminate\\Routing\\Middleware\\SubstituteBindings->handle(Object(Illuminate\\Http\\Request), Object(Closure))
#16 /var/www/www-root/data/www/randevumcepte/vendor/laravel/framework/src/Illuminate/Routing/Pipeline.php(53): Illuminate\\Pipeline\\Pipeline->Illuminate\\Pipeline\\{closure}(Object(Illuminate\\Http\\Request))
#17 /var/www/www-root/data/www/randevumcepte/vendor/laravel/framework/src/Illuminate/Routing/Middleware/ThrottleRequests.php(57): Illuminate\\Routing\\Pipeline->Illuminate\\Routing\\{closure}(Object(Illuminate\\Http\\Request))
#18 /var/www/www-root/data/www/randevumcepte/vendor/laravel/framework/src/Illuminate/Pipeline/Pipeline.php(151): Illuminate\\Routing\\Middleware\\ThrottleRequests->handle(Object(Illuminate\\Http\\Request), Object(Closure), 60, '1')
#19 /var/www/www-root/data/www/randevumcepte/vendor/laravel/framework/src/Illuminate/Routing/Pipeline.php(53): Illuminate\\Pipeline\\Pipeline->Illuminate\\Pipeline\\{closure}(Object(Illuminate\\Http\\Request))
#20 /var/www/www-root/data/www/randevumcepte/vendor/laravel/framework/src/Illuminate/Pipeline/Pipeline.php(104): Illuminate\\Routing\\Pipeline->Illuminate\\Routing\\{closure}(Object(Illuminate\\Http\\Request))
#21 /var/www/www-root/data/www/randevumcepte/vendor/laravel/framework/src/Illuminate/Routing/Router.php(667): Illuminate\\Pipeline\\Pipeline->then(Object(Closure))
#22 /var/www/www-root/data/www/randevumcepte/vendor/laravel/framework/src/Illuminate/Routing/Router.php(642): Illuminate\\Routing\\Router->runRouteWithinStack(Object(Illuminate\\Routing\\Route), Object(Illuminate\\Http\\Request))
#23 /var/www/www-root/data/www/randevumcepte/vendor/laravel/framework/src/Illuminate/Routing/Router.php(608): Illuminate\\Routing\\Router->runRoute(Object(Illuminate\\Http\\Request), Object(Illuminate\\Routing\\Route))
#24 /var/www/www-root/data/www/randevumcepte/vendor/laravel/framework/src/Illuminate/Routing/Router.php(597): Illuminate\\Routing\\Router->dispatchToRoute(Object(Illuminate\\Http\\Request))
#25 /var/www/www-root/data/www/randevumcepte/vendor/laravel/framework/src/Illuminate/Foundation/Http/Kernel.php(176): Illuminate\\Routing\\Router->dispatch(Object(Illuminate\\Http\\Request))
#26 /var/www/www-root/data/www/randevumcepte/vendor/laravel/framework/src/Illuminate/Routing/Pipeline.php(30): Illuminate\\Foundation\\Http\\Kernel->Illuminate\\Foundation\\Http\\{closure}(Object(Illuminate\\Http\\Request))
#27 /var/www/www-root/data/www/randevumcepte/vendor/barryvdh/laravel-debugbar/src/Middleware/InjectDebugbar.php(58): Illuminate\\Routing\\Pipeline->Illuminate\\Routing\\{closure}(Object(Illuminate\\Http\\Request))
#28 /var/www/www-root/data/www/randevumcepte/vendor/laravel/framework/src/Illuminate/Pipeline/Pipeline.php(151): Barryvdh\\Debugbar\\Middleware\\InjectDebugbar->handle(Object(Illuminate\\Http\\Request), Object(Closure))
#29 /var/www/www-root/data/www/randevumcepte/vendor/laravel/framework/src/Illuminate/Routing/Pipeline.php(53): Illuminate\\Pipeline\\Pipeline->Illuminate\\Pipeline\\{closure}(Object(Illuminate\\Http\\Request))
#30 /var/www/www-root/data/www/randevumcepte/vendor/laravel/framework/src/Illuminate/Foundation/Http/Middleware/TransformsRequest.php(31): Illuminate\\Routing\\Pipeline->Illuminate\\Routing\\{closure}(Object(Illuminate\\Http\\Request))
#31 /var/www/www-root/data/www/randevumcepte/vendor/laravel/framework/src/Illuminate/Pipeline/Pipeline.php(151): Illuminate\\Foundation\\Http\\Middleware\\TransformsRequest->handle(Object(Illuminate\\Http\\Request), Object(Closure))
#32 /var/www/www-root/data/www/randevumcepte/vendor/laravel/framework/src/Illuminate/Routing/Pipeline.php(53): Illuminate\\Pipeline\\Pipeline->Illuminate\\Pipeline\\{closure}(Object(Illuminate\\Http\\Request))
#33 /var/www/www-root/data/www/randevumcepte/vendor/laravel/framework/src/Illuminate/Foundation/Http/Middleware/TransformsRequest.php(31): Illuminate\\Routing\\Pipeline->Illuminate\\Routing\\{closure}(Object(Illuminate\\Http\\Request))
#34 /var/www/www-root/data/www/randevumcepte/vendor/laravel/framework/src/Illuminate/Pipeline/Pipeline.php(151): Illuminate\\Foundation\\Http\\Middleware\\TransformsRequest->handle(Object(Illuminate\\Http\\Request), Object(Closure))
#35 /var/www/www-root/data/www/randevumcepte/vendor/laravel/framework/src/Illuminate/Routing/Pipeline.php(53): Illuminate\\Pipeline\\Pipeline->Illuminate\\Pipeline\\{closure}(Object(Illuminate\\Http\\Request))
#36 /var/www/www-root/data/www/randevumcepte/vendor/laravel/framework/src/Illuminate/Foundation/Http/Middleware/ValidatePostSize.php(27): Illuminate\\Routing\\Pipeline->Illuminate\\Routing\\{closure}(Object(Illuminate\\Http\\Request))
#37 /var/www/www-root/data/www/randevumcepte/vendor/laravel/framework/src/Illuminate/Pipeline/Pipeline.php(151): Illuminate\\Foundation\\Http\\Middleware\\ValidatePostSize->handle(Object(Illuminate\\Http\\Request), Object(Closure))
#38 /var/www/www-root/data/www/randevumcepte/vendor/laravel/framework/src/Illuminate/Routing/Pipeline.php(53): Illuminate\\Pipeline\\Pipeline->Illuminate\\Pipeline\\{closure}(Object(Illuminate\\Http\\Request))
#39 /var/www/www-root/data/www/randevumcepte/vendor/laravel/framework/src/Illuminate/Foundation/Http/Middleware/CheckForMaintenanceMode.php(62): Illuminate\\Routing\\Pipeline->Illuminate\\Routing\\{closure}(Object(Illuminate\\Http\\Request))
#40 /var/www/www-root/data/www/randevumcepte/vendor/laravel/framework/src/Illuminate/Pipeline/Pipeline.php(151): Illuminate\\Foundation\\Http\\Middleware\\CheckForMaintenanceMode->handle(Object(Illuminate\\Http\\Request), Object(Closure))
#41 /var/www/www-root/data/www/randevumcepte/vendor/laravel/framework/src/Illuminate/Routing/Pipeline.php(53): Illuminate\\Pipeline\\Pipeline->Illuminate\\Pipeline\\{closure}(Object(Illuminate\\Http\\Request))
#42 /var/www/www-root/data/www/randevumcepte/vendor/laravel/framework/src/Illuminate/Pipeline/Pipeline.php(104): Illuminate\\Routing\\Pipeline->Illuminate\\Routing\\{closure}(Object(Illuminate\\Http\\Request))
#43 /var/www/www-root/data/www/randevumcepte/vendor/laravel/framework/src/Illuminate/Foundation/Http/Kernel.php(151): Illuminate\\Pipeline\\Pipeline->then(Object(Closure))
#44 /var/www/www-root/data/www/randevumcepte/vendor/laravel/framework/src/Illuminate/Foundation/Http/Kernel.php(116): Illuminate\\Foundation\\Http\\Kernel->sendRequestThroughRouter(Object(Illuminate\\Http\\Request))
#45 /var/www/www-root/data/www/randevumcepte/public/index.php(52): Illuminate\\Foundation\\Http\\Kernel->handle(Object(Illuminate\\Http\\Request))
#46 /var/www/www-root/data/www/randevumcepte/index.php(20): require_once('/var/www/www-ro...')
#47 {main}
"} 
[2026-07-01 22:57:02] local.INFO: [RND-SMS] cron tick {"simdi":"01.07.2026 22:57","aday_randevu_sayisi":566} 
[2026-07-01 22:57:04] local.INFO: [ALACAK-ARAMA] kontrol basladi. dk=2026-07-01 22:57  
[2026-07-01 22:57:04] local.INFO: [ALACAK-ARAMA] aranacak alacak yok.  
[2026-07-01 22:57:04] local.INFO: 💊 İlaç kontrol zamanı: 22:57  
[2026-07-01 22:57:04] local.INFO: 💊 Tetiklenen ilaç: abcd  
[2026-07-01 22:57:04] local.ERROR: Target [Illuminate\Contracts\Bus\Dispatcher] is not instantiable. {"exception":"[object] (Illuminate\\Contracts\\Container\\BindingResolutionException(code: 0): Target [Illuminate\\Contracts\\Bus\\Dispatcher] is not instantiable. at /var/www/www-root/data/www/randevumcepte/vendor/laravel/framework/src/Illuminate/Container/Container.php:933)
[stacktrace]
#0 /var/www/www-root/data/www/randevumcepte/vendor/laravel/framework/src/Illuminate/Container/Container.php(773): Illuminate\\Container\\Container->notInstantiable('Illuminate\\\\Cont...')
#1 /var/www/www-root/data/www/randevumcepte/vendor/laravel/framework/src/Illuminate/Container/Container.php(646): Illuminate\\Container\\Container->build('Illuminate\\\\Cont...')
#2 /var/www/www-root/data/www/randevumcepte/vendor/laravel/framework/src/Illuminate/Container/Container.php(601): Illuminate\\Container\\Container->resolve('Illuminate\\\\Cont...', Array)
#3 /var/www/www-root/data/www/randevumcepte/vendor/laravel/framework/src/Illuminate/Foundation/Application.php(734): Illuminate\\Container\\Container->make('Illuminate\\\\Cont...', Array)
#4 /var/www/www-root/data/www/randevumcepte/vendor/laravel/framework/src/Illuminate/Foundation/helpers.php(119): Illuminate\\Foundation\\Application->make('Illuminate\\\\Cont...', Array)
#5 /var/www/www-root/data/www/randevumcepte/vendor/laravel/framework/src/Illuminate/Foundation/Bus/PendingDispatch.php(112): app('Illuminate\\\\Cont...')
#6 /var/www/www-root/data/www/randevumcepte/app/Console/Commands/IlacHatirlatmalari.php(33): Illuminate\\Foundation\\Bus\\PendingDispatch->__destruct()
#7 /var/www/www-root/data/www/randevumcepte/vendor/laravel/framework/src/Illuminate/Database/Concerns/BuildsQueries.php(39): App\\Console\\Commands\\IlacHatirlatmalari->App\\Console\\Commands\\{closure}(Object(Illuminate\\Database\\Eloquent\\Collection), 1)
#8 /var/www/www-root/data/www/randevumcepte/app/Console/Commands/IlacHatirlatmalari.php(36): Illuminate\\Database\\Eloquent\\Builder->chunk(500, Object(Closure))
#9 [internal function]: App\\Console\\Commands\\IlacHatirlatmalari->handle()
#10 /var/www/www-root/data/www/randevumcepte/vendor/laravel/framework/src/Illuminate/Container/BoundMethod.php(29): call_user_func_array(Array, Array)
#11 /var/www/www-root/data/www/randevumcepte/vendor/laravel/framework/src/Illuminate/Container/BoundMethod.php(87): Illuminate\\Container\\BoundMethod::Illuminate\\Container\\{closure}()
#12 /var/www/www-root/data/www/randevumcepte/vendor/laravel/framework/src/Illuminate/Container/BoundMethod.php(31): Illuminate\\Container\\BoundMethod::callBoundMethod(Object(Illuminate\\Foundation\\Application), Array, Object(Closure))
#13 /var/www/www-root/data/www/randevumcepte/vendor/laravel/framework/src/Illuminate/Container/Container.php(564): Illuminate\\Container\\BoundMethod::call(Object(Illuminate\\Foundation\\Application), Array, Array, NULL)
#14 /var/www/www-root/data/www/randevumcepte/vendor/laravel/framework/src/Illuminate/Console/Command.php(179): Illuminate\\Container\\Container->call(Array)
#15 /var/www/www-root/data/www/randevumcepte/vendor/symfony/console/Command/Command.php(255): Illuminate\\Console\\Command->execute(Object(Symfony\\Component\\Console\\Input\\ArgvInput), Object(Illuminate\\Console\\OutputStyle))
#16 /var/www/www-root/data/www/randevumcepte/vendor/laravel/framework/src/Illuminate/Console/Command.php(166): Symfony\\Component\\Console\\Command\\Command->run(Object(Symfony\\Component\\Console\\Input\\ArgvInput), Object(Illuminate\\Console\\OutputStyle))
#17 /var/www/www-root/data/www/randevumcepte/vendor/symfony/console/Application.php(1021): Illuminate\\Console\\Command->run(Object(Symfony\\Component\\Console\\Input\\ArgvInput), Object(Symfony\\Component\\Console\\Output\\ConsoleOutput))
#18 /var/www/www-root/data/www/randevumcepte/vendor/symfony/console/Application.php(275): Symfony\\Component\\Console\\Application->doRunCommand(Object(App\\Console\\Commands\\IlacHatirlatmalari), Object(Symfony\\Component\\Console\\Input\\ArgvInput), Object(Symfony\\Component\\Console\\Output\\ConsoleOutput))
#19 /var/www/www-root/data/www/randevumcepte/vendor/symfony/console/Application.php(149): Symfony\\Component\\Console\\Application->doRun(Object(Symfony\\Component\\Console\\Input\\ArgvInput), Object(Symfony\\Component\\Console\\Output\\ConsoleOutput))
#20 /var/www/www-root/data/www/randevumcepte/vendor/laravel/framework/src/Illuminate/Console/Application.php(89): Symfony\\Component\\Console\\Application->run(Object(Symfony\\Component\\Console\\Input\\ArgvInput), Object(Symfony\\Component\\Console\\Output\\ConsoleOutput))
#21 /var/www/www-root/data/www/randevumcepte/vendor/laravel/framework/src/Illuminate/Foundation/Console/Kernel.php(122): Illuminate\\Console\\Application->run(Object(Symfony\\Component\\Console\\Input\\ArgvInput), Object(Symfony\\Component\\Console\\Output\\ConsoleOutput))
#22 /var/www/www-root/data/www/randevumcepte/artisan(35): Illuminate\\Foundation\\Console\\Kernel->handle(Object(Symfony\\Component\\Console\\Input\\ArgvInput), Object(Symfony\\Component\\Console\\Output\\ConsoleOutput))
#23 {main}
"} 
[2026-07-01 22:57:11] local.ERROR: Trying to get property 'id' of non-object {"exception":"[object] (ErrorException(code: 0): Trying to get property 'id' of non-object at /var/www/www-root/data/www/randevumcepte/app/Http/Controllers/HomeController.php:299)
[stacktrace]
#0 /var/www/www-root/data/www/randevumcepte/app/Http/Controllers/HomeController.php(299): Illuminate\\Foundation\\Bootstrap\\HandleExceptions->handleError(8, 'Trying to get p...', '/var/www/www-ro...', 299, Array)
#1 [internal function]: App\\Http\\Controllers\\HomeController->salonDetay(Object(Illuminate\\Http\\Request))
#2 /var/www/www-root/data/www/randevumcepte/vendor/laravel/framework/src/Illuminate/Routing/Controller.php(54): call_user_func_array(Array, Array)
#3 /var/www/www-root/data/www/randevumcepte/vendor/laravel/framework/src/Illuminate/Routing/ControllerDispatcher.php(45): Illuminate\\Routing\\Controller->callAction('salonDetay', Array)
#4 /var/www/www-root/data/www/randevumcepte/vendor/laravel/framework/src/Illuminate/Routing/Route.php(212): Illuminate\\Routing\\ControllerDispatcher->dispatch(Object(Illuminate\\Routing\\Route), Object(App\\Http\\Controllers\\HomeController), 'salonDetay')
#5 /var/www/www-root/data/www/randevumcepte/vendor/laravel/framework/src/Illuminate/Routing/Route.php(169): Illuminate\\Routing\\Route->runController()
#6 /var/www/www-root/data/www/randevumcepte/vendor/laravel/framework/src/Illuminate/Routing/Router.php(665): Illuminate\\Routing\\Route->run()
#7 /var/www/www-root/data/www/randevumcepte/vendor/laravel/framework/src/Illuminate/Routing/Pipeline.php(30): Illuminate\\Routing\\Router->Illuminate\\Routing\\{closure}(Object(Illuminate\\Http\\Request))
#8 /var/www/www-root/data/www/randevumcepte/app/Http/Middleware/RedirectIfAuthenticated.php(33): Illuminate\\Routing\\Pipeline->Illuminate\\Routing\\{closure}(Object(Illuminate\\Http\\Request))
#9 /var/www/www-root/data/www/randevumcepte/vendor/laravel/framework/src/Illuminate/Pipeline/Pipeline.php(151): App\\Http\\Middleware\\RedirectIfAuthenticated->handle(Object(Illuminate\\Http\\Request), Object(Closure))
#10 /var/www/www-root/data/www/randevumcepte/vendor/laravel/framework/src/Illuminate/Routing/Pipeline.php(53): Illuminate\\Pipeline\\Pipeline->Illuminate\\Pipeline\\{closure}(Object(Illuminate\\Http\\Request))
#11 /var/www/www-root/data/www/randevumcepte/vendor/htmlmin/htmlmin/src/Http/Middleware/MinifyMiddleware.php(55): Illuminate\\Routing\\Pipeline->Illuminate\\Routing\\{closure}(Object(Illuminate\\Http\\Request))
#12 /var/www/www-root/data/www/randevumcepte/vendor/laravel/framework/src/Illuminate/Pipeline/Pipeline.php(151): HTMLMin\\HTMLMin\\Http\\Middleware\\MinifyMiddleware->handle(Object(Illuminate\\Http\\Request), Object(Closure))
#13 /var/www/www-root/data/www/randevumcepte/vendor/laravel/framework/src/Illuminate/Routing/Pipeline.php(53): Illuminate\\Pipeline\\Pipeline->Illuminate\\Pipeline\\{closure}(Object(Illuminate\\Http\\Request))
#14 /var/www/www-root/data/www/randevumcepte/vendor/laravel/framework/src/Illuminate/Routing/Middleware/SubstituteBindings.php(41): Illuminate\\Routing\\Pipeline->Illuminate\\Routing\\{closure}(Object(Illuminate\\Http\\Request))
#15 /var/www/www-root/data/www/randevumcepte/vendor/laravel/framework/src/Illuminate/Pipeline/Pipeline.php(151): Illuminate\\Routing\\Middleware\\SubstituteBindings->handle(Object(Illuminate\\Http\\Request), Object(Closure))
#16 /var/www/www-root/data/www/randevumcepte/vendor/laravel/framework/src/Illuminate/Routing/Pipeline.php(53): Illuminate\\Pipeline\\Pipeline->Illuminate\\Pipeline\\{closure}(Object(Illuminate\\Http\\Request))
#17 /var/www/www-root/data/www/randevumcepte/app/Http/Middleware/AuthenticateSession.php(42): Illuminate\\Routing\\Pipeline->Illuminate\\Routing\\{closure}(Object(Illuminate\\Http\\Request))
#18 /var/www/www-root/data/www/randevumcepte/vendor/laravel/framework/src/Illuminate/Pipeline/Pipeline.php(151): App\\Http\\Middleware\\AuthenticateSession->handle(Object(Illuminate\\Http\\Request), Object(Closure))
#19 /var/www/www-root/data/www/randevumcepte/vendor/laravel/framework/src/Illuminate/Routing/Pipeline.php(53): Illuminate\\Pipeline\\Pipeline->Illuminate\\Pipeline\\{closure}(Object(Illuminate\\Http\\Request))
#20 /var/www/www-root/data/www/randevumcepte/vendor/laravel/framework/src/Illuminate/Foundation/Http/Middleware/VerifyCsrfToken.php(68): Illuminate\\Routing\\Pipeline->Illuminate\\Routing\\{closure}(Object(Illuminate\\Http\\Request))
#21 /var/www/www-root/data/www/randevumcepte/vendor/laravel/framework/src/Illuminate/Pipeline/Pipeline.php(151): Illuminate\\Foundation\\Http\\Middleware\\VerifyCsrfToken->handle(Object(Illuminate\\Http\\Request), Object(Closure))
#22 /var/www/www-root/data/www/randevumcepte/vendor/laravel/framework/src/Illuminate/Routing/Pipeline.php(53): Illuminate\\Pipeline\\Pipeline->Illuminate\\Pipeline\\{closure}(Object(Illuminate\\Http\\Request))
#23 /var/www/www-root/data/www/randevumcepte/vendor/laravel/framework/src/Illuminate/View/Middleware/ShareErrorsFromSession.php(49): Illuminate\\Routing\\Pipeline->Illuminate\\Routing\\{closure}(Object(Illuminate\\Http\\Request))
#24 /var/www/www-root/data/www/randevumcepte/vendor/laravel/framework/src/Illuminate/Pipeline/Pipeline.php(151): Illuminate\\View\\Middleware\\ShareErrorsFromSession->handle(Object(Illuminate\\Http\\Request), Object(Closure))
#25 /var/www/www-root/data/www/randevumcepte/vendor/laravel/framework/src/Illuminate/Routing/Pipeline.php(53): Illuminate\\Pipeline\\Pipeline->Illuminate\\Pipeline\\{closure}(Object(Illuminate\\Http\\Request))
#26 /var/www/www-root/data/www/randevumcepte/vendor/laravel/framework/src/Illuminate/Session/Middleware/StartSession.php(63): Illuminate\\Routing\\Pipeline->Illuminate\\Routing\\{closure}(Object(Illuminate\\Http\\Request))
#27 /var/www/www-root/data/www/randevumcepte/vendor/laravel/framework/src/Illuminate/Pipeline/Pipeline.php(151): Illuminate\\Session\\Middleware\\StartSession->handle(Object(Illuminate\\Http\\Request), Object(Closure))
#28 /var/www/www-root/data/www/randevumcepte/vendor/laravel/framework/src/Illuminate/Routing/Pipeline.php(53): Illuminate\\Pipeline\\Pipeline->Illuminate\\Pipeline\\{closure}(Object(Illuminate\\Http\\Request))
#29 /var/www/www-root/data/www/randevumcepte/vendor/laravel/framework/src/Illuminate/Cookie/Middleware/AddQueuedCookiesToResponse.php(37): Illuminate\\Routing\\Pipeline->Illuminate\\Routing\\{closure}(Object(Illuminate\\Http\\Request))
#30 /var/www/www-root/data/www/randevumcepte/vendor/laravel/framework/src/Illuminate/Pipeline/Pipeline.php(151): Illuminate\\Cookie\\Middleware\\AddQueuedCookiesToResponse->handle(Object(Illuminate\\Http\\Request), Object(Closure))
#31 /var/www/www-root/data/www/randevumcepte/vendor/laravel/framework/src/Illuminate/Routing/Pipeline.php(53): Illuminate\\Pipeline\\Pipeline->Illuminate\\Pipeline\\{closure}(Object(Illuminate\\Http\\Request))
#32 /var/www/www-root/data/www/randevumcepte/vendor/laravel/framework/src/Illuminate/Cookie/Middleware/EncryptCookies.php(66): Illuminate\\Routing\\Pipeline->Illuminate\\Routing\\{closure}(Object(Illuminate\\Http\\Request))
#33 /var/www/www-root/data/www/randevumcepte/vendor/laravel/framework/src/Illuminate/Pipeline/Pipeline.php(151): Illuminate\\Cookie\\Middleware\\EncryptCookies->handle(Object(Illuminate\\Http\\Request), Object(Closure))
#34 /var/www/www-root/data/www/randevumcepte/vendor/laravel/framework/src/Illuminate/Routing/Pipeline.php(53): Illuminate\\Pipeline\\Pipeline->Illuminate\\Pipeline\\{closure}(Object(Illuminate\\Http\\Request))
#35 /var/www/www-root/data/www/randevumcepte/app/Http/Middleware/LogRequestPerformance.php(13): Illuminate\\Routing\\Pipeline->Illuminate\\Routing\\{closure}(Object(Illuminate\\Http\\Request))
#36 /var/www/www-root/data/www/randevumcepte/vendor/laravel/framework/src/Illuminate/Pipeline/Pipeline.php(151): App\\Http\\Middleware\\LogRequestPerformance->handle(Object(Illuminate\\Http\\Request), Object(Closure))
#37 /var/www/www-root/data/www/randevumcepte/vendor/laravel/framework/src/Illuminate/Routing/Pipeline.php(53): Illuminate\\Pipeline\\Pipeline->Illuminate\\Pipeline\\{closure}(Object(Illuminate\\Http\\Request))
#38 /var/www/www-root/data/www/randevumcepte/vendor/laravel/framework/src/Illuminate/Pipeline/Pipeline.php(104): Illuminate\\Routing\\Pipeline->Illuminate\\Routing\\{closure}(Object(Illuminate\\Http\\Request))
#39 /var/www/www-root/data/www/randevumcepte/vendor/laravel/framework/src/Illuminate/Routing/Router.php(667): Illuminate\\Pipeline\\Pipeline->then(Object(Closure))
#40 /var/www/www-root/data/www/randevumcepte/vendor/laravel/framework/src/Illuminate/Routing/Router.php(642): Illuminate\\Routing\\Router->runRouteWithinStack(Object(Illuminate\\Routing\\Route), Object(Illuminate\\Http\\Request))
#41 /var/www/www-root/data/www/randevumcepte/vendor/laravel/framework/src/Illuminate/Routing/Router.php(608): Illuminate\\Routing\\Router->runRoute(Object(Illuminate\\Http\\Request), Object(Illuminate\\Routing\\Route))
#42 /var/www/www-root/data/www/randevumcepte/vendor/laravel/framework/src/Illuminate/Routing/Router.php(597): Illuminate\\Routing\\Router->dispatchToRoute(Object(Illuminate\\Http\\Request))
#43 /var/www/www-root/data/www/randevumcepte/vendor/laravel/framework/src/Illuminate/Foundation/Http/Kernel.php(176): Illuminate\\Routing\\Router->dispatch(Object(Illuminate\\Http\\Request))
#44 /var/www/www-root/data/www/randevumcepte/vendor/laravel/framework/src/Illuminate/Routing/Pipeline.php(30): Illuminate\\Foundation\\Http\\Kernel->Illuminate\\Foundation\\Http\\{closure}(Object(Illuminate\\Http\\Request))
#45 /var/www/www-root/data/www/randevumcepte/vendor/barryvdh/laravel-debugbar/src/Middleware/InjectDebugbar.php(58): Illuminate\\Routing\\Pipeline->Illuminate\\Routing\\{closure}(Object(Illuminate\\Http\\Request))
#46 /var/www/www-root/data/www/randevumcepte/vendor/laravel/framework/src/Illuminate/Pipeline/Pipeline.php(151): Barryvdh\\Debugbar\\Middleware\\InjectDebugbar->handle(Object(Illuminate\\Http\\Request), Object(Closure))
#47 /var/www/www-root/data/www/randevumcepte/vendor/laravel/framework/src/Illuminate/Routing/Pipeline.php(53): Illuminate\\Pipeline\\Pipeline->Illuminate\\Pipeline\\{closure}(Object(Illuminate\\Http\\Request))
#48 /var/www/www-root/data/www/randevumcepte/vendor/laravel/framework/src/Illuminate/Foundation/Http/Middleware/TransformsRequest.php(31): Illuminate\\Routing\\Pipeline->Illuminate\\Routing\\{closure}(Object(Illuminate\\Http\\Request))
#49 /var/www/www-root/data/www/randevumcepte/vendor/laravel/framework/src/Illuminate/Pipeline/Pipeline.php(151): Illuminate\\Foundation\\Http\\Middleware\\TransformsRequest->handle(Object(Illuminate\\Http\\Request), Object(Closure))
#50 /var/www/www-root/data/www/randevumcepte/vendor/laravel/framework/src/Illuminate/Routing/Pipeline.php(53): Illuminate\\Pipeline\\Pipeline->Illuminate\\Pipeline\\{closure}(Object(Illuminate\\Http\\Request))
#51 /var/www/www-root/data/www/randevumcepte/vendor/laravel/framework/src/Illuminate/Foundation/Http/Middleware/TransformsRequest.php(31): Illuminate\\Routing\\Pipeline->Illuminate\\Routing\\{closure}(Object(Illuminate\\Http\\Request))
#52 /var/www/www-root/data/www/randevumcepte/vendor/laravel/framework/src/Illuminate/Pipeline/Pipeline.php(151): Illuminate\\Foundation\\Http\\Middleware\\TransformsRequest->handle(Object(Illuminate\\Http\\Request), Object(Closure))
#53 /var/www/www-root/data/www/randevumcepte/vendor/laravel/framework/src/Illuminate/Routing/Pipeline.php(53): Illuminate\\Pipeline\\Pipeline->Illuminate\\Pipeline\\{closure}(Object(Illuminate\\Http\\Request))
#54 /var/www/www-root/data/www/randevumcepte/vendor/laravel/framework/src/Illuminate/Foundation/Http/Middleware/ValidatePostSize.php(27): Illuminate\\Routing\\Pipeline->Illuminate\\Routing\\{closure}(Object(Illuminate\\Http\\Request))
#55 /var/www/www-root/data/www/randevumcepte/vendor/laravel/framework/src/Illuminate/Pipeline/Pipeline.php(151): Illuminate\\Foundation\\Http\\Middleware\\ValidatePostSize->handle(Object(Illuminate\\Http\\Request), Object(Closure))
#56 /var/www/www-root/data/www/randevumcepte/vendor/laravel/framework/src/Illuminate/Routing/Pipeline.php(53): Illuminate\\Pipeline\\Pipeline->Illuminate\\Pipeline\\{closure}(Object(Illuminate\\Http\\Request))
#57 /var/www/www-root/data/www/randevumcepte/vendor/laravel/framework/src/Illuminate/Foundation/Http/Middleware/CheckForMaintenanceMode.php(62): Illuminate\\Routing\\Pipeline->Illuminate\\Routing\\{closure}(Object(Illuminate\\Http\\Request))
#58 /var/www/www-root/data/www/randevumcepte/vendor/laravel/framework/src/Illuminate/Pipeline/Pipeline.php(151): Illuminate\\Foundation\\Http\\Middleware\\CheckForMaintenanceMode->handle(Object(Illuminate\\Http\\Request), Object(Closure))
#59 /var/www/www-root/data/www/randevumcepte/vendor/laravel/framework/src/Illuminate/Routing/Pipeline.php(53): Illuminate\\Pipeline\\Pipeline->Illuminate\\Pipeline\\{closure}(Object(Illuminate\\Http\\Request))
#60 /var/www/www-root/data/www/randevumcepte/vendor/laravel/framework/src/Illuminate/Pipeline/Pipeline.php(104): Illuminate\\Routing\\Pipeline->Illuminate\\Routing\\{closure}(Object(Illuminate\\Http\\Request))
#61 /var/www/www-root/data/www/randevumcepte/vendor/laravel/framework/src/Illuminate/Foundation/Http/Kernel.php(151): Illuminate\\Pipeline\\Pipeline->then(Object(Closure))
#62 /var/www/www-root/data/www/randevumcepte/vendor/laravel/framework/src/Illuminate/Foundation/Http/Kernel.php(116): Illuminate\\Foundation\\Http\\Kernel->sendRequestThroughRouter(Object(Illuminate\\Http\\Request))
#63 /var/www/www-root/data/www/randevumcepte/public/index.php(52): Illuminate\\Foundation\\Http\\Kernel->handle(Object(Illuminate\\Http\\Request))
#64 /var/www/www-root/data/www/randevumcepte/index.php(20): require_once('/var/www/www-ro...')
#65 {main}
"} 
[2026-07-01 22:57:16] local.WARNING: SalonHatirlatma [acikAdisyonEski] hata: SQLSTATE[42S22]: Column not found: 1054 Unknown column 'toplam_tutar' in 'SELECT' (SQL: select `adisyon_id`, SUM(IFNULL(toplam_tutar,IFNULL(birim_tutar,0))) as t from `adisyon_hizmetler` where `adisyon_id` in (524883, 524885, 524887, 524888, 524889, 524892, 524894, 524896, 524897, 524899, 524900, 524901, 524902, 524905, 524906, 524907, 524909, 524912, 524913, 524914, 524915, 524916, 524918, 524923, 524924, 524925, 524926, 524928, 524929, 524931, 524932, 524933, 524934, 524935, 524936, 524937, 524938, 524939, 524940, 524941, 524942, 524943, 524944, 524945, 524946, 524947, 524948, 524950, 524951, 524952, 524953, 524954, 524955, 524956, 524957, 524959, 524960, 524962, 524963, 524964, 524965, 524966, 524967, 524968, 524969, 524970, 524971, 524974, 524975, 524976, 524977, 524978, 524979, 524980, 524982, 524983, 524984, 524985, 524987, 524990, 524991, 524992, 524994, 524996, 524997, 524998, 524999, 525000, 525001, 525002, 525003, 525004, 525005, 525006, 525007, 525008, 525009, 525010, 525011, 525012) group by `adisyon_id`)  
[2026-07-01 22:57:36] local.WARNING: SalonHatirlatma [acikAdisyonEski] hata: SQLSTATE[42S22]: Column not found: 1054 Unknown column 'toplam_tutar' in 'SELECT' (SQL: select `adisyon_id`, SUM(IFNULL(toplam_tutar,IFNULL(birim_tutar,0))) as t from `adisyon_hizmetler` where `adisyon_id` in (524883, 524885, 524887, 524888, 524889, 524892, 524894, 524896, 524897, 524899, 524900, 524901, 524902, 524905, 524906, 524907, 524909, 524912, 524913, 524914, 524915, 524916, 524918, 524923, 524924, 524925, 524926, 524928, 524929, 524931, 524932, 524933, 524934, 524935, 524936, 524937, 524938, 524939, 524940, 524941, 524942, 524943, 524944, 524945, 524946, 524947, 524948, 524950, 524951, 524952, 524953, 524954, 524955, 524956, 524957, 524959, 524960, 524962, 524963, 524964, 524965, 524966, 524967, 524968, 524969, 524970, 524971, 524974, 524975, 524976, 524977, 524978, 524979, 524980, 524982, 524983, 524984, 524985, 524987, 524990, 524991, 524992, 524994, 524996, 524997, 524998, 524999, 525000, 525001, 525002, 525003, 525004, 525005, 525006, 525007, 525008, 525009, 525010, 525011, 525012) group by `adisyon_id`)  
[2026-07-01 22:57:56] local.WARNING: SalonHatirlatma [acikAdisyonEski] hata: SQLSTATE[42S22]: Column not found: 1054 Unknown column 'toplam_tutar' in 'SELECT' (SQL: select `adisyon_id`, SUM(IFNULL(toplam_tutar,IFNULL(birim_tutar,0))) as t from `adisyon_hizmetler` where `adisyon_id` in (524883, 524885, 524887, 524888, 524889, 524892, 524894, 524896, 524897, 524899, 524900, 524901, 524902, 524905, 524906, 524907, 524909, 524912, 524913, 524914, 524915, 524916, 524918, 524923, 524924, 524925, 524926, 524928, 524929, 524931, 524932, 524933, 524934, 524935, 524936, 524937, 524938, 524939, 524940, 524941, 524942, 524943, 524944, 524945, 524946, 524947, 524948, 524950, 524951, 524952, 524953, 524954, 524955, 524956, 524957, 524959, 524960, 524962, 524963, 524964, 524965, 524966, 524967, 524968, 524969, 524970, 524971, 524974, 524975, 524976, 524977, 524978, 524979, 524980, 524982, 524983, 524984, 524985, 524987, 524990, 524991, 524992, 524994, 524996, 524997, 524998, 524999, 525000, 525001, 525002, 525003, 525004, 525005, 525006, 525007, 525008, 525009, 525010, 525011, 525012) group by `adisyon_id`)  
[2026-07-01 22:58:02] local.INFO: [RND-SMS] cron tick {"simdi":"01.07.2026 22:58","aday_randevu_sayisi":566} 
[2026-07-01 22:58:03] local.INFO: [ALACAK-ARAMA] kontrol basladi. dk=2026-07-01 22:58  
[2026-07-01 22:58:03] local.INFO: [ALACAK-ARAMA] aranacak alacak yok.  
[2026-07-01 22:58:03] local.INFO: 💊 İlaç kontrol zamanı: 22:58  
[2026-07-01 22:58:16] local.WARNING: SalonHatirlatma [acikAdisyonEski] hata: SQLSTATE[42S22]: Column not found: 1054 Unknown column 'toplam_tutar' in 'SELECT' (SQL: select `adisyon_id`, SUM(IFNULL(toplam_tutar,IFNULL(birim_tutar,0))) as t from `adisyon_hizmetler` where `adisyon_id` in (524883, 524885, 524887, 524888, 524889, 524892, 524894, 524896, 524897, 524899, 524900, 524901, 524902, 524905, 524906, 524907, 524909, 524912, 524913, 524914, 524915, 524916, 524918, 524923, 524924, 524925, 524926, 524928, 524929, 524931, 524932, 524933, 524934, 524935, 524936, 524937, 524938, 524939, 524940, 524941, 524942, 524943, 524944, 524945, 524946, 524947, 524948, 524950, 524951, 524952, 524953, 524954, 524955, 524956, 524957, 524959, 524960, 524962, 524963, 524964, 524965, 524966, 524967, 524968, 524969, 524970, 524971, 524974, 524975, 524976, 524977, 524978, 524979, 524980, 524982, 524983, 524984, 524985, 524987, 524990, 524991, 524992, 524994, 524996, 524997, 524998, 524999, 525000, 525001, 525002, 525003, 525004, 525005, 525006, 525007, 525008, 525009, 525010, 525011, 525012) group by `adisyon_id`)  
[2026-07-01 22:58:36] local.WARNING: SalonHatirlatma [acikAdisyonEski] hata: SQLSTATE[42S22]: Column not found: 1054 Unknown column 'toplam_tutar' in 'SELECT' (SQL: select `adisyon_id`, SUM(IFNULL(toplam_tutar,IFNULL(birim_tutar,0))) as t from `adisyon_hizmetler` where `adisyon_id` in (524883, 524885, 524887, 524888, 524889, 524892, 524894, 524896, 524897, 524899, 524900, 524901, 524902, 524905, 524906, 524907, 524909, 524912, 524913, 524914, 524915, 524916, 524918, 524923, 524924, 524925, 524926, 524928, 524929, 524931, 524932, 524933, 524934, 524935, 524936, 524937, 524938, 524939, 524940, 524941, 524942, 524943, 524944, 524945, 524946, 524947, 524948, 524950, 524951, 524952, 524953, 524954, 524955, 524956, 524957, 524959, 524960, 524962, 524963, 524964, 524965, 524966, 524967, 524968, 524969, 524970, 524971, 524974, 524975, 524976, 524977, 524978, 524979, 524980, 524982, 524983, 524984, 524985, 524987, 524990, 524991, 524992, 524994, 524996, 524997, 524998, 524999, 525000, 525001, 525002, 525003, 525004, 525005, 525006, 525007, 525008, 525009, 525010, 525011, 525012) group by `adisyon_id`)  
[2026-07-01 22:58:50] local.ERROR: Trying to get property 'id' of non-object {"exception":"[object] (ErrorException(code: 0): Trying to get property 'id' of non-object at /var/www/www-root/data/www/randevumcepte/app/Http/Controllers/HomeController.php:389)
[stacktrace]
#0 /var/www/www-root/data/www/randevumcepte/app/Http/Controllers/HomeController.php(389): Illuminate\\Foundation\\Bootstrap\\HandleExceptions->handleError(8, 'Trying to get p...', '/var/www/www-ro...', 389, Array)
#1 [internal function]: App\\Http\\Controllers\\HomeController->salonDetay_anasayfa(Object(Illuminate\\Http\\Request), 'wp', 'content')
#2 /var/www/www-root/data/www/randevumcepte/vendor/laravel/framework/src/Illuminate/Routing/Controller.php(54): call_user_func_array(Array, Array)
#3 /var/www/www-root/data/www/randevumcepte/vendor/laravel/framework/src/Illuminate/Routing/ControllerDispatcher.php(45): Illuminate\\Routing\\Controller->callAction('salonDetay_anas...', Array)
#4 /var/www/www-root/data/www/randevumcepte/vendor/laravel/framework/src/Illuminate/Routing/Route.php(212): Illuminate\\Routing\\ControllerDispatcher->dispatch(Object(Illuminate\\Routing\\Route), Object(App\\Http\\Controllers\\HomeController), 'salonDetay_anas...')
#5 /var/www/www-root/data/www/randevumcepte/vendor/laravel/framework/src/Illuminate/Routing/Route.php(169): Illuminate\\Routing\\Route->runController()
#6 /var/www/www-root/data/www/randevumcepte/vendor/laravel/framework/src/Illuminate/Routing/Router.php(665): Illuminate\\Routing\\Route->run()
#7 /var/www/www-root/data/www/randevumcepte/vendor/laravel/framework/src/Illuminate/Routing/Pipeline.php(30): Illuminate\\Routing\\Router->Illuminate\\Routing\\{closure}(Object(Illuminate\\Http\\Request))
#8 /var/www/www-root/data/www/randevumcepte/app/Http/Middleware/RedirectIfAuthenticated.php(33): Illuminate\\Routing\\Pipeline->Illuminate\\Routing\\{closure}(Object(Illuminate\\Http\\Request))
#9 /var/www/www-root/data/www/randevumcepte/vendor/laravel/framework/src/Illuminate/Pipeline/Pipeline.php(151): App\\Http\\Middleware\\RedirectIfAuthenticated->handle(Object(Illuminate\\Http\\Request), Object(Closure))
#10 /var/www/www-root/data/www/randevumcepte/vendor/laravel/framework/src/Illuminate/Routing/Pipeline.php(53): Illuminate\\Pipeline\\Pipeline->Illuminate\\Pipeline\\{closure}(Object(Illuminate\\Http\\Request))
#11 /var/www/www-root/data/www/randevumcepte/vendor/htmlmin/htmlmin/src/Http/Middleware/MinifyMiddleware.php(55): Illuminate\\Routing\\Pipeline->Illuminate\\Routing\\{closure}(Object(Illuminate\\Http\\Request))
#12 /var/www/www-root/data/www/randevumcepte/vendor/laravel/framework/src/Illuminate/Pipeline/Pipeline.php(151): HTMLMin\\HTMLMin\\Http\\Middleware\\MinifyMiddleware->handle(Object(Illuminate\\Http\\Request), Object(Closure))
#13 /var/www/www-root/data/www/randevumcepte/vendor/laravel/framework/src/Illuminate/Routing/Pipeline.php(53): Illuminate\\Pipeline\\Pipeline->Illuminate\\Pipeline\\{closure}(Object(Illuminate\\Http\\Request))
#14 /var/www/www-root/data/www/randevumcepte/vendor/laravel/framework/src/Illuminate/Routing/Middleware/SubstituteBindings.php(41): Illuminate\\Routing\\Pipeline->Illuminate\\Routing\\{closure}(Object(Illuminate\\Http\\Request))
#15 /var/www/www-root/data/www/randevumcepte/vendor/laravel/framework/src/Illuminate/Pipeline/Pipeline.php(151): Illuminate\\Routing\\Middleware\\SubstituteBindings->handle(Object(Illuminate\\Http\\Request), Object(Closure))
#16 /var/www/www-root/data/www/randevumcepte/vendor/laravel/framework/src/Illuminate/Routing/Pipeline.php(53): Illuminate\\Pipeline\\Pipeline->Illuminate\\Pipeline\\{closure}(Object(Illuminate\\Http\\Request))
#17 /var/www/www-root/data/www/randevumcepte/app/Http/Middleware/AuthenticateSession.php(42): Illuminate\\Routing\\Pipeline->Illuminate\\Routing\\{closure}(Object(Illuminate\\Http\\Request))
#18 /var/www/www-root/data/www/randevumcepte/vendor/laravel/framework/src/Illuminate/Pipeline/Pipeline.php(151): App\\Http\\Middleware\\AuthenticateSession->handle(Object(Illuminate\\Http\\Request), Object(Closure))
#19 /var/www/www-root/data/www/randevumcepte/vendor/laravel/framework/src/Illuminate/Routing/Pipeline.php(53): Illuminate\\Pipeline\\Pipeline->Illuminate\\Pipeline\\{closure}(Object(Illuminate\\Http\\Request))
#20 /var/www/www-root/data/www/randevumcepte/vendor/laravel/framework/src/Illuminate/Foundation/Http/Middleware/VerifyCsrfToken.php(68): Illuminate\\Routing\\Pipeline->Illuminate\\Routing\\{closure}(Object(Illuminate\\Http\\Request))
#21 /var/www/www-root/data/www/randevumcepte/vendor/laravel/framework/src/Illuminate/Pipeline/Pipeline.php(151): Illuminate\\Foundation\\Http\\Middleware\\VerifyCsrfToken->handle(Object(Illuminate\\Http\\Request), Object(Closure))
#22 /var/www/www-root/data/www/randevumcepte/vendor/laravel/framework/src/Illuminate/Routing/Pipeline.php(53): Illuminate\\Pipeline\\Pipeline->Illuminate\\Pipeline\\{closure}(Object(Illuminate\\Http\\Request))
#23 /var/www/www-root/data/www/randevumcepte/vendor/laravel/framework/src/Illuminate/View/Middleware/ShareErrorsFromSession.php(49): Illuminate\\Routing\\Pipeline->Illuminate\\Routing\\{closure}(Object(Illuminate\\Http\\Request))
#24 /var/www/www-root/data/www/randevumcepte/vendor/laravel/framework/src/Illuminate/Pipeline/Pipeline.php(151): Illuminate\\View\\Middleware\\ShareErrorsFromSession->handle(Object(Illuminate\\Http\\Request), Object(Closure))
#25 /var/www/www-root/data/www/randevumcepte/vendor/laravel/framework/src/Illuminate/Routing/Pipeline.php(53): Illuminate\\Pipeline\\Pipeline->Illuminate\\Pipeline\\{closure}(Object(Illuminate\\Http\\Request))
#26 /var/www/www-root/data/www/randevumcepte/vendor/laravel/framework/src/Illuminate/Session/Middleware/StartSession.php(63): Illuminate\\Routing\\Pipeline->Illuminate\\Routing\\{closure}(Object(Illuminate\\Http\\Request))
#27 /var/www/www-root/data/www/randevumcepte/vendor/laravel/framework/src/Illuminate/Pipeline/Pipeline.php(151): Illuminate\\Session\\Middleware\\StartSession->handle(Object(Illuminate\\Http\\Request), Object(Closure))
#28 /var/www/www-root/data/www/randevumcepte/vendor/laravel/framework/src/Illuminate/Routing/Pipeline.php(53): Illuminate\\Pipeline\\Pipeline->Illuminate\\Pipeline\\{closure}(Object(Illuminate\\Http\\Request))
#29 /var/www/www-root/data/www/randevumcepte/vendor/laravel/framework/src/Illuminate/Cookie/Middleware/AddQueuedCookiesToResponse.php(37): Illuminate\\Routing\\Pipeline->Illuminate\\Routing\\{closure}(Object(Illuminate\\Http\\Request))
#30 /var/www/www-root/data/www/randevumcepte/vendor/laravel/framework/src/Illuminate/Pipeline/Pipeline.php(151): Illuminate\\Cookie\\Middleware\\AddQueuedCookiesToResponse->handle(Object(Illuminate\\Http\\Request), Object(Closure))
#31 /var/www/www-root/data/www/randevumcepte/vendor/laravel/framework/src/Illuminate/Routing/Pipeline.php(53): Illuminate\\Pipeline\\Pipeline->Illuminate\\Pipeline\\{closure}(Object(Illuminate\\Http\\Request))
#32 /var/www/www-root/data/www/randevumcepte/vendor/laravel/framework/src/Illuminate/Cookie/Middleware/EncryptCookies.php(66): Illuminate\\Routing\\Pipeline->Illuminate\\Routing\\{closure}(Object(Illuminate\\Http\\Request))
#33 /var/www/www-root/data/www/randevumcepte/vendor/laravel/framework/src/Illuminate/Pipeline/Pipeline.php(151): Illuminate\\Cookie\\Middleware\\EncryptCookies->handle(Object(Illuminate\\Http\\Request), Object(Closure))
#34 /var/www/www-root/data/www/randevumcepte/vendor/laravel/framework/src/Illuminate/Routing/Pipeline.php(53): Illuminate\\Pipeline\\Pipeline->Illuminate\\Pipeline\\{closure}(Object(Illuminate\\Http\\Request))
#35 /var/www/www-root/data/www/randevumcepte/app/Http/Middleware/LogRequestPerformance.php(13): Illuminate\\Routing\\Pipeline->Illuminate\\Routing\\{closure}(Object(Illuminate\\Http\\Request))
#36 /var/www/www-root/data/www/randevumcepte/vendor/laravel/framework/src/Illuminate/Pipeline/Pipeline.php(151): App\\Http\\Middleware\\LogRequestPerformance->handle(Object(Illuminate\\Http\\Request), Object(Closure))
#37 /var/www/www-root/data/www/randevumcepte/vendor/laravel/framework/src/Illuminate/Routing/Pipeline.php(53): Illuminate\\Pipeline\\Pipeline->Illuminate\\Pipeline\\{closure}(Object(Illuminate\\Http\\Request))
#38 /var/www/www-root/data/www/randevumcepte/vendor/laravel/framework/src/Illuminate/Pipeline/Pipeline.php(104): Illuminate\\Routing\\Pipeline->Illuminate\\Routing\\{closure}(Object(Illuminate\\Http\\Request))
#39 /var/www/www-root/data/www/randevumcepte/vendor/laravel/framework/src/Illuminate/Routing/Router.php(667): Illuminate\\Pipeline\\Pipeline->then(Object(Closure))
#40 /var/www/www-root/data/www/randevumcepte/vendor/laravel/framework/src/Illuminate/Routing/Router.php(642): Illuminate\\Routing\\Router->runRouteWithinStack(Object(Illuminate\\Routing\\Route), Object(Illuminate\\Http\\Request))
#41 /var/www/www-root/data/www/randevumcepte/vendor/laravel/framework/src/Illuminate/Routing/Router.php(608): Illuminate\\Routing\\Router->runRoute(Object(Illuminate\\Http\\Request), Object(Illuminate\\Routing\\Route))
#42 /var/www/www-root/data/www/randevumcepte/vendor/laravel/framework/src/Illuminate/Routing/Router.php(597): Illuminate\\Routing\\Router->dispatchToRoute(Object(Illuminate\\Http\\Request))
#43 /var/www/www-root/data/www/randevumcepte/vendor/laravel/framework/src/Illuminate/Foundation/Http/Kernel.php(176): Illuminate\\Routing\\Router->dispatch(Object(Illuminate\\Http\\Request))
#44 /var/www/www-root/data/www/randevumcepte/vendor/laravel/framework/src/Illuminate/Routing/Pipeline.php(30): Illuminate\\Foundation\\Http\\Kernel->Illuminate\\Foundation\\Http\\{closure}(Object(Illuminate\\Http\\Request))
#45 /var/www/www-root/data/www/randevumcepte/vendor/barryvdh/laravel-debugbar/src/Middleware/InjectDebugbar.php(58): Illuminate\\Routing\\Pipeline->Illuminate\\Routing\\{closure}(Object(Illuminate\\Http\\Request))
#46 /var/www/www-root/data/www/randevumcepte/vendor/laravel/framework/src/Illuminate/Pipeline/Pipeline.php(151): Barryvdh\\Debugbar\\Middleware\\InjectDebugbar->handle(Object(Illuminate\\Http\\Request), Object(Closure))
#47 /var/www/www-root/data/www/randevumcepte/vendor/laravel/framework/src/Illuminate/Routing/Pipeline.php(53): Illuminate\\Pipeline\\Pipeline->Illuminate\\Pipeline\\{closure}(Object(Illuminate\\Http\\Request))
#48 /var/www/www-root/data/www/randevumcepte/vendor/laravel/framework/src/Illuminate/Foundation/Http/Middleware/TransformsRequest.php(31): Illuminate\\Routing\\Pipeline->Illuminate\\Routing\\{closure}(Object(Illuminate\\Http\\Request))
#49 /var/www/www-root/data/www/randevumcepte/vendor/laravel/framework/src/Illuminate/Pipeline/Pipeline.php(151): Illuminate\\Foundation\\Http\\Middleware\\TransformsRequest->handle(Object(Illuminate\\Http\\Request), Object(Closure))
#50 /var/www/www-root/data/www/randevumcepte/vendor/laravel/framework/src/Illuminate/Routing/Pipeline.php(53): Illuminate\\Pipeline\\Pipeline->Illuminate\\Pipeline\\{closure}(Object(Illuminate\\Http\\Request))
#51 /var/www/www-root/data/www/randevumcepte/vendor/laravel/framework/src/Illuminate/Foundation/Http/Middleware/TransformsRequest.php(31): Illuminate\\Routing\\Pipeline->Illuminate\\Routing\\{closure}(Object(Illuminate\\Http\\Request))
#52 /var/www/www-root/data/www/randevumcepte/vendor/laravel/framework/src/Illuminate/Pipeline/Pipeline.php(151): Illuminate\\Foundation\\Http\\Middleware\\TransformsRequest->handle(Object(Illuminate\\Http\\Request), Object(Closure))
#53 /var/www/www-root/data/www/randevumcepte/vendor/laravel/framework/src/Illuminate/Routing/Pipeline.php(53): Illuminate\\Pipeline\\Pipeline->Illuminate\\Pipeline\\{closure}(Object(Illuminate\\Http\\Request))
#54 /var/www/www-root/data/www/randevumcepte/vendor/laravel/framework/src/Illuminate/Foundation/Http/Middleware/ValidatePostSize.php(27): Illuminate\\Routing\\Pipeline->Illuminate\\Routing\\{closure}(Object(Illuminate\\Http\\Request))
#55 /var/www/www-root/data/www/randevumcepte/vendor/laravel/framework/src/Illuminate/Pipeline/Pipeline.php(151): Illuminate\\Foundation\\Http\\Middleware\\ValidatePostSize->handle(Object(Illuminate\\Http\\Request), Object(Closure))
#56 /var/www/www-root/data/www/randevumcepte/vendor/laravel/framework/src/Illuminate/Routing/Pipeline.php(53): Illuminate\\Pipeline\\Pipeline->Illuminate\\Pipeline\\{closure}(Object(Illuminate\\Http\\Request))
#57 /var/www/www-root/data/www/randevumcepte/vendor/laravel/framework/src/Illuminate/Foundation/Http/Middleware/CheckForMaintenanceMode.php(62): Illuminate\\Routing\\Pipeline->Illuminate\\Routing\\{closure}(Object(Illuminate\\Http\\Request))
#58 /var/www/www-root/data/www/randevumcepte/vendor/laravel/framework/src/Illuminate/Pipeline/Pipeline.php(151): Illuminate\\Foundation\\Http\\Middleware\\CheckForMaintenanceMode->handle(Object(Illuminate\\Http\\Request), Object(Closure))
#59 /var/www/www-root/data/www/randevumcepte/vendor/laravel/framework/src/Illuminate/Routing/Pipeline.php(53): Illuminate\\Pipeline\\Pipeline->Illuminate\\Pipeline\\{closure}(Object(Illuminate\\Http\\Request))
#60 /var/www/www-root/data/www/randevumcepte/vendor/laravel/framework/src/Illuminate/Pipeline/Pipeline.php(104): Illuminate\\Routing\\Pipeline->Illuminate\\Routing\\{closure}(Object(Illuminate\\Http\\Request))
#61 /var/www/www-root/data/www/randevumcepte/vendor/laravel/framework/src/Illuminate/Foundation/Http/Kernel.php(151): Illuminate\\Pipeline\\Pipeline->then(Object(Closure))
#62 /var/www/www-root/data/www/randevumcepte/vendor/laravel/framework/src/Illuminate/Foundation/Http/Kernel.php(116): Illuminate\\Foundation\\Http\\Kernel->sendRequestThroughRouter(Object(Illuminate\\Http\\Request))
#63 /var/www/www-root/data/www/randevumcepte/public/index.php(52): Illuminate\\Foundation\\Http\\Kernel->handle(Object(Illuminate\\Http\\Request))
#64 /var/www/www-root/data/www/randevumcepte/index.php(20): require_once('/var/www/www-ro...')
#65 {main}
"} 
[2026-07-01 22:58:56] local.WARNING: SalonHatirlatma [acikAdisyonEski] hata: SQLSTATE[42S22]: Column not found: 1054 Unknown column 'toplam_tutar' in 'SELECT' (SQL: select `adisyon_id`, SUM(IFNULL(toplam_tutar,IFNULL(birim_tutar,0))) as t from `adisyon_hizmetler` where `adisyon_id` in (524883, 524885, 524887, 524888, 524889, 524892, 524894, 524896, 524897, 524899, 524900, 524901, 524902, 524905, 524906, 524907, 524909, 524912, 524913, 524914, 524915, 524916, 524918, 524923, 524924, 524925, 524926, 524928, 524929, 524931, 524932, 524933, 524934, 524935, 524936, 524937, 524938, 524939, 524940, 524941, 524942, 524943, 524944, 524945, 524946, 524947, 524948, 524950, 524951, 524952, 524953, 524954, 524955, 524956, 524957, 524959, 524960, 524962, 524963, 524964, 524965, 524966, 524967, 524968, 524969, 524970, 524971, 524974, 524975, 524976, 524977, 524978, 524979, 524980, 524982, 524983, 524984, 524985, 524987, 524990, 524991, 524992, 524994, 524996, 524997, 524998, 524999, 525000, 525001, 525002, 525003, 525004, 525005, 525006, 525007, 525008, 525009, 525010, 525011, 525012) group by `adisyon_id`)  
[2026-07-01 22:59:02] local.INFO: [RND-SMS] cron tick {"simdi":"01.07.2026 22:59","aday_randevu_sayisi":566} 
[2026-07-01 22:59:03] local.INFO: [ALACAK-ARAMA] kontrol basladi. dk=2026-07-01 22:59  
[2026-07-01 22:59:03] local.INFO: [ALACAK-ARAMA] aranacak alacak yok.  
[2026-07-01 22:59:04] local.INFO: 💊 İlaç kontrol zamanı: 22:59  
[2026-07-01 22:59:16] local.WARNING: SalonHatirlatma [acikAdisyonEski] hata: SQLSTATE[42S22]: Column not found: 1054 Unknown column 'toplam_tutar' in 'SELECT' (SQL: select `adisyon_id`, SUM(IFNULL(toplam_tutar,IFNULL(birim_tutar,0))) as t from `adisyon_hizmetler` where `adisyon_id` in (524883, 524885, 524887, 524888, 524889, 524892, 524894, 524896, 524897, 524899, 524900, 524901, 524902, 524905, 524906, 524907, 524909, 524912, 524913, 524914, 524915, 524916, 524918, 524923, 524924, 524925, 524926, 524928, 524929, 524931, 524932, 524933, 524934, 524935, 524936, 524937, 524938, 524939, 524940, 524941, 524942, 524943, 524944, 524945, 524946, 524947, 524948, 524950, 524951, 524952, 524953, 524954, 524955, 524956, 524957, 524959, 524960, 524962, 524963, 524964, 524965, 524966, 524967, 524968, 524969, 524970, 524971, 524974, 524975, 524976, 524977, 524978, 524979, 524980, 524982, 524983, 524984, 524985, 524987, 524990, 524991, 524992, 524994, 524996, 524997, 524998, 524999, 525000, 525001, 525002, 525003, 525004, 525005, 525006, 525007, 525008, 525009, 525010, 525011, 525012) group by `adisyon_id`)  
[2026-07-01 22:59:36] local.WARNING: SalonHatirlatma [acikAdisyonEski] hata: SQLSTATE[42S22]: Column not found: 1054 Unknown column 'toplam_tutar' in 'SELECT' (SQL: select `adisyon_id`, SUM(IFNULL(toplam_tutar,IFNULL(birim_tutar,0))) as t from `adisyon_hizmetler` where `adisyon_id` in (524883, 524885, 524887, 524888, 524889, 524892, 524894, 524896, 524897, 524899, 524900, 524901, 524902, 524905, 524906, 524907, 524909, 524912, 524913, 524914, 524915, 524916, 524918, 524923, 524924, 524925, 524926, 524928, 524929, 524931, 524932, 524933, 524934, 524935, 524936, 524937, 524938, 524939, 524940, 524941, 524942, 524943, 524944, 524945, 524946, 524947, 524948, 524950, 524951, 524952, 524953, 524954, 524955, 524956, 524957, 524959, 524960, 524962, 524963, 524964, 524965, 524966, 524967, 524968, 524969, 524970, 524971, 524974, 524975, 524976, 524977, 524978, 524979, 524980, 524982, 524983, 524984, 524985, 524987, 524990, 524991, 524992, 524994, 524996, 524997, 524998, 524999, 525000, 525001, 525002, 525003, 525004, 525005, 525006, 525007, 525008, 525009, 525010, 525011, 525012) group by `adisyon_id`)  
[2026-07-01 22:59:56] local.WARNING: SalonHatirlatma [acikAdisyonEski] hata: SQLSTATE[42S22]: Column not found: 1054 Unknown column 'toplam_tutar' in 'SELECT' (SQL: select `adisyon_id`, SUM(IFNULL(toplam_tutar,IFNULL(birim_tutar,0))) as t from `adisyon_hizmetler` where `adisyon_id` in (524883, 524885, 524887, 524888, 524889, 524892, 524894, 524896, 524897, 524899, 524900, 524901, 524902, 524905, 524906, 524907, 524909, 524912, 524913, 524914, 524915, 524916, 524918, 524923, 524924, 524925, 524926, 524928, 524929, 524931, 524932, 524933, 524934, 524935, 524936, 524937, 524938, 524939, 524940, 524941, 524942, 524943, 524944, 524945, 524946, 524947, 524948, 524950, 524951, 524952, 524953, 524954, 524955, 524956, 524957, 524959, 524960, 524962, 524963, 524964, 524965, 524966, 524967, 524968, 524969, 524970, 524971, 524974, 524975, 524976, 524977, 524978, 524979, 524980, 524982, 524983, 524984, 524985, 524987, 524990, 524991, 524992, 524994, 524996, 524997, 524998, 524999, 525000, 525001, 525002, 525003, 525004, 525005, 525006, 525007, 525008, 525009, 525010, 525011, 525012) group by `adisyon_id`)  
[2026-07-01 23:00:02] local.INFO: [RND-SMS] cron tick {"simdi":"01.07.2026 23:00","aday_randevu_sayisi":566} 
[2026-07-01 23:00:03] local.INFO: [ALACAK-ARAMA] kontrol basladi. dk=2026-07-01 23:00  
[2026-07-01 23:00:03] local.INFO: [ALACAK-ARAMA] aranacak alacak yok.  
[2026-07-01 23:00:04] local.INFO: 💊 İlaç kontrol zamanı: 23:00  
[2026-07-01 23:00:16] local.WARNING: SalonHatirlatma [acikAdisyonEski] hata: SQLSTATE[42S22]: Column not found: 1054 Unknown column 'toplam_tutar' in 'SELECT' (SQL: select `adisyon_id`, SUM(IFNULL(toplam_tutar,IFNULL(birim_tutar,0))) as t from `adisyon_hizmetler` where `adisyon_id` in (524883, 524885, 524887, 524888, 524889, 524892, 524894, 524896, 524897, 524899, 524900, 524901, 524902, 524905, 524906, 524907, 524909, 524912, 524913, 524914, 524915, 524916, 524918, 524923, 524924, 524925, 524926, 524928, 524929, 524931, 524932, 524933, 524934, 524935, 524936, 524937, 524938, 524939, 524940, 524941, 524942, 524943, 524944, 524945, 524946, 524947, 524948, 524950, 524951, 524952, 524953, 524954, 524955, 524956, 524957, 524959, 524960, 524962, 524963, 524964, 524965, 524966, 524967, 524968, 524969, 524970, 524971, 524974, 524975, 524976, 524977, 524978, 524979, 524980, 524982, 524983, 524984, 524985, 524987, 524990, 524991, 524992, 524994, 524996, 524997, 524998, 524999, 525000, 525001, 525002, 525003, 525004, 525005, 525006, 525007, 525008, 525009, 525010, 525011, 525012) group by `adisyon_id`)  
[2026-07-01 23:00:21] local.ERROR: SQLSTATE[42S22]: Column not found: 1054 Unknown column 'users.surname' in 'SELECT' (SQL: select `salon_yorumlar`.`id`, `salon_yorumlar`.`user_id`, `salon_yorumlar`.`yorum`, `salon_yorumlar`.`updated_at` as `tarih`, `users`.`name` as `kullanici_adi`, `users`.`surname` as `kullanici_soyadi` from `salon_yorumlar` left join `users` on `salon_yorumlar`.`user_id` = `users`.`id` where `salon_yorumlar`.`salon_id` in (355) order by `salon_yorumlar`.`updated_at` desc) {"exception":"[object] (Illuminate\\Database\\QueryException(code: 42S22): SQLSTATE[42S22]: Column not found: 1054 Unknown column 'users.surname' in 'SELECT' (SQL: select `salon_yorumlar`.`id`, `salon_yorumlar`.`user_id`, `salon_yorumlar`.`yorum`, `salon_yorumlar`.`updated_at` as `tarih`, `users`.`name` as `kullanici_adi`, `users`.`surname` as `kullanici_soyadi` from `salon_yorumlar` left join `users` on `salon_yorumlar`.`user_id` = `users`.`id` where `salon_yorumlar`.`salon_id` in (355) order by `salon_yorumlar`.`updated_at` desc) at /var/www/www-root/data/www/randevumcepte/vendor/laravel/framework/src/Illuminate/Database/Connection.php:664, PDOException(code: 42S22): SQLSTATE[42S22]: Column not found: 1054 Unknown column 'users.surname' in 'SELECT' at /var/www/www-root/data/www/randevumcepte/vendor/laravel/framework/src/Illuminate/Database/Connection.php:326)
[stacktrace]
#0 /var/www/www-root/data/www/randevumcepte/vendor/laravel/framework/src/Illuminate/Database/Connection.php(624): Illuminate\\Database\\Connection->runQueryCallback('select `salon_y...', Array, Object(Closure))
#1 /var/www/www-root/data/www/randevumcepte/vendor/laravel/framework/src/Illuminate/Database/Connection.php(333): Illuminate\\Database\\Connection->run('select `salon_y...', Array, Object(Closure))
#2 /var/www/www-root/data/www/randevumcepte/vendor/laravel/framework/src/Illuminate/Database/Query/Builder.php(1963): Illuminate\\Database\\Connection->select('select `salon_y...', Array, true)
#3 /var/www/www-root/data/www/randevumcepte/vendor/laravel/framework/src/Illuminate/Database/Query/Builder.php(1951): Illuminate\\Database\\Query\\Builder->runSelect()
#4 /var/www/www-root/data/www/randevumcepte/vendor/laravel/framework/src/Illuminate/Database/Query/Builder.php(2435): Illuminate\\Database\\Query\\Builder->Illuminate\\Database\\Query\\{closure}()
#5 /var/www/www-root/data/www/randevumcepte/vendor/laravel/framework/src/Illuminate/Database/Query/Builder.php(1952): Illuminate\\Database\\Query\\Builder->onceWithColumns(Array, Object(Closure))
#6 /var/www/www-root/data/www/randevumcepte/app/Http/Controllers/ApiController.php(21456): Illuminate\\Database\\Query\\Builder->get()
#7 [internal function]: App\\Http\\Controllers\\ApiController->salonyorumlari(Object(Illuminate\\Http\\Request))
#8 /var/www/www-root/data/www/randevumcepte/vendor/laravel/framework/src/Illuminate/Routing/Controller.php(54): call_user_func_array(Array, Array)
#9 /var/www/www-root/data/www/randevumcepte/vendor/laravel/framework/src/Illuminate/Routing/ControllerDispatcher.php(45): Illuminate\\Routing\\Controller->callAction('salonyorumlari', Array)
#10 /var/www/www-root/data/www/randevumcepte/vendor/laravel/framework/src/Illuminate/Routing/Route.php(212): Illuminate\\Routing\\ControllerDispatcher->dispatch(Object(Illuminate\\Routing\\Route), Object(App\\Http\\Controllers\\ApiController), 'salonyorumlari')
#11 /var/www/www-root/data/www/randevumcepte/vendor/laravel/framework/src/Illuminate/Routing/Route.php(169): Illuminate\\Routing\\Route->runController()
#12 /var/www/www-root/data/www/randevumcepte/vendor/laravel/framework/src/Illuminate/Routing/Router.php(665): Illuminate\\Routing\\Route->run()
#13 /var/www/www-root/data/www/randevumcepte/vendor/laravel/framework/src/Illuminate/Routing/Pipeline.php(30): Illuminate\\Routing\\Router->Illuminate\\Routing\\{closure}(Object(Illuminate\\Http\\Request))
#14 /var/www/www-root/data/www/randevumcepte/vendor/laravel/framework/src/Illuminate/Routing/Middleware/SubstituteBindings.php(41): Illuminate\\Routing\\Pipeline->Illuminate\\Routing\\{closure}(Object(Illuminate\\Http\\Request))
#15 /var/www/www-root/data/www/randevumcepte/vendor/laravel/framework/src/Illuminate/Pipeline/Pipeline.php(151): Illuminate\\Routing\\Middleware\\SubstituteBindings->handle(Object(Illuminate\\Http\\Request), Object(Closure))
#16 /var/www/www-root/data/www/randevumcepte/vendor/laravel/framework/src/Illuminate/Routing/Pipeline.php(53): Illuminate\\Pipeline\\Pipeline->Illuminate\\Pipeline\\{closure}(Object(Illuminate\\Http\\Request))
#17 /var/www/www-root/data/www/randevumcepte/vendor/laravel/framework/src/Illuminate/Routing/Middleware/ThrottleRequests.php(57): Illuminate\\Routing\\Pipeline->Illuminate\\Routing\\{closure}(Object(Illuminate\\Http\\Request))
#18 /var/www/www-root/data/www/randevumcepte/vendor/laravel/framework/src/Illuminate/Pipeline/Pipeline.php(151): Illuminate\\Routing\\Middleware\\ThrottleRequests->handle(Object(Illuminate\\Http\\Request), Object(Closure), 60, '1')
#19 /var/www/www-root/data/www/randevumcepte/vendor/laravel/framework/src/Illuminate/Routing/Pipeline.php(53): Illuminate\\Pipeline\\Pipeline->Illuminate\\Pipeline\\{closure}(Object(Illuminate\\Http\\Request))
#20 /var/www/www-root/data/www/randevumcepte/vendor/laravel/framework/src/Illuminate/Pipeline/Pipeline.php(104): Illuminate\\Routing\\Pipeline->Illuminate\\Routing\\{closure}(Object(Illuminate\\Http\\Request))
#21 /var/www/www-root/data/www/randevumcepte/vendor/laravel/framework/src/Illuminate/Routing/Router.php(667): Illuminate\\Pipeline\\Pipeline->then(Object(Closure))
#22 /var/www/www-root/data/www/randevumcepte/vendor/laravel/framework/src/Illuminate/Routing/Router.php(642): Illuminate\\Routing\\Router->runRouteWithinStack(Object(Illuminate\\Routing\\Route), Object(Illuminate\\Http\\Request))
#23 /var/www/www-root/data/www/randevumcepte/vendor/laravel/framework/src/Illuminate/Routing/Router.php(608): Illuminate\\Routing\\Router->runRoute(Object(Illuminate\\Http\\Request), Object(Illuminate\\Routing\\Route))
#24 /var/www/www-root/data/www/randevumcepte/vendor/laravel/framework/src/Illuminate/Routing/Router.php(597): Illuminate\\Routing\\Router->dispatchToRoute(Object(Illuminate\\Http\\Request))
#25 /var/www/www-root/data/www/randevumcepte/vendor/laravel/framework/src/Illuminate/Foundation/Http/Kernel.php(176): Illuminate\\Routing\\Router->dispatch(Object(Illuminate\\Http\\Request))
#26 /var/www/www-root/data/www/randevumcepte/vendor/laravel/framework/src/Illuminate/Routing/Pipeline.php(30): Illuminate\\Foundation\\Http\\Kernel->Illuminate\\Foundation\\Http\\{closure}(Object(Illuminate\\Http\\Request))
#27 /var/www/www-root/data/www/randevumcepte/vendor/barryvdh/laravel-debugbar/src/Middleware/InjectDebugbar.php(58): Illuminate\\Routing\\Pipeline->Illuminate\\Routing\\{closure}(Object(Illuminate\\Http\\Request))
#28 /var/www/www-root/data/www/randevumcepte/vendor/laravel/framework/src/Illuminate/Pipeline/Pipeline.php(151): Barryvdh\\Debugbar\\Middleware\\InjectDebugbar->handle(Object(Illuminate\\Http\\Request), Object(Closure))
#29 /var/www/www-root/data/www/randevumcepte/vendor/laravel/framework/src/Illuminate/Routing/Pipeline.php(53): Illuminate\\Pipeline\\Pipeline->Illuminate\\Pipeline\\{closure}(Object(Illuminate\\Http\\Request))
#30 /var/www/www-root/data/www/randevumcepte/vendor/laravel/framework/src/Illuminate/Foundation/Http/Middleware/TransformsRequest.php(31): Illuminate\\Routing\\Pipeline->Illuminate\\Routing\\{closure}(Object(Illuminate\\Http\\Request))
#31 /var/www/www-root/data/www/randevumcepte/vendor/laravel/framework/src/Illuminate/Pipeline/Pipeline.php(151): Illuminate\\Foundation\\Http\\Middleware\\TransformsRequest->handle(Object(Illuminate\\Http\\Request), Object(Closure))
#32 /var/www/www-root/data/www/randevumcepte/vendor/laravel/framework/src/Illuminate/Routing/Pipeline.php(53): Illuminate\\Pipeline\\Pipeline->Illuminate\\Pipeline\\{closure}(Object(Illuminate\\Http\\Request))
#33 /var/www/www-root/data/www/randevumcepte/vendor/laravel/framework/src/Illuminate/Foundation/Http/Middleware/TransformsRequest.php(31): Illuminate\\Routing\\Pipeline->Illuminate\\Routing\\{closure}(Object(Illuminate\\Http\\Request))
#34 /var/www/www-root/data/www/randevumcepte/vendor/laravel/framework/src/Illuminate/Pipeline/Pipeline.php(151): Illuminate\\Foundation\\Http\\Middleware\\TransformsRequest->handle(Object(Illuminate\\Http\\Request), Object(Closure))
#35 /var/www/www-root/data/www/randevumcepte/vendor/laravel/framework/src/Illuminate/Routing/Pipeline.php(53): Illuminate\\Pipeline\\Pipeline->Illuminate\\Pipeline\\{closure}(Object(Illuminate\\Http\\Request))
#36 /var/www/www-root/data/www/randevumcepte/vendor/laravel/framework/src/Illuminate/Foundation/Http/Middleware/ValidatePostSize.php(27): Illuminate\\Routing\\Pipeline->Illuminate\\Routing\\{closure}(Object(Illuminate\\Http\\Request))
#37 /var/www/www-root/data/www/randevumcepte/vendor/laravel/framework/src/Illuminate/Pipeline/Pipeline.php(151): Illuminate\\Foundation\\Http\\Middleware\\ValidatePostSize->handle(Object(Illuminate\\Http\\Request), Object(Closure))
#38 /var/www/www-root/data/www/randevumcepte/vendor/laravel/framework/src/Illuminate/Routing/Pipeline.php(53): Illuminate\\Pipeline\\Pipeline->Illuminate\\Pipeline\\{closure}(Object(Illuminate\\Http\\Request))
#39 /var/www/www-root/data/www/randevumcepte/vendor/laravel/framework/src/Illuminate/Foundation/Http/Middleware/CheckForMaintenanceMode.php(62): Illuminate\\Routing\\Pipeline->Illuminate\\Routing\\{closure}(Object(Illuminate\\Http\\Request))
#40 /var/www/www-root/data/www/randevumcepte/vendor/laravel/framework/src/Illuminate/Pipeline/Pipeline.php(151): Illuminate\\Foundation\\Http\\Middleware\\CheckForMaintenanceMode->handle(Object(Illuminate\\Http\\Request), Object(Closure))
#41 /var/www/www-root/data/www/randevumcepte/vendor/laravel/framework/src/Illuminate/Routing/Pipeline.php(53): Illuminate\\Pipeline\\Pipeline->Illuminate\\Pipeline\\{closure}(Object(Illuminate\\Http\\Request))
#42 /var/www/www-root/data/www/randevumcepte/vendor/laravel/framework/src/Illuminate/Pipeline/Pipeline.php(104): Illuminate\\Routing\\Pipeline->Illuminate\\Routing\\{closure}(Object(Illuminate\\Http\\Request))
#43 /var/www/www-root/data/www/randevumcepte/vendor/laravel/framework/src/Illuminate/Foundation/Http/Kernel.php(151): Illuminate\\Pipeline\\Pipeline->then(Object(Closure))
#44 /var/www/www-root/data/www/randevumcepte/vendor/laravel/framework/src/Illuminate/Foundation/Http/Kernel.php(116): Illuminate\\Foundation\\Http\\Kernel->sendRequestThroughRouter(Object(Illuminate\\Http\\Request))
#45 /var/www/www-root/data/www/randevumcepte/public/index.php(52): Illuminate\\Foundation\\Http\\Kernel->handle(Object(Illuminate\\Http\\Request))
#46 /var/www/www-root/data/www/randevumcepte/index.php(20): require_once('/var/www/www-ro...')
#47 {main}
"} 
[2026-07-01 23:00:36] local.WARNING: SalonHatirlatma [acikAdisyonEski] hata: SQLSTATE[42S22]: Column not found: 1054 Unknown column 'toplam_tutar' in 'SELECT' (SQL: select `adisyon_id`, SUM(IFNULL(toplam_tutar,IFNULL(birim_tutar,0))) as t from `adisyon_hizmetler` where `adisyon_id` in (524883, 524885, 524887, 524888, 524889, 524892, 524894, 524896, 524897, 524899, 524900, 524901, 524902, 524905, 524906, 524907, 524909, 524912, 524913, 524914, 524915, 524916, 524918, 524923, 524924, 524925, 524926, 524928, 524929, 524931, 524932, 524933, 524934, 524935, 524936, 524937, 524938, 524939, 524940, 524941, 524942, 524943, 524944, 524945, 524946, 524947, 524948, 524950, 524951, 524952, 524953, 524954, 524955, 524956, 524957, 524959, 524960, 524962, 524963, 524964, 524965, 524966, 524967, 524968, 524969, 524970, 524971, 524974, 524975, 524976, 524977, 524978, 524979, 524980, 524982, 524983, 524984, 524985, 524987, 524990, 524991, 524992, 524994, 524996, 524997, 524998, 524999, 525000, 525001, 525002, 525003, 525004, 525005, 525006, 525007, 525008, 525009, 525010, 525011, 525012) group by `adisyon_id`)  
[2026-07-01 23:00:36] local.ERROR: SQLSTATE[42S22]: Column not found: 1054 Unknown column 'users.surname' in 'SELECT' (SQL: select `salon_yorumlar`.`id`, `salon_yorumlar`.`user_id`, `salon_yorumlar`.`yorum`, `salon_yorumlar`.`updated_at` as `tarih`, `users`.`name` as `kullanici_adi`, `users`.`surname` as `kullanici_soyadi` from `salon_yorumlar` left join `users` on `salon_yorumlar`.`user_id` = `users`.`id` where `salon_yorumlar`.`salon_id` in (355) order by `salon_yorumlar`.`updated_at` desc) {"exception":"[object] (Illuminate\\Database\\QueryException(code: 42S22): SQLSTATE[42S22]: Column not found: 1054 Unknown column 'users.surname' in 'SELECT' (SQL: select `salon_yorumlar`.`id`, `salon_yorumlar`.`user_id`, `salon_yorumlar`.`yorum`, `salon_yorumlar`.`updated_at` as `tarih`, `users`.`name` as `kullanici_adi`, `users`.`surname` as `kullanici_soyadi` from `salon_yorumlar` left join `users` on `salon_yorumlar`.`user_id` = `users`.`id` where `salon_yorumlar`.`salon_id` in (355) order by `salon_yorumlar`.`updated_at` desc) at /var/www/www-root/data/www/randevumcepte/vendor/laravel/framework/src/Illuminate/Database/Connection.php:664, PDOException(code: 42S22): SQLSTATE[42S22]: Column not found: 1054 Unknown column 'users.surname' in 'SELECT' at /var/www/www-root/data/www/randevumcepte/vendor/laravel/framework/src/Illuminate/Database/Connection.php:326)
[stacktrace]
#0 /var/www/www-root/data/www/randevumcepte/vendor/laravel/framework/src/Illuminate/Database/Connection.php(624): Illuminate\\Database\\Connection->runQueryCallback('select `salon_y...', Array, Object(Closure))
#1 /var/www/www-root/data/www/randevumcepte/vendor/laravel/framework/src/Illuminate/Database/Connection.php(333): Illuminate\\Database\\Connection->run('select `salon_y...', Array, Object(Closure))
#2 /var/www/www-root/data/www/randevumcepte/vendor/laravel/framework/src/Illuminate/Database/Query/Builder.php(1963): Illuminate\\Database\\Connection->select('select `salon_y...', Array, true)
#3 /var/www/www-root/data/www/randevumcepte/vendor/laravel/framework/src/Illuminate/Database/Query/Builder.php(1951): Illuminate\\Database\\Query\\Builder->runSelect()
#4 /var/www/www-root/data/www/randevumcepte/vendor/laravel/framework/src/Illuminate/Database/Query/Builder.php(2435): Illuminate\\Database\\Query\\Builder->Illuminate\\Database\\Query\\{closure}()
#5 /var/www/www-root/data/www/randevumcepte/vendor/laravel/framework/src/Illuminate/Database/Query/Builder.php(1952): Illuminate\\Database\\Query\\Builder->onceWithColumns(Array, Object(Closure))
#6 /var/www/www-root/data/www/randevumcepte/app/Http/Controllers/ApiController.php(21456): Illuminate\\Database\\Query\\Builder->get()
#7 [internal function]: App\\Http\\Controllers\\ApiController->salonyorumlari(Object(Illuminate\\Http\\Request))
#8 /var/www/www-root/data/www/randevumcepte/vendor/laravel/framework/src/Illuminate/Routing/Controller.php(54): call_user_func_array(Array, Array)
#9 /var/www/www-root/data/www/randevumcepte/vendor/laravel/framework/src/Illuminate/Routing/ControllerDispatcher.php(45): Illuminate\\Routing\\Controller->callAction('salonyorumlari', Array)
#10 /var/www/www-root/data/www/randevumcepte/vendor/laravel/framework/src/Illuminate/Routing/Route.php(212): Illuminate\\Routing\\ControllerDispatcher->dispatch(Object(Illuminate\\Routing\\Route), Object(App\\Http\\Controllers\\ApiController), 'salonyorumlari')
#11 /var/www/www-root/data/www/randevumcepte/vendor/laravel/framework/src/Illuminate/Routing/Route.php(169): Illuminate\\Routing\\Route->runController()
#12 /var/www/www-root/data/www/randevumcepte/vendor/laravel/framework/src/Illuminate/Routing/Router.php(665): Illuminate\\Routing\\Route->run()
#13 /var/www/www-root/data/www/randevumcepte/vendor/laravel/framework/src/Illuminate/Routing/Pipeline.php(30): Illuminate\\Routing\\Router->Illuminate\\Routing\\{closure}(Object(Illuminate\\Http\\Request))
#14 /var/www/www-root/data/www/randevumcepte/vendor/laravel/framework/src/Illuminate/Routing/Middleware/SubstituteBindings.php(41): Illuminate\\Routing\\Pipeline->Illuminate\\Routing\\{closure}(Object(Illuminate\\Http\\Request))
#15 /var/www/www-root/data/www/randevumcepte/vendor/laravel/framework/src/Illuminate/Pipeline/Pipeline.php(151): Illuminate\\Routing\\Middleware\\SubstituteBindings->handle(Object(Illuminate\\Http\\Request), Object(Closure))
#16 /var/www/www-root/data/www/randevumcepte/vendor/laravel/framework/src/Illuminate/Routing/Pipeline.php(53): Illuminate\\Pipeline\\Pipeline->Illuminate\\Pipeline\\{closure}(Object(Illuminate\\Http\\Request))
#17 /var/www/www-root/data/www/randevumcepte/vendor/laravel/framework/src/Illuminate/Routing/Middleware/ThrottleRequests.php(57): Illuminate\\Routing\\Pipeline->Illuminate\\Routing\\{closure}(Object(Illuminate\\Http\\Request))
#18 /var/www/www-root/data/www/randevumcepte/vendor/laravel/framework/src/Illuminate/Pipeline/Pipeline.php(151): Illuminate\\Routing\\Middleware\\ThrottleRequests->handle(Object(Illuminate\\Http\\Request), Object(Closure), 60, '1')
#19 /var/www/www-root/data/www/randevumcepte/vendor/laravel/framework/src/Illuminate/Routing/Pipeline.php(53): Illuminate\\Pipeline\\Pipeline->Illuminate\\Pipeline\\{closure}(Object(Illuminate\\Http\\Request))
#20 /var/www/www-root/data/www/randevumcepte/vendor/laravel/framework/src/Illuminate/Pipeline/Pipeline.php(104): Illuminate\\Routing\\Pipeline->Illuminate\\Routing\\{closure}(Object(Illuminate\\Http\\Request))
#21 /var/www/www-root/data/www/randevumcepte/vendor/laravel/framework/src/Illuminate/Routing/Router.php(667): Illuminate\\Pipeline\\Pipeline->then(Object(Closure))
#22 /var/www/www-root/data/www/randevumcepte/vendor/laravel/framework/src/Illuminate/Routing/Router.php(642): Illuminate\\Routing\\Router->runRouteWithinStack(Object(Illuminate\\Routing\\Route), Object(Illuminate\\Http\\Request))
#23 /var/www/www-root/data/www/randevumcepte/vendor/laravel/framework/src/Illuminate/Routing/Router.php(608): Illuminate\\Routing\\Router->runRoute(Object(Illuminate\\Http\\Request), Object(Illuminate\\Routing\\Route))
#24 /var/www/www-root/data/www/randevumcepte/vendor/laravel/framework/src/Illuminate/Routing/Router.php(597): Illuminate\\Routing\\Router->dispatchToRoute(Object(Illuminate\\Http\\Request))
#25 /var/www/www-root/data/www/randevumcepte/vendor/laravel/framework/src/Illuminate/Foundation/Http/Kernel.php(176): Illuminate\\Routing\\Router->dispatch(Object(Illuminate\\Http\\Request))
#26 /var/www/www-root/data/www/randevumcepte/vendor/laravel/framework/src/Illuminate/Routing/Pipeline.php(30): Illuminate\\Foundation\\Http\\Kernel->Illuminate\\Foundation\\Http\\{closure}(Object(Illuminate\\Http\\Request))
#27 /var/www/www-root/data/www/randevumcepte/vendor/barryvdh/laravel-debugbar/src/Middleware/InjectDebugbar.php(58): Illuminate\\Routing\\Pipeline->Illuminate\\Routing\\{closure}(Object(Illuminate\\Http\\Request))
#28 /var/www/www-root/data/www/randevumcepte/vendor/laravel/framework/src/Illuminate/Pipeline/Pipeline.php(151): Barryvdh\\Debugbar\\Middleware\\InjectDebugbar->handle(Object(Illuminate\\Http\\Request), Object(Closure))
#29 /var/www/www-root/data/www/randevumcepte/vendor/laravel/framework/src/Illuminate/Routing/Pipeline.php(53): Illuminate\\Pipeline\\Pipeline->Illuminate\\Pipeline\\{closure}(Object(Illuminate\\Http\\Request))
#30 /var/www/www-root/data/www/randevumcepte/vendor/laravel/framework/src/Illuminate/Foundation/Http/Middleware/TransformsRequest.php(31): Illuminate\\Routing\\Pipeline->Illuminate\\Routing\\{closure}(Object(Illuminate\\Http\\Request))
#31 /var/www/www-root/data/www/randevumcepte/vendor/laravel/framework/src/Illuminate/Pipeline/Pipeline.php(151): Illuminate\\Foundation\\Http\\Middleware\\TransformsRequest->handle(Object(Illuminate\\Http\\Request), Object(Closure))
#32 /var/www/www-root/data/www/randevumcepte/vendor/laravel/framework/src/Illuminate/Routing/Pipeline.php(53): Illuminate\\Pipeline\\Pipeline->Illuminate\\Pipeline\\{closure}(Object(Illuminate\\Http\\Request))
#33 /var/www/www-root/data/www/randevumcepte/vendor/laravel/framework/src/Illuminate/Foundation/Http/Middleware/TransformsRequest.php(31): Illuminate\\Routing\\Pipeline->Illuminate\\Routing\\{closure}(Object(Illuminate\\Http\\Request))
#34 /var/www/www-root/data/www/randevumcepte/vendor/laravel/framework/src/Illuminate/Pipeline/Pipeline.php(151): Illuminate\\Foundation\\Http\\Middleware\\TransformsRequest->handle(Object(Illuminate\\Http\\Request), Object(Closure))
#35 /var/www/www-root/data/www/randevumcepte/vendor/laravel/framework/src/Illuminate/Routing/Pipeline.php(53): Illuminate\\Pipeline\\Pipeline->Illuminate\\Pipeline\\{closure}(Object(Illuminate\\Http\\Request))
#36 /var/www/www-root/data/www/randevumcepte/vendor/laravel/framework/src/Illuminate/Foundation/Http/Middleware/ValidatePostSize.php(27): Illuminate\\Routing\\Pipeline->Illuminate\\Routing\\{closure}(Object(Illuminate\\Http\\Request))
#37 /var/www/www-root/data/www/randevumcepte/vendor/laravel/framework/src/Illuminate/Pipeline/Pipeline.php(151): Illuminate\\Foundation\\Http\\Middleware\\ValidatePostSize->handle(Object(Illuminate\\Http\\Request), Object(Closure))
#38 /var/www/www-root/data/www/randevumcepte/vendor/laravel/framework/src/Illuminate/Routing/Pipeline.php(53): Illuminate\\Pipeline\\Pipeline->Illuminate\\Pipeline\\{closure}(Object(Illuminate\\Http\\Request))
#39 /var/www/www-root/data/www/randevumcepte/vendor/laravel/framework/src/Illuminate/Foundation/Http/Middleware/CheckForMaintenanceMode.php(62): Illuminate\\Routing\\Pipeline->Illuminate\\Routing\\{closure}(Object(Illuminate\\Http\\Request))
#40 /var/www/www-root/data/www/randevumcepte/vendor/laravel/framework/src/Illuminate/Pipeline/Pipeline.php(151): Illuminate\\Foundation\\Http\\Middleware\\CheckForMaintenanceMode->handle(Object(Illuminate\\Http\\Request), Object(Closure))
#41 /var/www/www-root/data/www/randevumcepte/vendor/laravel/framework/src/Illuminate/Routing/Pipeline.php(53): Illuminate\\Pipeline\\Pipeline->Illuminate\\Pipeline\\{closure}(Object(Illuminate\\Http\\Request))
#42 /var/www/www-root/data/www/randevumcepte/vendor/laravel/framework/src/Illuminate/Pipeline/Pipeline.php(104): Illuminate\\Routing\\Pipeline->Illuminate\\Routing\\{closure}(Object(Illuminate\\Http\\Request))
#43 /var/www/www-root/data/www/randevumcepte/vendor/laravel/framework/src/Illuminate/Foundation/Http/Kernel.php(151): Illuminate\\Pipeline\\Pipeline->then(Object(Closure))
#44 /var/www/www-root/data/www/randevumcepte/vendor/laravel/framework/src/Illuminate/Foundation/Http/Kernel.php(116): Illuminate\\Foundation\\Http\\Kernel->sendRequestThroughRouter(Object(Illuminate\\Http\\Request))
#45 /var/www/www-root/data/www/randevumcepte/public/index.php(52): Illuminate\\Foundation\\Http\\Kernel->handle(Object(Illuminate\\Http\\Request))
#46 /var/www/www-root/data/www/randevumcepte/index.php(20): require_once('/var/www/www-ro...')
#47 {main}
"} 
[2026-07-01 23:00:56] local.WARNING: SalonHatirlatma [acikAdisyonEski] hata: SQLSTATE[42S22]: Column not found: 1054 Unknown column 'toplam_tutar' in 'SELECT' (SQL: select `adisyon_id`, SUM(IFNULL(toplam_tutar,IFNULL(birim_tutar,0))) as t from `adisyon_hizmetler` where `adisyon_id` in (524883, 524885, 524887, 524888, 524889, 524892, 524894, 524896, 524897, 524899, 524900, 524901, 524902, 524905, 524906, 524907, 524909, 524912, 524913, 524914, 524915, 524916, 524918, 524923, 524924, 524925, 524926, 524928, 524929, 524931, 524932, 524933, 524934, 524935, 524936, 524937, 524938, 524939, 524940, 524941, 524942, 524943, 524944, 524945, 524946, 524947, 524948, 524950, 524951, 524952, 524953, 524954, 524955, 524956, 524957, 524959, 524960, 524962, 524963, 524964, 524965, 524966, 524967, 524968, 524969, 524970, 524971, 524974, 524975, 524976, 524977, 524978, 524979, 524980, 524982, 524983, 524984, 524985, 524987, 524990, 524991, 524992, 524994, 524996, 524997, 524998, 524999, 525000, 525001, 525002, 525003, 525004, 525005, 525006, 525007, 525008, 525009, 525010, 525011, 525012) group by `adisyon_id`)  
[2026-07-01 23:01:02] local.INFO: [RND-SMS] cron tick {"simdi":"01.07.2026 23:01","aday_randevu_sayisi":566} 
[2026-07-01 23:01:04] local.INFO: [ALACAK-ARAMA] kontrol basladi. dk=2026-07-01 23:01  
[2026-07-01 23:01:04] local.INFO: [ALACAK-ARAMA] aranacak alacak yok.  
[2026-07-01 23:01:04] local.INFO: 💊 İlaç kontrol zamanı: 23:01  
[2026-07-01 23:01:16] local.WARNING: SalonHatirlatma [acikAdisyonEski] hata: SQLSTATE[42S22]: Column not found: 1054 Unknown column 'toplam_tutar' in 'SELECT' (SQL: select `adisyon_id`, SUM(IFNULL(toplam_tutar,IFNULL(birim_tutar,0))) as t from `adisyon_hizmetler` where `adisyon_id` in (524883, 524885, 524887, 524888, 524889, 524892, 524894, 524896, 524897, 524899, 524900, 524901, 524902, 524905, 524906, 524907, 524909, 524912, 524913, 524914, 524915, 524916, 524918, 524923, 524924, 524925, 524926, 524928, 524929, 524931, 524932, 524933, 524934, 524935, 524936, 524937, 524938, 524939, 524940, 524941, 524942, 524943, 524944, 524945, 524946, 524947, 524948, 524950, 524951, 524952, 524953, 524954, 524955, 524956, 524957, 524959, 524960, 524962, 524963, 524964, 524965, 524966, 524967, 524968, 524969, 524970, 524971, 524974, 524975, 524976, 524977, 524978, 524979, 524980, 524982, 524983, 524984, 524985, 524987, 524990, 524991, 524992, 524994, 524996, 524997, 524998, 524999, 525000, 525001, 525002, 525003, 525004, 525005, 525006, 525007, 525008, 525009, 525010, 525011, 525012) group by `adisyon_id`)  
[2026-07-01 23:01:36] local.WARNING: SalonHatirlatma [acikAdisyonEski] hata: SQLSTATE[42S22]: Column not found: 1054 Unknown column 'toplam_tutar' in 'SELECT' (SQL: select `adisyon_id`, SUM(IFNULL(toplam_tutar,IFNULL(birim_tutar,0))) as t from `adisyon_hizmetler` where `adisyon_id` in (524883, 524885, 524887, 524888, 524889, 524892, 524894, 524896, 524897, 524899, 524900, 524901, 524902, 524905, 524906, 524907, 524909, 524912, 524913, 524914, 524915, 524916, 524918, 524923, 524924, 524925, 524926, 524928, 524929, 524931, 524932, 524933, 524934, 524935, 524936, 524937, 524938, 524939, 524940, 524941, 524942, 524943, 524944, 524945, 524946, 524947, 524948, 524950, 524951, 524952, 524953, 524954, 524955, 524956, 524957, 524959, 524960, 524962, 524963, 524964, 524965, 524966, 524967, 524968, 524969, 524970, 524971, 524974, 524975, 524976, 524977, 524978, 524979, 524980, 524982, 524983, 524984, 524985, 524987, 524990, 524991, 524992, 524994, 524996, 524997, 524998, 524999, 525000, 525001, 525002, 525003, 525004, 525005, 525006, 525007, 525008, 525009, 525010, 525011, 525012) group by `adisyon_id`)  
[2026-07-01 23:01:56] local.WARNING: SalonHatirlatma [acikAdisyonEski] hata: SQLSTATE[42S22]: Column not found: 1054 Unknown column 'toplam_tutar' in 'SELECT' (SQL: select `adisyon_id`, SUM(IFNULL(toplam_tutar,IFNULL(birim_tutar,0))) as t from `adisyon_hizmetler` where `adisyon_id` in (524883, 524885, 524887, 524888, 524889, 524892, 524894, 524896, 524897, 524899, 524900, 524901, 524902, 524905, 524906, 524907, 524909, 524912, 524913, 524914, 524915, 524916, 524918, 524923, 524924, 524925, 524926, 524928, 524929, 524931, 524932, 524933, 524934, 524935, 524936, 524937, 524938, 524939, 524940, 524941, 524942, 524943, 524944, 524945, 524946, 524947, 524948, 524950, 524951, 524952, 524953, 524954, 524955, 524956, 524957, 524959, 524960, 524962, 524963, 524964, 524965, 524966, 524967, 524968, 524969, 524970, 524971, 524974, 524975, 524976, 524977, 524978, 524979, 524980, 524982, 524983, 524984, 524985, 524987, 524990, 524991, 524992, 524994, 524996, 524997, 524998, 524999, 525000, 525001, 525002, 525003, 525004, 525005, 525006, 525007, 525008, 525009, 525010, 525011, 525012) group by `adisyon_id`)  
[2026-07-01 23:02:01] local.INFO: [RND-SMS] cron tick {"simdi":"01.07.2026 23:02","aday_randevu_sayisi":566} 
[2026-07-01 23:02:03] local.INFO: [ALACAK-ARAMA] kontrol basladi. dk=2026-07-01 23:02  
[2026-07-01 23:02:03] local.INFO: [ALACAK-ARAMA] aranacak alacak yok.  
[2026-07-01 23:02:03] local.INFO: 💊 İlaç kontrol zamanı: 23:02  
[2026-07-01 23:02:09] local.ERROR: SQLSTATE[42S22]: Column not found: 1054 Unknown column 'users.surname' in 'SELECT' (SQL: select `salon_yorumlar`.`id`, `salon_yorumlar`.`user_id`, `salon_yorumlar`.`yorum`, `salon_yorumlar`.`updated_at` as `tarih`, `users`.`name` as `kullanici_adi`, `users`.`surname` as `kullanici_soyadi` from `salon_yorumlar` left join `users` on `salon_yorumlar`.`user_id` = `users`.`id` where `salon_yorumlar`.`salon_id` in (355) order by `salon_yorumlar`.`updated_at` desc) {"exception":"[object] (Illuminate\\Database\\QueryException(code: 42S22): SQLSTATE[42S22]: Column not found: 1054 Unknown column 'users.surname' in 'SELECT' (SQL: select `salon_yorumlar`.`id`, `salon_yorumlar`.`user_id`, `salon_yorumlar`.`yorum`, `salon_yorumlar`.`updated_at` as `tarih`, `users`.`name` as `kullanici_adi`, `users`.`surname` as `kullanici_soyadi` from `salon_yorumlar` left join `users` on `salon_yorumlar`.`user_id` = `users`.`id` where `salon_yorumlar`.`salon_id` in (355) order by `salon_yorumlar`.`updated_at` desc) at /var/www/www-root/data/www/randevumcepte/vendor/laravel/framework/src/Illuminate/Database/Connection.php:664, PDOException(code: 42S22): SQLSTATE[42S22]: Column not found: 1054 Unknown column 'users.surname' in 'SELECT' at /var/www/www-root/data/www/randevumcepte/vendor/laravel/framework/src/Illuminate/Database/Connection.php:326)
[stacktrace]
#0 /var/www/www-root/data/www/randevumcepte/vendor/laravel/framework/src/Illuminate/Database/Connection.php(624): Illuminate\\Database\\Connection->runQueryCallback('select `salon_y...', Array, Object(Closure))
#1 /var/www/www-root/data/www/randevumcepte/vendor/laravel/framework/src/Illuminate/Database/Connection.php(333): Illuminate\\Database\\Connection->run('select `salon_y...', Array, Object(Closure))
#2 /var/www/www-root/data/www/randevumcepte/vendor/laravel/framework/src/Illuminate/Database/Query/Builder.php(1963): Illuminate\\Database\\Connection->select('select `salon_y...', Array, true)
#3 /var/www/www-root/data/www/randevumcepte/vendor/laravel/framework/src/Illuminate/Database/Query/Builder.php(1951): Illuminate\\Database\\Query\\Builder->runSelect()
#4 /var/www/www-root/data/www/randevumcepte/vendor/laravel/framework/src/Illuminate/Database/Query/Builder.php(2435): Illuminate\\Database\\Query\\Builder->Illuminate\\Database\\Query\\{closure}()
#5 /var/www/www-root/data/www/randevumcepte/vendor/laravel/framework/src/Illuminate/Database/Query/Builder.php(1952): Illuminate\\Database\\Query\\Builder->onceWithColumns(Array, Object(Closure))
#6 /var/www/www-root/data/www/randevumcepte/app/Http/Controllers/ApiController.php(21456): Illuminate\\Database\\Query\\Builder->get()
#7 [internal function]: App\\Http\\Controllers\\ApiController->salonyorumlari(Object(Illuminate\\Http\\Request))
#8 /var/www/www-root/data/www/randevumcepte/vendor/laravel/framework/src/Illuminate/Routing/Controller.php(54): call_user_func_array(Array, Array)
#9 /var/www/www-root/data/www/randevumcepte/vendor/laravel/framework/src/Illuminate/Routing/ControllerDispatcher.php(45): Illuminate\\Routing\\Controller->callAction('salonyorumlari', Array)
#10 /var/www/www-root/data/www/randevumcepte/vendor/laravel/framework/src/Illuminate/Routing/Route.php(212): Illuminate\\Routing\\ControllerDispatcher->dispatch(Object(Illuminate\\Routing\\Route), Object(App\\Http\\Controllers\\ApiController), 'salonyorumlari')
#11 /var/www/www-root/data/www/randevumcepte/vendor/laravel/framework/src/Illuminate/Routing/Route.php(169): Illuminate\\Routing\\Route->runController()
#12 /var/www/www-root/data/www/randevumcepte/vendor/laravel/framework/src/Illuminate/Routing/Router.php(665): Illuminate\\Routing\\Route->run()
#13 /var/www/www-root/data/www/randevumcepte/vendor/laravel/framework/src/Illuminate/Routing/Pipeline.php(30): Illuminate\\Routing\\Router->Illuminate\\Routing\\{closure}(Object(Illuminate\\Http\\Request))
#14 /var/www/www-root/data/www/randevumcepte/vendor/laravel/framework/src/Illuminate/Routing/Middleware/SubstituteBindings.php(41): Illuminate\\Routing\\Pipeline->Illuminate\\Routing\\{closure}(Object(Illuminate\\Http\\Request))
#15 /var/www/www-root/data/www/randevumcepte/vendor/laravel/framework/src/Illuminate/Pipeline/Pipeline.php(151): Illuminate\\Routing\\Middleware\\SubstituteBindings->handle(Object(Illuminate\\Http\\Request), Object(Closure))
#16 /var/www/www-root/data/www/randevumcepte/vendor/laravel/framework/src/Illuminate/Routing/Pipeline.php(53): Illuminate\\Pipeline\\Pipeline->Illuminate\\Pipeline\\{closure}(Object(Illuminate\\Http\\Request))
#17 /var/www/www-root/data/www/randevumcepte/vendor/laravel/framework/src/Illuminate/Routing/Middleware/ThrottleRequests.php(57): Illuminate\\Routing\\Pipeline->Illuminate\\Routing\\{closure}(Object(Illuminate\\Http\\Request))
#18 /var/www/www-root/data/www/randevumcepte/vendor/laravel/framework/src/Illuminate/Pipeline/Pipeline.php(151): Illuminate\\Routing\\Middleware\\ThrottleRequests->handle(Object(Illuminate\\Http\\Request), Object(Closure), 60, '1')
#19 /var/www/www-root/data/www/randevumcepte/vendor/laravel/framework/src/Illuminate/Routing/Pipeline.php(53): Illuminate\\Pipeline\\Pipeline->Illuminate\\Pipeline\\{closure}(Object(Illuminate\\Http\\Request))
#20 /var/www/www-root/data/www/randevumcepte/vendor/laravel/framework/src/Illuminate/Pipeline/Pipeline.php(104): Illuminate\\Routing\\Pipeline->Illuminate\\Routing\\{closure}(Object(Illuminate\\Http\\Request))
#21 /var/www/www-root/data/www/randevumcepte/vendor/laravel/framework/src/Illuminate/Routing/Router.php(667): Illuminate\\Pipeline\\Pipeline->then(Object(Closure))
#22 /var/www/www-root/data/www/randevumcepte/vendor/laravel/framework/src/Illuminate/Routing/Router.php(642): Illuminate\\Routing\\Router->runRouteWithinStack(Object(Illuminate\\Routing\\Route), Object(Illuminate\\Http\\Request))
#23 /var/www/www-root/data/www/randevumcepte/vendor/laravel/framework/src/Illuminate/Routing/Router.php(608): Illuminate\\Routing\\Router->runRoute(Object(Illuminate\\Http\\Request), Object(Illuminate\\Routing\\Route))
#24 /var/www/www-root/data/www/randevumcepte/vendor/laravel/framework/src/Illuminate/Routing/Router.php(597): Illuminate\\Routing\\Router->dispatchToRoute(Object(Illuminate\\Http\\Request))
#25 /var/www/www-root/data/www/randevumcepte/vendor/laravel/framework/src/Illuminate/Foundation/Http/Kernel.php(176): Illuminate\\Routing\\Router->dispatch(Object(Illuminate\\Http\\Request))
#26 /var/www/www-root/data/www/randevumcepte/vendor/laravel/framework/src/Illuminate/Routing/Pipeline.php(30): Illuminate\\Foundation\\Http\\Kernel->Illuminate\\Foundation\\Http\\{closure}(Object(Illuminate\\Http\\Request))
#27 /var/www/www-root/data/www/randevumcepte/vendor/barryvdh/laravel-debugbar/src/Middleware/InjectDebugbar.php(58): Illuminate\\Routing\\Pipeline->Illuminate\\Routing\\{closure}(Object(Illuminate\\Http\\Request))
#28 /var/www/www-root/data/www/randevumcepte/vendor/laravel/framework/src/Illuminate/Pipeline/Pipeline.php(151): Barryvdh\\Debugbar\\Middleware\\InjectDebugbar->handle(Object(Illuminate\\Http\\Request), Object(Closure))
#29 /var/www/www-root/data/www/randevumcepte/vendor/laravel/framework/src/Illuminate/Routing/Pipeline.php(53): Illuminate\\Pipeline\\Pipeline->Illuminate\\Pipeline\\{closure}(Object(Illuminate\\Http\\Request))
#30 /var/www/www-root/data/www/randevumcepte/vendor/laravel/framework/src/Illuminate/Foundation/Http/Middleware/TransformsRequest.php(31): Illuminate\\Routing\\Pipeline->Illuminate\\Routing\\{closure}(Object(Illuminate\\Http\\Request))
#31 /var/www/www-root/data/www/randevumcepte/vendor/laravel/framework/src/Illuminate/Pipeline/Pipeline.php(151): Illuminate\\Foundation\\Http\\Middleware\\TransformsRequest->handle(Object(Illuminate\\Http\\Request), Object(Closure))
#32 /var/www/www-root/data/www/randevumcepte/vendor/laravel/framework/src/Illuminate/Routing/Pipeline.php(53): Illuminate\\Pipeline\\Pipeline->Illuminate\\Pipeline\\{closure}(Object(Illuminate\\Http\\Request))
#33 /var/www/www-root/data/www/randevumcepte/vendor/laravel/framework/src/Illuminate/Foundation/Http/Middleware/TransformsRequest.php(31): Illuminate\\Routing\\Pipeline->Illuminate\\Routing\\{closure}(Object(Illuminate\\Http\\Request))
#34 /var/www/www-root/data/www/randevumcepte/vendor/laravel/framework/src/Illuminate/Pipeline/Pipeline.php(151): Illuminate\\Foundation\\Http\\Middleware\\TransformsRequest->handle(Object(Illuminate\\Http\\Request), Object(Closure))
#35 /var/www/www-root/data/www/randevumcepte/vendor/laravel/framework/src/Illuminate/Routing/Pipeline.php(53): Illuminate\\Pipeline\\Pipeline->Illuminate\\Pipeline\\{closure}(Object(Illuminate\\Http\\Request))
#36 /var/www/www-root/data/www/randevumcepte/vendor/laravel/framework/src/Illuminate/Foundation/Http/Middleware/ValidatePostSize.php(27): Illuminate\\Routing\\Pipeline->Illuminate\\Routing\\{closure}(Object(Illuminate\\Http\\Request))
#37 /var/www/www-root/data/www/randevumcepte/vendor/laravel/framework/src/Illuminate/Pipeline/Pipeline.php(151): Illuminate\\Foundation\\Http\\Middleware\\ValidatePostSize->handle(Object(Illuminate\\Http\\Request), Object(Closure))
#38 /var/www/www-root/data/www/randevumcepte/vendor/laravel/framework/src/Illuminate/Routing/Pipeline.php(53): Illuminate\\Pipeline\\Pipeline->Illuminate\\Pipeline\\{closure}(Object(Illuminate\\Http\\Request))
#39 /var/www/www-root/data/www/randevumcepte/vendor/laravel/framework/src/Illuminate/Foundation/Http/Middleware/CheckForMaintenanceMode.php(62): Illuminate\\Routing\\Pipeline->Illuminate\\Routing\\{closure}(Object(Illuminate\\Http\\Request))
#40 /var/www/www-root/data/www/randevumcepte/vendor/laravel/framework/src/Illuminate/Pipeline/Pipeline.php(151): Illuminate\\Foundation\\Http\\Middleware\\CheckForMaintenanceMode->handle(Object(Illuminate\\Http\\Request), Object(Closure))
#41 /var/www/www-root/data/www/randevumcepte/vendor/laravel/framework/src/Illuminate/Routing/Pipeline.php(53): Illuminate\\Pipeline\\Pipeline->Illuminate\\Pipeline\\{closure}(Object(Illuminate\\Http\\Request))
#42 /var/www/www-root/data/www/randevumcepte/vendor/laravel/framework/src/Illuminate/Pipeline/Pipeline.php(104): Illuminate\\Routing\\Pipeline->Illuminate\\Routing\\{closure}(Object(Illuminate\\Http\\Request))
#43 /var/www/www-root/data/www/randevumcepte/vendor/laravel/framework/src/Illuminate/Foundation/Http/Kernel.php(151): Illuminate\\Pipeline\\Pipeline->then(Object(Closure))
#44 /var/www/www-root/data/www/randevumcepte/vendor/laravel/framework/src/Illuminate/Foundation/Http/Kernel.php(116): Illuminate\\Foundation\\Http\\Kernel->sendRequestThroughRouter(Object(Illuminate\\Http\\Request))
#45 /var/www/www-root/data/www/randevumcepte/public/index.php(52): Illuminate\\Foundation\\Http\\Kernel->handle(Object(Illuminate\\Http\\Request))
#46 /var/www/www-root/data/www/randevumcepte/index.php(20): require_once('/var/www/www-ro...')
#47 {main}
"} 
[2026-07-01 23:02:16] local.WARNING: SalonHatirlatma [acikAdisyonEski] hata: SQLSTATE[42S22]: Column not found: 1054 Unknown column 'toplam_tutar' in 'SELECT' (SQL: select `adisyon_id`, SUM(IFNULL(toplam_tutar,IFNULL(birim_tutar,0))) as t from `adisyon_hizmetler` where `adisyon_id` in (524883, 524885, 524887, 524888, 524889, 524892, 524894, 524896, 524897, 524899, 524900, 524901, 524902, 524905, 524906, 524907, 524909, 524912, 524913, 524914, 524915, 524916, 524918, 524923, 524924, 524925, 524926, 524928, 524929, 524931, 524932, 524933, 524934, 524935, 524936, 524937, 524938, 524939, 524940, 524941, 524942, 524943, 524944, 524945, 524946, 524947, 524948, 524950, 524951, 524952, 524953, 524954, 524955, 524956, 524957, 524959, 524960, 524962, 524963, 524964, 524965, 524966, 524967, 524968, 524969, 524970, 524971, 524974, 524975, 524976, 524977, 524978, 524979, 524980, 524982, 524983, 524984, 524985, 524987, 524990, 524991, 524992, 524994, 524996, 524997, 524998, 524999, 525000, 525001, 525002, 525003, 525004, 525005, 525006, 525007, 525008, 525009, 525010, 525011, 525012) group by `adisyon_id`)  
[2026-07-01 23:02:36] local.WARNING: SalonHatirlatma [acikAdisyonEski] hata: SQLSTATE[42S22]: Column not found: 1054 Unknown column 'toplam_tutar' in 'SELECT' (SQL: select `adisyon_id`, SUM(IFNULL(toplam_tutar,IFNULL(birim_tutar,0))) as t from `adisyon_hizmetler` where `adisyon_id` in (524883, 524885, 524887, 524888, 524889, 524892, 524894, 524896, 524897, 524899, 524900, 524901, 524902, 524905, 524906, 524907, 524909, 524912, 524913, 524914, 524915, 524916, 524918, 524923, 524924, 524925, 524926, 524928, 524929, 524931, 524932, 524933, 524934, 524935, 524936, 524937, 524938, 524939, 524940, 524941, 524942, 524943, 524944, 524945, 524946, 524947, 524948, 524950, 524951, 524952, 524953, 524954, 524955, 524956, 524957, 524959, 524960, 524962, 524963, 524964, 524965, 524966, 524967, 524968, 524969, 524970, 524971, 524974, 524975, 524976, 524977, 524978, 524979, 524980, 524982, 524983, 524984, 524985, 524987, 524990, 524991, 524992, 524994, 524996, 524997, 524998, 524999, 525000, 525001, 525002, 525003, 525004, 525005, 525006, 525007, 525008, 525009, 525010, 525011, 525012) group by `adisyon_id`)  
[2026-07-01 23:02:56] local.WARNING: SalonHatirlatma [acikAdisyonEski] hata: SQLSTATE[42S22]: Column not found: 1054 Unknown column 'toplam_tutar' in 'SELECT' (SQL: select `adisyon_id`, SUM(IFNULL(toplam_tutar,IFNULL(birim_tutar,0))) as t from `adisyon_hizmetler` where `adisyon_id` in (524883, 524885, 524887, 524888, 524889, 524892, 524894, 524896, 524897, 524899, 524900, 524901, 524902, 524905, 524906, 524907, 524909, 524912, 524913, 524914, 524915, 524916, 524918, 524923, 524924, 524925, 524926, 524928, 524929, 524931, 524932, 524933, 524934, 524935, 524936, 524937, 524938, 524939, 524940, 524941, 524942, 524943, 524944, 524945, 524946, 524947, 524948, 524950, 524951, 524952, 524953, 524954, 524955, 524956, 524957, 524959, 524960, 524962, 524963, 524964, 524965, 524966, 524967, 524968, 524969, 524970, 524971, 524974, 524975, 524976, 524977, 524978, 524979, 524980, 524982, 524983, 524984, 524985, 524987, 524990, 524991, 524992, 524994, 524996, 524997, 524998, 524999, 525000, 525001, 525002, 525003, 525004, 525005, 525006, 525007, 525008, 525009, 525010, 525011, 525012) group by `adisyon_id`)  
[2026-07-01 23:03:01] local.INFO: [RND-SMS] cron tick {"simdi":"01.07.2026 23:03","aday_randevu_sayisi":566} 
[2026-07-01 23:03:03] local.INFO: [ALACAK-ARAMA] kontrol basladi. dk=2026-07-01 23:03  
[2026-07-01 23:03:03] local.INFO: [ALACAK-ARAMA] aranacak alacak yok.  
[2026-07-01 23:03:03] local.INFO: 💊 İlaç kontrol zamanı: 23:03  
[2026-07-01 23:03:16] local.WARNING: SalonHatirlatma [acikAdisyonEski] hata: SQLSTATE[42S22]: Column not found: 1054 Unknown column 'toplam_tutar' in 'SELECT' (SQL: select `adisyon_id`, SUM(IFNULL(toplam_tutar,IFNULL(birim_tutar,0))) as t from `adisyon_hizmetler` where `adisyon_id` in (524883, 524885, 524887, 524888, 524889, 524892, 524894, 524896, 524897, 524899, 524900, 524901, 524902, 524905, 524906, 524907, 524909, 524912, 524913, 524914, 524915, 524916, 524918, 524923, 524924, 524925, 524926, 524928, 524929, 524931, 524932, 524933, 524934, 524935, 524936, 524937, 524938, 524939, 524940, 524941, 524942, 524943, 524944, 524945, 524946, 524947, 524948, 524950, 524951, 524952, 524953, 524954, 524955, 524956, 524957, 524959, 524960, 524962, 524963, 524964, 524965, 524966, 524967, 524968, 524969, 524970, 524971, 524974, 524975, 524976, 524977, 524978, 524979, 524980, 524982, 524983, 524984, 524985, 524987, 524990, 524991, 524992, 524994, 524996, 524997, 524998, 524999, 525000, 525001, 525002, 525003, 525004, 525005, 525006, 525007, 525008, 525009, 525010, 525011, 525012) group by `adisyon_id`)  
[2026-07-01 23:03:36] local.WARNING: SalonHatirlatma [acikAdisyonEski] hata: SQLSTATE[42S22]: Column not found: 1054 Unknown column 'toplam_tutar' in 'SELECT' (SQL: select `adisyon_id`, SUM(IFNULL(toplam_tutar,IFNULL(birim_tutar,0))) as t from `adisyon_hizmetler` where `adisyon_id` in (524883, 524885, 524887, 524888, 524889, 524892, 524894, 524896, 524897, 524899, 524900, 524901, 524902, 524905, 524906, 524907, 524909, 524912, 524913, 524914, 524915, 524916, 524918, 524923, 524924, 524925, 524926, 524928, 524929, 524931, 524932, 524933, 524934, 524935, 524936, 524937, 524938, 524939, 524940, 524941, 524942, 524943, 524944, 524945, 524946, 524947, 524948, 524950, 524951, 524952, 524953, 524954, 524955, 524956, 524957, 524959, 524960, 524962, 524963, 524964, 524965, 524966, 524967, 524968, 524969, 524970, 524971, 524974, 524975, 524976, 524977, 524978, 524979, 524980, 524982, 524983, 524984, 524985, 524987, 524990, 524991, 524992, 524994, 524996, 524997, 524998, 524999, 525000, 525001, 525002, 525003, 525004, 525005, 525006, 525007, 525008, 525009, 525010, 525011, 525012) group by `adisyon_id`)  
[2026-07-01 23:04:02] local.INFO: [RND-SMS] cron tick {"simdi":"01.07.2026 23:04","aday_randevu_sayisi":566} 
[2026-07-01 23:04:03] local.INFO: [ALACAK-ARAMA] kontrol basladi. dk=2026-07-01 23:04  
[2026-07-01 23:04:03] local.INFO: [ALACAK-ARAMA] aranacak alacak yok.  
[2026-07-01 23:04:04] local.INFO: 💊 İlaç kontrol zamanı: 23:04  
[2026-07-01 23:04:04] local.INFO: 💊 Tetiklenen ilaç: parol  
[2026-07-01 23:04:04] local.ERROR: Target [Illuminate\Contracts\Bus\Dispatcher] is not instantiable. {"exception":"[object] (Illuminate\\Contracts\\Container\\BindingResolutionException(code: 0): Target [Illuminate\\Contracts\\Bus\\Dispatcher] is not instantiable. at /var/www/www-root/data/www/randevumcepte/vendor/laravel/framework/src/Illuminate/Container/Container.php:933)
[stacktrace]
#0 /var/www/www-root/data/www/randevumcepte/vendor/laravel/framework/src/Illuminate/Container/Container.php(773): Illuminate\\Container\\Container->notInstantiable('Illuminate\\\\Cont...')
#1 /var/www/www-root/data/www/randevumcepte/vendor/laravel/framework/src/Illuminate/Container/Container.php(646): Illuminate\\Container\\Container->build('Illuminate\\\\Cont...')
#2 /var/www/www-root/data/www/randevumcepte/vendor/laravel/framework/src/Illuminate/Container/Container.php(601): Illuminate\\Container\\Container->resolve('Illuminate\\\\Cont...', Array)
#3 /var/www/www-root/data/www/randevumcepte/vendor/laravel/framework/src/Illuminate/Foundation/Application.php(734): Illuminate\\Container\\Container->make('Illuminate\\\\Cont...', Array)
#4 /var/www/www-root/data/www/randevumcepte/vendor/laravel/framework/src/Illuminate/Foundation/helpers.php(119): Illuminate\\Foundation\\Application->make('Illuminate\\\\Cont...', Array)
#5 /var/www/www-root/data/www/randevumcepte/vendor/laravel/framework/src/Illuminate/Foundation/Bus/PendingDispatch.php(112): app('Illuminate\\\\Cont...')
#6 /var/www/www-root/data/www/randevumcepte/app/Console/Commands/IlacHatirlatmalari.php(33): Illuminate\\Foundation\\Bus\\PendingDispatch->__destruct()
#7 /var/www/www-root/data/www/randevumcepte/vendor/laravel/framework/src/Illuminate/Database/Concerns/BuildsQueries.php(39): App\\Console\\Commands\\IlacHatirlatmalari->App\\Console\\Commands\\{closure}(Object(Illuminate\\Database\\Eloquent\\Collection), 1)
#8 /var/www/www-root/data/www/randevumcepte/app/Console/Commands/IlacHatirlatmalari.php(36): Illuminate\\Database\\Eloquent\\Builder->chunk(500, Object(Closure))
#9 [internal function]: App\\Console\\Commands\\IlacHatirlatmalari->handle()
#10 /var/www/www-root/data/www/randevumcepte/vendor/laravel/framework/src/Illuminate/Container/BoundMethod.php(29): call_user_func_array(Array, Array)
#11 /var/www/www-root/data/www/randevumcepte/vendor/laravel/framework/src/Illuminate/Container/BoundMethod.php(87): Illuminate\\Container\\BoundMethod::Illuminate\\Container\\{closure}()
#12 /var/www/www-root/data/www/randevumcepte/vendor/laravel/framework/src/Illuminate/Container/BoundMethod.php(31): Illuminate\\Container\\BoundMethod::callBoundMethod(Object(Illuminate\\Foundation\\Application), Array, Object(Closure))
#13 /var/www/www-root/data/www/randevumcepte/vendor/laravel/framework/src/Illuminate/Container/Container.php(564): Illuminate\\Container\\BoundMethod::call(Object(Illuminate\\Foundation\\Application), Array, Array, NULL)
#14 /var/www/www-root/data/www/randevumcepte/vendor/laravel/framework/src/Illuminate/Console/Command.php(179): Illuminate\\Container\\Container->call(Array)
#15 /var/www/www-root/data/www/randevumcepte/vendor/symfony/console/Command/Command.php(255): Illuminate\\Console\\Command->execute(Object(Symfony\\Component\\Console\\Input\\ArgvInput), Object(Illuminate\\Console\\OutputStyle))
#16 /var/www/www-root/data/www/randevumcepte/vendor/laravel/framework/src/Illuminate/Console/Command.php(166): Symfony\\Component\\Console\\Command\\Command->run(Object(Symfony\\Component\\Console\\Input\\ArgvInput), Object(Illuminate\\Console\\OutputStyle))
#17 /var/www/www-root/data/www/randevumcepte/vendor/symfony/console/Application.php(1021): Illuminate\\Console\\Command->run(Object(Symfony\\Component\\Console\\Input\\ArgvInput), Object(Symfony\\Component\\Console\\Output\\ConsoleOutput))
#18 /var/www/www-root/data/www/randevumcepte/vendor/symfony/console/Application.php(275): Symfony\\Component\\Console\\Application->doRunCommand(Object(App\\Console\\Commands\\IlacHatirlatmalari), Object(Symfony\\Component\\Console\\Input\\ArgvInput), Object(Symfony\\Component\\Console\\Output\\ConsoleOutput))
#19 /var/www/www-root/data/www/randevumcepte/vendor/symfony/console/Application.php(149): Symfony\\Component\\Console\\Application->doRun(Object(Symfony\\Component\\Console\\Input\\ArgvInput), Object(Symfony\\Component\\Console\\Output\\ConsoleOutput))
#20 /var/www/www-root/data/www/randevumcepte/vendor/laravel/framework/src/Illuminate/Console/Application.php(89): Symfony\\Component\\Console\\Application->run(Object(Symfony\\Component\\Console\\Input\\ArgvInput), Object(Symfony\\Component\\Console\\Output\\ConsoleOutput))
#21 /var/www/www-root/data/www/randevumcepte/vendor/laravel/framework/src/Illuminate/Foundation/Console/Kernel.php(122): Illuminate\\Console\\Application->run(Object(Symfony\\Component\\Console\\Input\\ArgvInput), Object(Symfony\\Component\\Console\\Output\\ConsoleOutput))
#22 /var/www/www-root/data/www/randevumcepte/artisan(35): Illuminate\\Foundation\\Console\\Kernel->handle(Object(Symfony\\Component\\Console\\Input\\ArgvInput), Object(Symfony\\Component\\Console\\Output\\ConsoleOutput))
#23 {main}
"} 
[2026-07-01 23:04:16] local.WARNING: SalonHatirlatma [acikAdisyonEski] hata: SQLSTATE[42S22]: Column not found: 1054 Unknown column 'toplam_tutar' in 'SELECT' (SQL: select `adisyon_id`, SUM(IFNULL(toplam_tutar,IFNULL(birim_tutar,0))) as t from `adisyon_hizmetler` where `adisyon_id` in (524883, 524885, 524887, 524888, 524889, 524892, 524894, 524896, 524897, 524899, 524900, 524901, 524902, 524905, 524906, 524907, 524909, 524912, 524913, 524914, 524915, 524916, 524918, 524923, 524924, 524925, 524926, 524928, 524929, 524931, 524932, 524933, 524934, 524935, 524936, 524937, 524938, 524939, 524940, 524941, 524942, 524943, 524944, 524945, 524946, 524947, 524948, 524950, 524951, 524952, 524953, 524954, 524955, 524956, 524957, 524959, 524960, 524962, 524963, 524964, 524965, 524966, 524967, 524968, 524969, 524970, 524971, 524974, 524975, 524976, 524977, 524978, 524979, 524980, 524982, 524983, 524984, 524985, 524987, 524990, 524991, 524992, 524994, 524996, 524997, 524998, 524999, 525000, 525001, 525002, 525003, 525004, 525005, 525006, 525007, 525008, 525009, 525010, 525011, 525012) group by `adisyon_id`)  
[2026-07-01 23:04:21] local.ERROR: Trying to get property 'id' of non-object {"exception":"[object] (ErrorException(code: 0): Trying to get property 'id' of non-object at /var/www/www-root/data/www/randevumcepte/app/Http/Controllers/HomeController.php:299)
[stacktrace]
#0 /var/www/www-root/data/www/randevumcepte/app/Http/Controllers/HomeController.php(299): Illuminate\\Foundation\\Bootstrap\\HandleExceptions->handleError(8, 'Trying to get p...', '/var/www/www-ro...', 299, Array)
#1 [internal function]: App\\Http\\Controllers\\HomeController->salonDetay(Object(Illuminate\\Http\\Request))
#2 /var/www/www-root/data/www/randevumcepte/vendor/laravel/framework/src/Illuminate/Routing/Controller.php(54): call_user_func_array(Array, Array)
#3 /var/www/www-root/data/www/randevumcepte/vendor/laravel/framework/src/Illuminate/Routing/ControllerDispatcher.php(45): Illuminate\\Routing\\Controller->callAction('salonDetay', Array)
#4 /var/www/www-root/data/www/randevumcepte/vendor/laravel/framework/src/Illuminate/Routing/Route.php(212): Illuminate\\Routing\\ControllerDispatcher->dispatch(Object(Illuminate\\Routing\\Route), Object(App\\Http\\Controllers\\HomeController), 'salonDetay')
#5 /var/www/www-root/data/www/randevumcepte/vendor/laravel/framework/src/Illuminate/Routing/Route.php(169): Illuminate\\Routing\\Route->runController()
#6 /var/www/www-root/data/www/randevumcepte/vendor/laravel/framework/src/Illuminate/Routing/Router.php(665): Illuminate\\Routing\\Route->run()
#7 /var/www/www-root/data/www/randevumcepte/vendor/laravel/framework/src/Illuminate/Routing/Pipeline.php(30): Illuminate\\Routing\\Router->Illuminate\\Routing\\{closure}(Object(Illuminate\\Http\\Request))
#8 /var/www/www-root/data/www/randevumcepte/app/Http/Middleware/RedirectIfAuthenticated.php(33): Illuminate\\Routing\\Pipeline->Illuminate\\Routing\\{closure}(Object(Illuminate\\Http\\Request))
#9 /var/www/www-root/data/www/randevumcepte/vendor/laravel/framework/src/Illuminate/Pipeline/Pipeline.php(151): App\\Http\\Middleware\\RedirectIfAuthenticated->handle(Object(Illuminate\\Http\\Request), Object(Closure))
#10 /var/www/www-root/data/www/randevumcepte/vendor/laravel/framework/src/Illuminate/Routing/Pipeline.php(53): Illuminate\\Pipeline\\Pipeline->Illuminate\\Pipeline\\{closure}(Object(Illuminate\\Http\\Request))
#11 /var/www/www-root/data/www/randevumcepte/vendor/htmlmin/htmlmin/src/Http/Middleware/MinifyMiddleware.php(55): Illuminate\\Routing\\Pipeline->Illuminate\\Routing\\{closure}(Object(Illuminate\\Http\\Request))
#12 /var/www/www-root/data/www/randevumcepte/vendor/laravel/framework/src/Illuminate/Pipeline/Pipeline.php(151): HTMLMin\\HTMLMin\\Http\\Middleware\\MinifyMiddleware->handle(Object(Illuminate\\Http\\Request), Object(Closure))
#13 /var/www/www-root/data/www/randevumcepte/vendor/laravel/framework/src/Illuminate/Routing/Pipeline.php(53): Illuminate\\Pipeline\\Pipeline->Illuminate\\Pipeline\\{closure}(Object(Illuminate\\Http\\Request))
#14 /var/www/www-root/data/www/randevumcepte/vendor/laravel/framework/src/Illuminate/Routing/Middleware/SubstituteBindings.php(41): Illuminate\\Routing\\Pipeline->Illuminate\\Routing\\{closure}(Object(Illuminate\\Http\\Request))
#15 /var/www/www-root/data/www/randevumcepte/vendor/laravel/framework/src/Illuminate/Pipeline/Pipeline.php(151): Illuminate\\Routing\\Middleware\\SubstituteBindings->handle(Object(Illuminate\\Http\\Request), Object(Closure))
#16 /var/www/www-root/data/www/randevumcepte/vendor/laravel/framework/src/Illuminate/Routing/Pipeline.php(53): Illuminate\\Pipeline\\Pipeline->Illuminate\\Pipeline\\{closure}(Object(Illuminate\\Http\\Request))
#17 /var/www/www-root/data/www/randevumcepte/app/Http/Middleware/AuthenticateSession.php(42): Illuminate\\Routing\\Pipeline->Illuminate\\Routing\\{closure}(Object(Illuminate\\Http\\Request))
#18 /var/www/www-root/data/www/randevumcepte/vendor/laravel/framework/src/Illuminate/Pipeline/Pipeline.php(151): App\\Http\\Middleware\\AuthenticateSession->handle(Object(Illuminate\\Http\\Request), Object(Closure))
#19 /var/www/www-root/data/www/randevumcepte/vendor/laravel/framework/src/Illuminate/Routing/Pipeline.php(53): Illuminate\\Pipeline\\Pipeline->Illuminate\\Pipeline\\{closure}(Object(Illuminate\\Http\\Request))
#20 /var/www/www-root/data/www/randevumcepte/vendor/laravel/framework/src/Illuminate/Foundation/Http/Middleware/VerifyCsrfToken.php(68): Illuminate\\Routing\\Pipeline->Illuminate\\Routing\\{closure}(Object(Illuminate\\Http\\Request))
#21 /var/www/www-root/data/www/randevumcepte/vendor/laravel/framework/src/Illuminate/Pipeline/Pipeline.php(151): Illuminate\\Foundation\\Http\\Middleware\\VerifyCsrfToken->handle(Object(Illuminate\\Http\\Request), Object(Closure))
#22 /var/www/www-root/data/www/randevumcepte/vendor/laravel/framework/src/Illuminate/Routing/Pipeline.php(53): Illuminate\\Pipeline\\Pipeline->Illuminate\\Pipeline\\{closure}(Object(Illuminate\\Http\\Request))
#23 /var/www/www-root/data/www/randevumcepte/vendor/laravel/framework/src/Illuminate/View/Middleware/ShareErrorsFromSession.php(49): Illuminate\\Routing\\Pipeline->Illuminate\\Routing\\{closure}(Object(Illuminate\\Http\\Request))
#24 /var/www/www-root/data/www/randevumcepte/vendor/laravel/framework/src/Illuminate/Pipeline/Pipeline.php(151): Illuminate\\View\\Middleware\\ShareErrorsFromSession->handle(Object(Illuminate\\Http\\Request), Object(Closure))
#25 /var/www/www-root/data/www/randevumcepte/vendor/laravel/framework/src/Illuminate/Routing/Pipeline.php(53): Illuminate\\Pipeline\\Pipeline->Illuminate\\Pipeline\\{closure}(Object(Illuminate\\Http\\Request))
#26 /var/www/www-root/data/www/randevumcepte/vendor/laravel/framework/src/Illuminate/Session/Middleware/StartSession.php(63): Illuminate\\Routing\\Pipeline->Illuminate\\Routing\\{closure}(Object(Illuminate\\Http\\Request))
#27 /var/www/www-root/data/www/randevumcepte/vendor/laravel/framework/src/Illuminate/Pipeline/Pipeline.php(151): Illuminate\\Session\\Middleware\\StartSession->handle(Object(Illuminate\\Http\\Request), Object(Closure))
#28 /var/www/www-root/data/www/randevumcepte/vendor/laravel/framework/src/Illuminate/Routing/Pipeline.php(53): Illuminate\\Pipeline\\Pipeline->Illuminate\\Pipeline\\{closure}(Object(Illuminate\\Http\\Request))
#29 /var/www/www-root/data/www/randevumcepte/vendor/laravel/framework/src/Illuminate/Cookie/Middleware/AddQueuedCookiesToResponse.php(37): Illuminate\\Routing\\Pipeline->Illuminate\\Routing\\{closure}(Object(Illuminate\\Http\\Request))
#30 /var/www/www-root/data/www/randevumcepte/vendor/laravel/framework/src/Illuminate/Pipeline/Pipeline.php(151): Illuminate\\Cookie\\Middleware\\AddQueuedCookiesToResponse->handle(Object(Illuminate\\Http\\Request), Object(Closure))
#31 /var/www/www-root/data/www/randevumcepte/vendor/laravel/framework/src/Illuminate/Routing/Pipeline.php(53): Illuminate\\Pipeline\\Pipeline->Illuminate\\Pipeline\\{closure}(Object(Illuminate\\Http\\Request))
#32 /var/www/www-root/data/www/randevumcepte/vendor/laravel/framework/src/Illuminate/Cookie/Middleware/EncryptCookies.php(66): Illuminate\\Routing\\Pipeline->Illuminate\\Routing\\{closure}(Object(Illuminate\\Http\\Request))
#33 /var/www/www-root/data/www/randevumcepte/vendor/laravel/framework/src/Illuminate/Pipeline/Pipeline.php(151): Illuminate\\Cookie\\Middleware\\EncryptCookies->handle(Object(Illuminate\\Http\\Request), Object(Closure))
#34 /var/www/www-root/data/www/randevumcepte/vendor/laravel/framework/src/Illuminate/Routing/Pipeline.php(53): Illuminate\\Pipeline\\Pipeline->Illuminate\\Pipeline\\{closure}(Object(Illuminate\\Http\\Request))
#35 /var/www/www-root/data/www/randevumcepte/app/Http/Middleware/LogRequestPerformance.php(13): Illuminate\\Routing\\Pipeline->Illuminate\\Routing\\{closure}(Object(Illuminate\\Http\\Request))
#36 /var/www/www-root/data/www/randevumcepte/vendor/laravel/framework/src/Illuminate/Pipeline/Pipeline.php(151): App\\Http\\Middleware\\LogRequestPerformance->handle(Object(Illuminate\\Http\\Request), Object(Closure))
#37 /var/www/www-root/data/www/randevumcepte/vendor/laravel/framework/src/Illuminate/Routing/Pipeline.php(53): Illuminate\\Pipeline\\Pipeline->Illuminate\\Pipeline\\{closure}(Object(Illuminate\\Http\\Request))
#38 /var/www/www-root/data/www/randevumcepte/vendor/laravel/framework/src/Illuminate/Pipeline/Pipeline.php(104): Illuminate\\Routing\\Pipeline->Illuminate\\Routing\\{closure}(Object(Illuminate\\Http\\Request))
#39 /var/www/www-root/data/www/randevumcepte/vendor/laravel/framework/src/Illuminate/Routing/Router.php(667): Illuminate\\Pipeline\\Pipeline->then(Object(Closure))
#40 /var/www/www-root/data/www/randevumcepte/vendor/laravel/framework/src/Illuminate/Routing/Router.php(642): Illuminate\\Routing\\Router->runRouteWithinStack(Object(Illuminate\\Routing\\Route), Object(Illuminate\\Http\\Request))
#41 /var/www/www-root/data/www/randevumcepte/vendor/laravel/framework/src/Illuminate/Routing/Router.php(608): Illuminate\\Routing\\Router->runRoute(Object(Illuminate\\Http\\Request), Object(Illuminate\\Routing\\Route))
#42 /var/www/www-root/data/www/randevumcepte/vendor/laravel/framework/src/Illuminate/Routing/Router.php(597): Illuminate\\Routing\\Router->dispatchToRoute(Object(Illuminate\\Http\\Request))
#43 /var/www/www-root/data/www/randevumcepte/vendor/laravel/framework/src/Illuminate/Foundation/Http/Kernel.php(176): Illuminate\\Routing\\Router->dispatch(Object(Illuminate\\Http\\Request))
#44 /var/www/www-root/data/www/randevumcepte/vendor/laravel/framework/src/Illuminate/Routing/Pipeline.php(30): Illuminate\\Foundation\\Http\\Kernel->Illuminate\\Foundation\\Http\\{closure}(Object(Illuminate\\Http\\Request))
#45 /var/www/www-root/data/www/randevumcepte/vendor/barryvdh/laravel-debugbar/src/Middleware/InjectDebugbar.php(58): Illuminate\\Routing\\Pipeline->Illuminate\\Routing\\{closure}(Object(Illuminate\\Http\\Request))
#46 /var/www/www-root/data/www/randevumcepte/vendor/laravel/framework/src/Illuminate/Pipeline/Pipeline.php(151): Barryvdh\\Debugbar\\Middleware\\InjectDebugbar->handle(Object(Illuminate\\Http\\Request), Object(Closure))
#47 /var/www/www-root/data/www/randevumcepte/vendor/laravel/framework/src/Illuminate/Routing/Pipeline.php(53): Illuminate\\Pipeline\\Pipeline->Illuminate\\Pipeline\\{closure}(Object(Illuminate\\Http\\Request))
#48 /var/www/www-root/data/www/randevumcepte/vendor/laravel/framework/src/Illuminate/Foundation/Http/Middleware/TransformsRequest.php(31): Illuminate\\Routing\\Pipeline->Illuminate\\Routing\\{closure}(Object(Illuminate\\Http\\Request))
#49 /var/www/www-root/data/www/randevumcepte/vendor/laravel/framework/src/Illuminate/Pipeline/Pipeline.php(151): Illuminate\\Foundation\\Http\\Middleware\\TransformsRequest->handle(Object(Illuminate\\Http\\Request), Object(Closure))
#50 /var/www/www-root/data/www/randevumcepte/vendor/laravel/framework/src/Illuminate/Routing/Pipeline.php(53): Illuminate\\Pipeline\\Pipeline->Illuminate\\Pipeline\\{closure}(Object(Illuminate\\Http\\Request))
#51 /var/www/www-root/data/www/randevumcepte/vendor/laravel/framework/src/Illuminate/Foundation/Http/Middleware/TransformsRequest.php(31): Illuminate\\Routing\\Pipeline->Illuminate\\Routing\\{closure}(Object(Illuminate\\Http\\Request))
#52 /var/www/www-root/data/www/randevumcepte/vendor/laravel/framework/src/Illuminate/Pipeline/Pipeline.php(151): Illuminate\\Foundation\\Http\\Middleware\\TransformsRequest->handle(Object(Illuminate\\Http\\Request), Object(Closure))
#53 /var/www/www-root/data/www/randevumcepte/vendor/laravel/framework/src/Illuminate/Routing/Pipeline.php(53): Illuminate\\Pipeline\\Pipeline->Illuminate\\Pipeline\\{closure}(Object(Illuminate\\Http\\Request))
#54 /var/www/www-root/data/www/randevumcepte/vendor/laravel/framework/src/Illuminate/Foundation/Http/Middleware/ValidatePostSize.php(27): Illuminate\\Routing\\Pipeline->Illuminate\\Routing\\{closure}(Object(Illuminate\\Http\\Request))
#55 /var/www/www-root/data/www/randevumcepte/vendor/laravel/framework/src/Illuminate/Pipeline/Pipeline.php(151): Illuminate\\Foundation\\Http\\Middleware\\ValidatePostSize->handle(Object(Illuminate\\Http\\Request), Object(Closure))
#56 /var/www/www-root/data/www/randevumcepte/vendor/laravel/framework/src/Illuminate/Routing/Pipeline.php(53): Illuminate\\Pipeline\\Pipeline->Illuminate\\Pipeline\\{closure}(Object(Illuminate\\Http\\Request))
#57 /var/www/www-root/data/www/randevumcepte/vendor/laravel/framework/src/Illuminate/Foundation/Http/Middleware/CheckForMaintenanceMode.php(62): Illuminate\\Routing\\Pipeline->Illuminate\\Routing\\{closure}(Object(Illuminate\\Http\\Request))
#58 /var/www/www-root/data/www/randevumcepte/vendor/laravel/framework/src/Illuminate/Pipeline/Pipeline.php(151): Illuminate\\Foundation\\Http\\Middleware\\CheckForMaintenanceMode->handle(Object(Illuminate\\Http\\Request), Object(Closure))
#59 /var/www/www-root/data/www/randevumcepte/vendor/laravel/framework/src/Illuminate/Routing/Pipeline.php(53): Illuminate\\Pipeline\\Pipeline->Illuminate\\Pipeline\\{closure}(Object(Illuminate\\Http\\Request))
#60 /var/www/www-root/data/www/randevumcepte/vendor/laravel/framework/src/Illuminate/Pipeline/Pipeline.php(104): Illuminate\\Routing\\Pipeline->Illuminate\\Routing\\{closure}(Object(Illuminate\\Http\\Request))
#61 /var/www/www-root/data/www/randevumcepte/vendor/laravel/framework/src/Illuminate/Foundation/Http/Kernel.php(151): Illuminate\\Pipeline\\Pipeline->then(Object(Closure))
#62 /var/www/www-root/data/www/randevumcepte/vendor/laravel/framework/src/Illuminate/Foundation/Http/Kernel.php(116): Illuminate\\Foundation\\Http\\Kernel->sendRequestThroughRouter(Object(Illuminate\\Http\\Request))
#63 /var/www/www-root/data/www/randevumcepte/public/index.php(52): Illuminate\\Foundation\\Http\\Kernel->handle(Object(Illuminate\\Http\\Request))
#64 /var/www/www-root/data/www/randevumcepte/index.php(20): require_once('/var/www/www-ro...')
#65 {main}
"} 
[2026-07-01 23:04:21] local.ERROR: Trying to get property 'id' of non-object {"exception":"[object] (ErrorException(code: 0): Trying to get property 'id' of non-object at /var/www/www-root/data/www/randevumcepte/app/Http/Controllers/HomeController.php:299)
[stacktrace]
#0 /var/www/www-root/data/www/randevumcepte/app/Http/Controllers/HomeController.php(299): Illuminate\\Foundation\\Bootstrap\\HandleExceptions->handleError(8, 'Trying to get p...', '/var/www/www-ro...', 299, Array)
#1 [internal function]: App\\Http\\Controllers\\HomeController->salonDetay(Object(Illuminate\\Http\\Request))
#2 /var/www/www-root/data/www/randevumcepte/vendor/laravel/framework/src/Illuminate/Routing/Controller.php(54): call_user_func_array(Array, Array)
#3 /var/www/www-root/data/www/randevumcepte/vendor/laravel/framework/src/Illuminate/Routing/ControllerDispatcher.php(45): Illuminate\\Routing\\Controller->callAction('salonDetay', Array)
#4 /var/www/www-root/data/www/randevumcepte/vendor/laravel/framework/src/Illuminate/Routing/Route.php(212): Illuminate\\Routing\\ControllerDispatcher->dispatch(Object(Illuminate\\Routing\\Route), Object(App\\Http\\Controllers\\HomeController), 'salonDetay')
#5 /var/www/www-root/data/www/randevumcepte/vendor/laravel/framework/src/Illuminate/Routing/Route.php(169): Illuminate\\Routing\\Route->runController()
#6 /var/www/www-root/data/www/randevumcepte/vendor/laravel/framework/src/Illuminate/Routing/Router.php(665): Illuminate\\Routing\\Route->run()
#7 /var/www/www-root/data/www/randevumcepte/vendor/laravel/framework/src/Illuminate/Routing/Pipeline.php(30): Illuminate\\Routing\\Router->Illuminate\\Routing\\{closure}(Object(Illuminate\\Http\\Request))
#8 /var/www/www-root/data/www/randevumcepte/app/Http/Middleware/RedirectIfAuthenticated.php(33): Illuminate\\Routing\\Pipeline->Illuminate\\Routing\\{closure}(Object(Illuminate\\Http\\Request))
#9 /var/www/www-root/data/www/randevumcepte/vendor/laravel/framework/src/Illuminate/Pipeline/Pipeline.php(151): App\\Http\\Middleware\\RedirectIfAuthenticated->handle(Object(Illuminate\\Http\\Request), Object(Closure))
#10 /var/www/www-root/data/www/randevumcepte/vendor/laravel/framework/src/Illuminate/Routing/Pipeline.php(53): Illuminate\\Pipeline\\Pipeline->Illuminate\\Pipeline\\{closure}(Object(Illuminate\\Http\\Request))
#11 /var/www/www-root/data/www/randevumcepte/vendor/htmlmin/htmlmin/src/Http/Middleware/MinifyMiddleware.php(55): Illuminate\\Routing\\Pipeline->Illuminate\\Routing\\{closure}(Object(Illuminate\\Http\\Request))
#12 /var/www/www-root/data/www/randevumcepte/vendor/laravel/framework/src/Illuminate/Pipeline/Pipeline.php(151): HTMLMin\\HTMLMin\\Http\\Middleware\\MinifyMiddleware->handle(Object(Illuminate\\Http\\Request), Object(Closure))
#13 /var/www/www-root/data/www/randevumcepte/vendor/laravel/framework/src/Illuminate/Routing/Pipeline.php(53): Illuminate\\Pipeline\\Pipeline->Illuminate\\Pipeline\\{closure}(Object(Illuminate\\Http\\Request))
#14 /var/www/www-root/data/www/randevumcepte/vendor/laravel/framework/src/Illuminate/Routing/Middleware/SubstituteBindings.php(41): Illuminate\\Routing\\Pipeline->Illuminate\\Routing\\{closure}(Object(Illuminate\\Http\\Request))
#15 /var/www/www-root/data/www/randevumcepte/vendor/laravel/framework/src/Illuminate/Pipeline/Pipeline.php(151): Illuminate\\Routing\\Middleware\\SubstituteBindings->handle(Object(Illuminate\\Http\\Request), Object(Closure))
#16 /var/www/www-root/data/www/randevumcepte/vendor/laravel/framework/src/Illuminate/Routing/Pipeline.php(53): Illuminate\\Pipeline\\Pipeline->Illuminate\\Pipeline\\{closure}(Object(Illuminate\\Http\\Request))
#17 /var/www/www-root/data/www/randevumcepte/app/Http/Middleware/AuthenticateSession.php(42): Illuminate\\Routing\\Pipeline->Illuminate\\Routing\\{closure}(Object(Illuminate\\Http\\Request))
#18 /var/www/www-root/data/www/randevumcepte/vendor/laravel/framework/src/Illuminate/Pipeline/Pipeline.php(151): App\\Http\\Middleware\\AuthenticateSession->handle(Object(Illuminate\\Http\\Request), Object(Closure))
#19 /var/www/www-root/data/www/randevumcepte/vendor/laravel/framework/src/Illuminate/Routing/Pipeline.php(53): Illuminate\\Pipeline\\Pipeline->Illuminate\\Pipeline\\{closure}(Object(Illuminate\\Http\\Request))
#20 /var/www/www-root/data/www/randevumcepte/vendor/laravel/framework/src/Illuminate/Foundation/Http/Middleware/VerifyCsrfToken.php(68): Illuminate\\Routing\\Pipeline->Illuminate\\Routing\\{closure}(Object(Illuminate\\Http\\Request))
#21 /var/www/www-root/data/www/randevumcepte/vendor/laravel/framework/src/Illuminate/Pipeline/Pipeline.php(151): Illuminate\\Foundation\\Http\\Middleware\\VerifyCsrfToken->handle(Object(Illuminate\\Http\\Request), Object(Closure))
#22 /var/www/www-root/data/www/randevumcepte/vendor/laravel/framework/src/Illuminate/Routing/Pipeline.php(53): Illuminate\\Pipeline\\Pipeline->Illuminate\\Pipeline\\{closure}(Object(Illuminate\\Http\\Request))
#23 /var/www/www-root/data/www/randevumcepte/vendor/laravel/framework/src/Illuminate/View/Middleware/ShareErrorsFromSession.php(49): Illuminate\\Routing\\Pipeline->Illuminate\\Routing\\{closure}(Object(Illuminate\\Http\\Request))
#24 /var/www/www-root/data/www/randevumcepte/vendor/laravel/framework/src/Illuminate/Pipeline/Pipeline.php(151): Illuminate\\View\\Middleware\\ShareErrorsFromSession->handle(Object(Illuminate\\Http\\Request), Object(Closure))
#25 /var/www/www-root/data/www/randevumcepte/vendor/laravel/framework/src/Illuminate/Routing/Pipeline.php(53): Illuminate\\Pipeline\\Pipeline->Illuminate\\Pipeline\\{closure}(Object(Illuminate\\Http\\Request))
#26 /var/www/www-root/data/www/randevumcepte/vendor/laravel/framework/src/Illuminate/Session/Middleware/StartSession.php(63): Illuminate\\Routing\\Pipeline->Illuminate\\Routing\\{closure}(Object(Illuminate\\Http\\Request))
#27 /var/www/www-root/data/www/randevumcepte/vendor/laravel/framework/src/Illuminate/Pipeline/Pipeline.php(151): Illuminate\\Session\\Middleware\\StartSession->handle(Object(Illuminate\\Http\\Request), Object(Closure))
#28 /var/www/www-root/data/www/randevumcepte/vendor/laravel/framework/src/Illuminate/Routing/Pipeline.php(53): Illuminate\\Pipeline\\Pipeline->Illuminate\\Pipeline\\{closure}(Object(Illuminate\\Http\\Request))
#29 /var/www/www-root/data/www/randevumcepte/vendor/laravel/framework/src/Illuminate/Cookie/Middleware/AddQueuedCookiesToResponse.php(37): Illuminate\\Routing\\Pipeline->Illuminate\\Routing\\{closure}(Object(Illuminate\\Http\\Request))
#30 /var/www/www-root/data/www/randevumcepte/vendor/laravel/framework/src/Illuminate/Pipeline/Pipeline.php(151): Illuminate\\Cookie\\Middleware\\AddQueuedCookiesToResponse->handle(Object(Illuminate\\Http\\Request), Object(Closure))
#31 /var/www/www-root/data/www/randevumcepte/vendor/laravel/framework/src/Illuminate/Routing/Pipeline.php(53): Illuminate\\Pipeline\\Pipeline->Illuminate\\Pipeline\\{closure}(Object(Illuminate\\Http\\Request))
#32 /var/www/www-root/data/www/randevumcepte/vendor/laravel/framework/src/Illuminate/Cookie/Middleware/EncryptCookies.php(66): Illuminate\\Routing\\Pipeline->Illuminate\\Routing\\{closure}(Object(Illuminate\\Http\\Request))
#33 /var/www/www-root/data/www/randevumcepte/vendor/laravel/framework/src/Illuminate/Pipeline/Pipeline.php(151): Illuminate\\Cookie\\Middleware\\EncryptCookies->handle(Object(Illuminate\\Http\\Request), Object(Closure))
#34 /var/www/www-root/data/www/randevumcepte/vendor/laravel/framework/src/Illuminate/Routing/Pipeline.php(53): Illuminate\\Pipeline\\Pipeline->Illuminate\\Pipeline\\{closure}(Object(Illuminate\\Http\\Request))
#35 /var/www/www-root/data/www/randevumcepte/app/Http/Middleware/LogRequestPerformance.php(13): Illuminate\\Routing\\Pipeline->Illuminate\\Routing\\{closure}(Object(Illuminate\\Http\\Request))
#36 /var/www/www-root/data/www/randevumcepte/vendor/laravel/framework/src/Illuminate/Pipeline/Pipeline.php(151): App\\Http\\Middleware\\LogRequestPerformance->handle(Object(Illuminate\\Http\\Request), Object(Closure))
#37 /var/www/www-root/data/www/randevumcepte/vendor/laravel/framework/src/Illuminate/Routing/Pipeline.php(53): Illuminate\\Pipeline\\Pipeline->Illuminate\\Pipeline\\{closure}(Object(Illuminate\\Http\\Request))
#38 /var/www/www-root/data/www/randevumcepte/vendor/laravel/framework/src/Illuminate/Pipeline/Pipeline.php(104): Illuminate\\Routing\\Pipeline->Illuminate\\Routing\\{closure}(Object(Illuminate\\Http\\Request))
#39 /var/www/www-root/data/www/randevumcepte/vendor/laravel/framework/src/Illuminate/Routing/Router.php(667): Illuminate\\Pipeline\\Pipeline->then(Object(Closure))
#40 /var/www/www-root/data/www/randevumcepte/vendor/laravel/framework/src/Illuminate/Routing/Router.php(642): Illuminate\\Routing\\Router->runRouteWithinStack(Object(Illuminate\\Routing\\Route), Object(Illuminate\\Http\\Request))
#41 /var/www/www-root/data/www/randevumcepte/vendor/laravel/framework/src/Illuminate/Routing/Router.php(608): Illuminate\\Routing\\Router->runRoute(Object(Illuminate\\Http\\Request), Object(Illuminate\\Routing\\Route))
#42 /var/www/www-root/data/www/randevumcepte/vendor/laravel/framework/src/Illuminate/Routing/Router.php(597): Illuminate\\Routing\\Router->dispatchToRoute(Object(Illuminate\\Http\\Request))
#43 /var/www/www-root/data/www/randevumcepte/vendor/laravel/framework/src/Illuminate/Foundation/Http/Kernel.php(176): Illuminate\\Routing\\Router->dispatch(Object(Illuminate\\Http\\Request))
#44 /var/www/www-root/data/www/randevumcepte/vendor/laravel/framework/src/Illuminate/Routing/Pipeline.php(30): Illuminate\\Foundation\\Http\\Kernel->Illuminate\\Foundation\\Http\\{closure}(Object(Illuminate\\Http\\Request))
#45 /var/www/www-root/data/www/randevumcepte/vendor/barryvdh/laravel-debugbar/src/Middleware/InjectDebugbar.php(58): Illuminate\\Routing\\Pipeline->Illuminate\\Routing\\{closure}(Object(Illuminate\\Http\\Request))
#46 /var/www/www-root/data/www/randevumcepte/vendor/laravel/framework/src/Illuminate/Pipeline/Pipeline.php(151): Barryvdh\\Debugbar\\Middleware\\InjectDebugbar->handle(Object(Illuminate\\Http\\Request), Object(Closure))
#47 /var/www/www-root/data/www/randevumcepte/vendor/laravel/framework/src/Illuminate/Routing/Pipeline.php(53): Illuminate\\Pipeline\\Pipeline->Illuminate\\Pipeline\\{closure}(Object(Illuminate\\Http\\Request))
#48 /var/www/www-root/data/www/randevumcepte/vendor/laravel/framework/src/Illuminate/Foundation/Http/Middleware/TransformsRequest.php(31): Illuminate\\Routing\\Pipeline->Illuminate\\Routing\\{closure}(Object(Illuminate\\Http\\Request))
#49 /var/www/www-root/data/www/randevumcepte/vendor/laravel/framework/src/Illuminate/Pipeline/Pipeline.php(151): Illuminate\\Foundation\\Http\\Middleware\\TransformsRequest->handle(Object(Illuminate\\Http\\Request), Object(Closure))
#50 /var/www/www-root/data/www/randevumcepte/vendor/laravel/framework/src/Illuminate/Routing/Pipeline.php(53): Illuminate\\Pipeline\\Pipeline->Illuminate\\Pipeline\\{closure}(Object(Illuminate\\Http\\Request))
#51 /var/www/www-root/data/www/randevumcepte/vendor/laravel/framework/src/Illuminate/Foundation/Http/Middleware/TransformsRequest.php(31): Illuminate\\Routing\\Pipeline->Illuminate\\Routing\\{closure}(Object(Illuminate\\Http\\Request))
#52 /var/www/www-root/data/www/randevumcepte/vendor/laravel/framework/src/Illuminate/Pipeline/Pipeline.php(151): Illuminate\\Foundation\\Http\\Middleware\\TransformsRequest->handle(Object(Illuminate\\Http\\Request), Object(Closure))
#53 /var/www/www-root/data/www/randevumcepte/vendor/laravel/framework/src/Illuminate/Routing/Pipeline.php(53): Illuminate\\Pipeline\\Pipeline->Illuminate\\Pipeline\\{closure}(Object(Illuminate\\Http\\Request))
#54 /var/www/www-root/data/www/randevumcepte/vendor/laravel/framework/src/Illuminate/Foundation/Http/Middleware/ValidatePostSize.php(27): Illuminate\\Routing\\Pipeline->Illuminate\\Routing\\{closure}(Object(Illuminate\\Http\\Request))
#55 /var/www/www-root/data/www/randevumcepte/vendor/laravel/framework/src/Illuminate/Pipeline/Pipeline.php(151): Illuminate\\Foundation\\Http\\Middleware\\ValidatePostSize->handle(Object(Illuminate\\Http\\Request), Object(Closure))
#56 /var/www/www-root/data/www/randevumcepte/vendor/laravel/framework/src/Illuminate/Routing/Pipeline.php(53): Illuminate\\Pipeline\\Pipeline->Illuminate\\Pipeline\\{closure}(Object(Illuminate\\Http\\Request))
#57 /var/www/www-root/data/www/randevumcepte/vendor/laravel/framework/src/Illuminate/Foundation/Http/Middleware/CheckForMaintenanceMode.php(62): Illuminate\\Routing\\Pipeline->Illuminate\\Routing\\{closure}(Object(Illuminate\\Http\\Request))
#58 /var/www/www-root/data/www/randevumcepte/vendor/laravel/framework/src/Illuminate/Pipeline/Pipeline.php(151): Illuminate\\Foundation\\Http\\Middleware\\CheckForMaintenanceMode->handle(Object(Illuminate\\Http\\Request), Object(Closure))
#59 /var/www/www-root/data/www/randevumcepte/vendor/laravel/framework/src/Illuminate/Routing/Pipeline.php(53): Illuminate\\Pipeline\\Pipeline->Illuminate\\Pipeline\\{closure}(Object(Illuminate\\Http\\Request))
#60 /var/www/www-root/data/www/randevumcepte/vendor/laravel/framework/src/Illuminate/Pipeline/Pipeline.php(104): Illuminate\\Routing\\Pipeline->Illuminate\\Routing\\{closure}(Object(Illuminate\\Http\\Request))
#61 /var/www/www-root/data/www/randevumcepte/vendor/laravel/framework/src/Illuminate/Foundation/Http/Kernel.php(151): Illuminate\\Pipeline\\Pipeline->then(Object(Closure))
#62 /var/www/www-root/data/www/randevumcepte/vendor/laravel/framework/src/Illuminate/Foundation/Http/Kernel.php(116): Illuminate\\Foundation\\Http\\Kernel->sendRequestThroughRouter(Object(Illuminate\\Http\\Request))
#63 /var/www/www-root/data/www/randevumcepte/public/index.php(52): Illuminate\\Foundation\\Http\\Kernel->handle(Object(Illuminate\\Http\\Request))
#64 /var/www/www-root/data/www/randevumcepte/index.php(20): require_once('/var/www/www-ro...')
#65 {main}
"} 
[2026-07-01 23:04:35] local.ERROR: Trying to get property 'id' of non-object {"exception":"[object] (ErrorException(code: 0): Trying to get property 'id' of non-object at /var/www/www-root/data/www/randevumcepte/app/Http/Controllers/HomeController.php:299)
[stacktrace]
#0 /var/www/www-root/data/www/randevumcepte/app/Http/Controllers/HomeController.php(299): Illuminate\\Foundation\\Bootstrap\\HandleExceptions->handleError(8, 'Trying to get p...', '/var/www/www-ro...', 299, Array)
#1 [internal function]: App\\Http\\Controllers\\HomeController->salonDetay(Object(Illuminate\\Http\\Request))
#2 /var/www/www-root/data/www/randevumcepte/vendor/laravel/framework/src/Illuminate/Routing/Controller.php(54): call_user_func_array(Array, Array)
#3 /var/www/www-root/data/www/randevumcepte/vendor/laravel/framework/src/Illuminate/Routing/ControllerDispatcher.php(45): Illuminate\\Routing\\Controller->callAction('salonDetay', Array)
#4 /var/www/www-root/data/www/randevumcepte/vendor/laravel/framework/src/Illuminate/Routing/Route.php(212): Illuminate\\Routing\\ControllerDispatcher->dispatch(Object(Illuminate\\Routing\\Route), Object(App\\Http\\Controllers\\HomeController), 'salonDetay')
#5 /var/www/www-root/data/www/randevumcepte/vendor/laravel/framework/src/Illuminate/Routing/Route.php(169): Illuminate\\Routing\\Route->runController()
#6 /var/www/www-root/data/www/randevumcepte/vendor/laravel/framework/src/Illuminate/Routing/Router.php(665): Illuminate\\Routing\\Route->run()
#7 /var/www/www-root/data/www/randevumcepte/vendor/laravel/framework/src/Illuminate/Routing/Pipeline.php(30): Illuminate\\Routing\\Router->Illuminate\\Routing\\{closure}(Object(Illuminate\\Http\\Request))
#8 /var/www/www-root/data/www/randevumcepte/app/Http/Middleware/RedirectIfAuthenticated.php(33): Illuminate\\Routing\\Pipeline->Illuminate\\Routing\\{closure}(Object(Illuminate\\Http\\Request))
#9 /var/www/www-root/data/www/randevumcepte/vendor/laravel/framework/src/Illuminate/Pipeline/Pipeline.php(151): App\\Http\\Middleware\\RedirectIfAuthenticated->handle(Object(Illuminate\\Http\\Request), Object(Closure))
#10 /var/www/www-root/data/www/randevumcepte/vendor/laravel/framework/src/Illuminate/Routing/Pipeline.php(53): Illuminate\\Pipeline\\Pipeline->Illuminate\\Pipeline\\{closure}(Object(Illuminate\\Http\\Request))
#11 /var/www/www-root/data/www/randevumcepte/vendor/htmlmin/htmlmin/src/Http/Middleware/MinifyMiddleware.php(55): Illuminate\\Routing\\Pipeline->Illuminate\\Routing\\{closure}(Object(Illuminate\\Http\\Request))
#12 /var/www/www-root/data/www/randevumcepte/vendor/laravel/framework/src/Illuminate/Pipeline/Pipeline.php(151): HTMLMin\\HTMLMin\\Http\\Middleware\\MinifyMiddleware->handle(Object(Illuminate\\Http\\Request), Object(Closure))
#13 /var/www/www-root/data/www/randevumcepte/vendor/laravel/framework/src/Illuminate/Routing/Pipeline.php(53): Illuminate\\Pipeline\\Pipeline->Illuminate\\Pipeline\\{closure}(Object(Illuminate\\Http\\Request))
#14 /var/www/www-root/data/www/randevumcepte/vendor/laravel/framework/src/Illuminate/Routing/Middleware/SubstituteBindings.php(41): Illuminate\\Routing\\Pipeline->Illuminate\\Routing\\{closure}(Object(Illuminate\\Http\\Request))
#15 /var/www/www-root/data/www/randevumcepte/vendor/laravel/framework/src/Illuminate/Pipeline/Pipeline.php(151): Illuminate\\Routing\\Middleware\\SubstituteBindings->handle(Object(Illuminate\\Http\\Request), Object(Closure))
#16 /var/www/www-root/data/www/randevumcepte/vendor/laravel/framework/src/Illuminate/Routing/Pipeline.php(53): Illuminate\\Pipeline\\Pipeline->Illuminate\\Pipeline\\{closure}(Object(Illuminate\\Http\\Request))
#17 /var/www/www-root/data/www/randevumcepte/app/Http/Middleware/AuthenticateSession.php(42): Illuminate\\Routing\\Pipeline->Illuminate\\Routing\\{closure}(Object(Illuminate\\Http\\Request))
#18 /var/www/www-root/data/www/randevumcepte/vendor/laravel/framework/src/Illuminate/Pipeline/Pipeline.php(151): App\\Http\\Middleware\\AuthenticateSession->handle(Object(Illuminate\\Http\\Request), Object(Closure))
#19 /var/www/www-root/data/www/randevumcepte/vendor/laravel/framework/src/Illuminate/Routing/Pipeline.php(53): Illuminate\\Pipeline\\Pipeline->Illuminate\\Pipeline\\{closure}(Object(Illuminate\\Http\\Request))
#20 /var/www/www-root/data/www/randevumcepte/vendor/laravel/framework/src/Illuminate/Foundation/Http/Middleware/VerifyCsrfToken.php(68): Illuminate\\Routing\\Pipeline->Illuminate\\Routing\\{closure}(Object(Illuminate\\Http\\Request))
#21 /var/www/www-root/data/www/randevumcepte/vendor/laravel/framework/src/Illuminate/Pipeline/Pipeline.php(151): Illuminate\\Foundation\\Http\\Middleware\\VerifyCsrfToken->handle(Object(Illuminate\\Http\\Request), Object(Closure))
#22 /var/www/www-root/data/www/randevumcepte/vendor/laravel/framework/src/Illuminate/Routing/Pipeline.php(53): Illuminate\\Pipeline\\Pipeline->Illuminate\\Pipeline\\{closure}(Object(Illuminate\\Http\\Request))
#23 /var/www/www-root/data/www/randevumcepte/vendor/laravel/framework/src/Illuminate/View/Middleware/ShareErrorsFromSession.php(49): Illuminate\\Routing\\Pipeline->Illuminate\\Routing\\{closure}(Object(Illuminate\\Http\\Request))
#24 /var/www/www-root/data/www/randevumcepte/vendor/laravel/framework/src/Illuminate/Pipeline/Pipeline.php(151): Illuminate\\View\\Middleware\\ShareErrorsFromSession->handle(Object(Illuminate\\Http\\Request), Object(Closure))
#25 /var/www/www-root/data/www/randevumcepte/vendor/laravel/framework/src/Illuminate/Routing/Pipeline.php(53): Illuminate\\Pipeline\\Pipeline->Illuminate\\Pipeline\\{closure}(Object(Illuminate\\Http\\Request))
#26 /var/www/www-root/data/www/randevumcepte/vendor/laravel/framework/src/Illuminate/Session/Middleware/StartSession.php(63): Illuminate\\Routing\\Pipeline->Illuminate\\Routing\\{closure}(Object(Illuminate\\Http\\Request))
#27 /var/www/www-root/data/www/randevumcepte/vendor/laravel/framework/src/Illuminate/Pipeline/Pipeline.php(151): Illuminate\\Session\\Middleware\\StartSession->handle(Object(Illuminate\\Http\\Request), Object(Closure))
#28 /var/www/www-root/data/www/randevumcepte/vendor/laravel/framework/src/Illuminate/Routing/Pipeline.php(53): Illuminate\\Pipeline\\Pipeline->Illuminate\\Pipeline\\{closure}(Object(Illuminate\\Http\\Request))
#29 /var/www/www-root/data/www/randevumcepte/vendor/laravel/framework/src/Illuminate/Cookie/Middleware/AddQueuedCookiesToResponse.php(37): Illuminate\\Routing\\Pipeline->Illuminate\\Routing\\{closure}(Object(Illuminate\\Http\\Request))
#30 /var/www/www-root/data/www/randevumcepte/vendor/laravel/framework/src/Illuminate/Pipeline/Pipeline.php(151): Illuminate\\Cookie\\Middleware\\AddQueuedCookiesToResponse->handle(Object(Illuminate\\Http\\Request), Object(Closure))
#31 /var/www/www-root/data/www/randevumcepte/vendor/laravel/framework/src/Illuminate/Routing/Pipeline.php(53): Illuminate\\Pipeline\\Pipeline->Illuminate\\Pipeline\\{closure}(Object(Illuminate\\Http\\Request))
#32 /var/www/www-root/data/www/randevumcepte/vendor/laravel/framework/src/Illuminate/Cookie/Middleware/EncryptCookies.php(66): Illuminate\\Routing\\Pipeline->Illuminate\\Routing\\{closure}(Object(Illuminate\\Http\\Request))
#33 /var/www/www-root/data/www/randevumcepte/vendor/laravel/framework/src/Illuminate/Pipeline/Pipeline.php(151): Illuminate\\Cookie\\Middleware\\EncryptCookies->handle(Object(Illuminate\\Http\\Request), Object(Closure))
#34 /var/www/www-root/data/www/randevumcepte/vendor/laravel/framework/src/Illuminate/Routing/Pipeline.php(53): Illuminate\\Pipeline\\Pipeline->Illuminate\\Pipeline\\{closure}(Object(Illuminate\\Http\\Request))
#35 /var/www/www-root/data/www/randevumcepte/app/Http/Middleware/LogRequestPerformance.php(13): Illuminate\\Routing\\Pipeline->Illuminate\\Routing\\{closure}(Object(Illuminate\\Http\\Request))
#36 /var/www/www-root/data/www/randevumcepte/vendor/laravel/framework/src/Illuminate/Pipeline/Pipeline.php(151): App\\Http\\Middleware\\LogRequestPerformance->handle(Object(Illuminate\\Http\\Request), Object(Closure))
#37 /var/www/www-root/data/www/randevumcepte/vendor/laravel/framework/src/Illuminate/Routing/Pipeline.php(53): Illuminate\\Pipeline\\Pipeline->Illuminate\\Pipeline\\{closure}(Object(Illuminate\\Http\\Request))
#38 /var/www/www-root/data/www/randevumcepte/vendor/laravel/framework/src/Illuminate/Pipeline/Pipeline.php(104): Illuminate\\Routing\\Pipeline->Illuminate\\Routing\\{closure}(Object(Illuminate\\Http\\Request))
#39 /var/www/www-root/data/www/randevumcepte/vendor/laravel/framework/src/Illuminate/Routing/Router.php(667): Illuminate\\Pipeline\\Pipeline->then(Object(Closure))
#40 /var/www/www-root/data/www/randevumcepte/vendor/laravel/framework/src/Illuminate/Routing/Router.php(642): Illuminate\\Routing\\Router->runRouteWithinStack(Object(Illuminate\\Routing\\Route), Object(Illuminate\\Http\\Request))
#41 /var/www/www-root/data/www/randevumcepte/vendor/laravel/framework/src/Illuminate/Routing/Router.php(608): Illuminate\\Routing\\Router->runRoute(Object(Illuminate\\Http\\Request), Object(Illuminate\\Routing\\Route))
#42 /var/www/www-root/data/www/randevumcepte/vendor/laravel/framework/src/Illuminate/Routing/Router.php(597): Illuminate\\Routing\\Router->dispatchToRoute(Object(Illuminate\\Http\\Request))
#43 /var/www/www-root/data/www/randevumcepte/vendor/laravel/framework/src/Illuminate/Foundation/Http/Kernel.php(176): Illuminate\\Routing\\Router->dispatch(Object(Illuminate\\Http\\Request))
#44 /var/www/www-root/data/www/randevumcepte/vendor/laravel/framework/src/Illuminate/Routing/Pipeline.php(30): Illuminate\\Foundation\\Http\\Kernel->Illuminate\\Foundation\\Http\\{closure}(Object(Illuminate\\Http\\Request))
#45 /var/www/www-root/data/www/randevumcepte/vendor/barryvdh/laravel-debugbar/src/Middleware/InjectDebugbar.php(58): Illuminate\\Routing\\Pipeline->Illuminate\\Routing\\{closure}(Object(Illuminate\\Http\\Request))
#46 /var/www/www-root/data/www/randevumcepte/vendor/laravel/framework/src/Illuminate/Pipeline/Pipeline.php(151): Barryvdh\\Debugbar\\Middleware\\InjectDebugbar->handle(Object(Illuminate\\Http\\Request), Object(Closure))
#47 /var/www/www-root/data/www/randevumcepte/vendor/laravel/framework/src/Illuminate/Routing/Pipeline.php(53): Illuminate\\Pipeline\\Pipeline->Illuminate\\Pipeline\\{closure}(Object(Illuminate\\Http\\Request))
#48 /var/www/www-root/data/www/randevumcepte/vendor/laravel/framework/src/Illuminate/Foundation/Http/Middleware/TransformsRequest.php(31): Illuminate\\Routing\\Pipeline->Illuminate\\Routing\\{closure}(Object(Illuminate\\Http\\Request))
#49 /var/www/www-root/data/www/randevumcepte/vendor/laravel/framework/src/Illuminate/Pipeline/Pipeline.php(151): Illuminate\\Foundation\\Http\\Middleware\\TransformsRequest->handle(Object(Illuminate\\Http\\Request), Object(Closure))
#50 /var/www/www-root/data/www/randevumcepte/vendor/laravel/framework/src/Illuminate/Routing/Pipeline.php(53): Illuminate\\Pipeline\\Pipeline->Illuminate\\Pipeline\\{closure}(Object(Illuminate\\Http\\Request))
#51 /var/www/www-root/data/www/randevumcepte/vendor/laravel/framework/src/Illuminate/Foundation/Http/Middleware/TransformsRequest.php(31): Illuminate\\Routing\\Pipeline->Illuminate\\Routing\\{closure}(Object(Illuminate\\Http\\Request))
#52 /var/www/www-root/data/www/randevumcepte/vendor/laravel/framework/src/Illuminate/Pipeline/Pipeline.php(151): Illuminate\\Foundation\\Http\\Middleware\\TransformsRequest->handle(Object(Illuminate\\Http\\Request), Object(Closure))
#53 /var/www/www-root/data/www/randevumcepte/vendor/laravel/framework/src/Illuminate/Routing/Pipeline.php(53): Illuminate\\Pipeline\\Pipeline->Illuminate\\Pipeline\\{closure}(Object(Illuminate\\Http\\Request))
#54 /var/www/www-root/data/www/randevumcepte/vendor/laravel/framework/src/Illuminate/Foundation/Http/Middleware/ValidatePostSize.php(27): Illuminate\\Routing\\Pipeline->Illuminate\\Routing\\{closure}(Object(Illuminate\\Http\\Request))
#55 /var/www/www-root/data/www/randevumcepte/vendor/laravel/framework/src/Illuminate/Pipeline/Pipeline.php(151): Illuminate\\Foundation\\Http\\Middleware\\ValidatePostSize->handle(Object(Illuminate\\Http\\Request), Object(Closure))
#56 /var/www/www-root/data/www/randevumcepte/vendor/laravel/framework/src/Illuminate/Routing/Pipeline.php(53): Illuminate\\Pipeline\\Pipeline->Illuminate\\Pipeline\\{closure}(Object(Illuminate\\Http\\Request))
#57 /var/www/www-root/data/www/randevumcepte/vendor/laravel/framework/src/Illuminate/Foundation/Http/Middleware/CheckForMaintenanceMode.php(62): Illuminate\\Routing\\Pipeline->Illuminate\\Routing\\{closure}(Object(Illuminate\\Http\\Request))
#58 /var/www/www-root/data/www/randevumcepte/vendor/laravel/framework/src/Illuminate/Pipeline/Pipeline.php(151): Illuminate\\Foundation\\Http\\Middleware\\CheckForMaintenanceMode->handle(Object(Illuminate\\Http\\Request), Object(Closure))
#59 /var/www/www-root/data/www/randevumcepte/vendor/laravel/framework/src/Illuminate/Routing/Pipeline.php(53): Illuminate\\Pipeline\\Pipeline->Illuminate\\Pipeline\\{closure}(Object(Illuminate\\Http\\Request))
#60 /var/www/www-root/data/www/randevumcepte/vendor/laravel/framework/src/Illuminate/Pipeline/Pipeline.php(104): Illuminate\\Routing\\Pipeline->Illuminate\\Routing\\{closure}(Object(Illuminate\\Http\\Request))
#61 /var/www/www-root/data/www/randevumcepte/vendor/laravel/framework/src/Illuminate/Foundation/Http/Kernel.php(151): Illuminate\\Pipeline\\Pipeline->then(Object(Closure))
#62 /var/www/www-root/data/www/randevumcepte/vendor/laravel/framework/src/Illuminate/Foundation/Http/Kernel.php(116): Illuminate\\Foundation\\Http\\Kernel->sendRequestThroughRouter(Object(Illuminate\\Http\\Request))
#63 /var/www/www-root/data/www/randevumcepte/public/index.php(52): Illuminate\\Foundation\\Http\\Kernel->handle(Object(Illuminate\\Http\\Request))
#64 /var/www/www-root/data/www/randevumcepte/index.php(20): require_once('/var/www/www-ro...')
#65 {main}
"} 
[2026-07-01 23:04:36] local.WARNING: SalonHatirlatma [acikAdisyonEski] hata: SQLSTATE[42S22]: Column not found: 1054 Unknown column 'toplam_tutar' in 'SELECT' (SQL: select `adisyon_id`, SUM(IFNULL(toplam_tutar,IFNULL(birim_tutar,0))) as t from `adisyon_hizmetler` where `adisyon_id` in (524883, 524885, 524887, 524888, 524889, 524892, 524894, 524896, 524897, 524899, 524900, 524901, 524902, 524905, 524906, 524907, 524909, 524912, 524913, 524914, 524915, 524916, 524918, 524923, 524924, 524925, 524926, 524928, 524929, 524931, 524932, 524933, 524934, 524935, 524936, 524937, 524938, 524939, 524940, 524941, 524942, 524943, 524944, 524945, 524946, 524947, 524948, 524950, 524951, 524952, 524953, 524954, 524955, 524956, 524957, 524959, 524960, 524962, 524963, 524964, 524965, 524966, 524967, 524968, 524969, 524970, 524971, 524974, 524975, 524976, 524977, 524978, 524979, 524980, 524982, 524983, 524984, 524985, 524987, 524990, 524991, 524992, 524994, 524996, 524997, 524998, 524999, 525000, 525001, 525002, 525003, 525004, 525005, 525006, 525007, 525008, 525009, 525010, 525011, 525012) group by `adisyon_id`)  
[2026-07-01 23:04:56] local.WARNING: SalonHatirlatma [acikAdisyonEski] hata: SQLSTATE[42S22]: Column not found: 1054 Unknown column 'toplam_tutar' in 'SELECT' (SQL: select `adisyon_id`, SUM(IFNULL(toplam_tutar,IFNULL(birim_tutar,0))) as t from `adisyon_hizmetler` where `adisyon_id` in (524883, 524885, 524887, 524888, 524889, 524892, 524894, 524896, 524897, 524899, 524900, 524901, 524902, 524905, 524906, 524907, 524909, 524912, 524913, 524914, 524915, 524916, 524918, 524923, 524924, 524925, 524926, 524928, 524929, 524931, 524932, 524933, 524934, 524935, 524936, 524937, 524938, 524939, 524940, 524941, 524942, 524943, 524944, 524945, 524946, 524947, 524948, 524950, 524951, 524952, 524953, 524954, 524955, 524956, 524957, 524959, 524960, 524962, 524963, 524964, 524965, 524966, 524967, 524968, 524969, 524970, 524971, 524974, 524975, 524976, 524977, 524978, 524979, 524980, 524982, 524983, 524984, 524985, 524987, 524990, 524991, 524992, 524994, 524996, 524997, 524998, 524999, 525000, 525001, 525002, 525003, 525004, 525005, 525006, 525007, 525008, 525009, 525010, 525011, 525012) group by `adisyon_id`)  
[2026-07-01 23:04:58] local.INFO: randevu yükleme bitti  
[2026-07-01 23:05:01] local.INFO: [v2 oda_personel_map] {"salon_id":"355","oda_count":38,"row_count":22,"map_keys":[296,335,301,302,297,350,349,291,292,346,294,298,347]} 
[2026-07-01 23:05:02] local.INFO: [RND-SMS] cron tick {"simdi":"01.07.2026 23:05","aday_randevu_sayisi":566} 
[2026-07-01 23:05:04] local.INFO: [ALACAK-ARAMA] kontrol basladi. dk=2026-07-01 23:05  
[2026-07-01 23:05:04] local.INFO: [ALACAK-ARAMA] aranacak alacak yok.  
[2026-07-01 23:05:04] local.INFO: 💊 İlaç kontrol zamanı: 23:05  
[2026-07-01 23:05:16] local.WARNING: SalonHatirlatma [acikAdisyonEski] hata: SQLSTATE[42S22]: Column not found: 1054 Unknown column 'toplam_tutar' in 'SELECT' (SQL: select `adisyon_id`, SUM(IFNULL(toplam_tutar,IFNULL(birim_tutar,0))) as t from `adisyon_hizmetler` where `adisyon_id` in (524883, 524885, 524887, 524888, 524889, 524892, 524894, 524896, 524897, 524899, 524900, 524901, 524902, 524905, 524906, 524907, 524909, 524912, 524913, 524914, 524915, 524916, 524918, 524923, 524924, 524925, 524926, 524928, 524929, 524931, 524932, 524933, 524934, 524935, 524936, 524937, 524938, 524939, 524940, 524941, 524942, 524943, 524944, 524945, 524946, 524947, 524948, 524950, 524951, 524952, 524953, 524954, 524955, 524956, 524957, 524959, 524960, 524962, 524963, 524964, 524965, 524966, 524967, 524968, 524969, 524970, 524971, 524974, 524975, 524976, 524977, 524978, 524979, 524980, 524982, 524983, 524984, 524985, 524987, 524990, 524991, 524992, 524994, 524996, 524997, 524998, 524999, 525000, 525001, 525002, 525003, 525004, 525005, 525006, 525007, 525008, 525009, 525010, 525011, 525012) group by `adisyon_id`)  
[2026-07-01 23:05:21] local.ERROR: Trying to get property 'id' of non-object {"exception":"[object] (ErrorException(code: 0): Trying to get property 'id' of non-object at /var/www/www-root/data/www/randevumcepte/app/Http/Controllers/HomeController.php:299)
[stacktrace]
#0 /var/www/www-root/data/www/randevumcepte/app/Http/Controllers/HomeController.php(299): Illuminate\\Foundation\\Bootstrap\\HandleExceptions->handleError(8, 'Trying to get p...', '/var/www/www-ro...', 299, Array)
#1 [internal function]: App\\Http\\Controllers\\HomeController->salonDetay(Object(Illuminate\\Http\\Request))
#2 /var/www/www-root/data/www/randevumcepte/vendor/laravel/framework/src/Illuminate/Routing/Controller.php(54): call_user_func_array(Array, Array)
#3 /var/www/www-root/data/www/randevumcepte/vendor/laravel/framework/src/Illuminate/Routing/ControllerDispatcher.php(45): Illuminate\\Routing\\Controller->callAction('salonDetay', Array)
#4 /var/www/www-root/data/www/randevumcepte/vendor/laravel/framework/src/Illuminate/Routing/Route.php(212): Illuminate\\Routing\\ControllerDispatcher->dispatch(Object(Illuminate\\Routing\\Route), Object(App\\Http\\Controllers\\HomeController), 'salonDetay')
#5 /var/www/www-root/data/www/randevumcepte/vendor/laravel/framework/src/Illuminate/Routing/Route.php(169): Illuminate\\Routing\\Route->runController()
#6 /var/www/www-root/data/www/randevumcepte/vendor/laravel/framework/src/Illuminate/Routing/Router.php(665): Illuminate\\Routing\\Route->run()
#7 /var/www/www-root/data/www/randevumcepte/vendor/laravel/framework/src/Illuminate/Routing/Pipeline.php(30): Illuminate\\Routing\\Router->Illuminate\\Routing\\{closure}(Object(Illuminate\\Http\\Request))
#8 /var/www/www-root/data/www/randevumcepte/app/Http/Middleware/RedirectIfAuthenticated.php(33): Illuminate\\Routing\\Pipeline->Illuminate\\Routing\\{closure}(Object(Illuminate\\Http\\Request))
#9 /var/www/www-root/data/www/randevumcepte/vendor/laravel/framework/src/Illuminate/Pipeline/Pipeline.php(151): App\\Http\\Middleware\\RedirectIfAuthenticated->handle(Object(Illuminate\\Http\\Request), Object(Closure))
#10 /var/www/www-root/data/www/randevumcepte/vendor/laravel/framework/src/Illuminate/Routing/Pipeline.php(53): Illuminate\\Pipeline\\Pipeline->Illuminate\\Pipeline\\{closure}(Object(Illuminate\\Http\\Request))
#11 /var/www/www-root/data/www/randevumcepte/vendor/htmlmin/htmlmin/src/Http/Middleware/MinifyMiddleware.php(55): Illuminate\\Routing\\Pipeline->Illuminate\\Routing\\{closure}(Object(Illuminate\\Http\\Request))
#12 /var/www/www-root/data/www/randevumcepte/vendor/laravel/framework/src/Illuminate/Pipeline/Pipeline.php(151): HTMLMin\\HTMLMin\\Http\\Middleware\\MinifyMiddleware->handle(Object(Illuminate\\Http\\Request), Object(Closure))
#13 /var/www/www-root/data/www/randevumcepte/vendor/laravel/framework/src/Illuminate/Routing/Pipeline.php(53): Illuminate\\Pipeline\\Pipeline->Illuminate\\Pipeline\\{closure}(Object(Illuminate\\Http\\Request))
#14 /var/www/www-root/data/www/randevumcepte/vendor/laravel/framework/src/Illuminate/Routing/Middleware/SubstituteBindings.php(41): Illuminate\\Routing\\Pipeline->Illuminate\\Routing\\{closure}(Object(Illuminate\\Http\\Request))
#15 /var/www/www-root/data/www/randevumcepte/vendor/laravel/framework/src/Illuminate/Pipeline/Pipeline.php(151): Illuminate\\Routing\\Middleware\\SubstituteBindings->handle(Object(Illuminate\\Http\\Request), Object(Closure))
#16 /var/www/www-root/data/www/randevumcepte/vendor/laravel/framework/src/Illuminate/Routing/Pipeline.php(53): Illuminate\\Pipeline\\Pipeline->Illuminate\\Pipeline\\{closure}(Object(Illuminate\\Http\\Request))
#17 /var/www/www-root/data/www/randevumcepte/app/Http/Middleware/AuthenticateSession.php(42): Illuminate\\Routing\\Pipeline->Illuminate\\Routing\\{closure}(Object(Illuminate\\Http\\Request))
#18 /var/www/www-root/data/www/randevumcepte/vendor/laravel/framework/src/Illuminate/Pipeline/Pipeline.php(151): App\\Http\\Middleware\\AuthenticateSession->handle(Object(Illuminate\\Http\\Request), Object(Closure))
#19 /var/www/www-root/data/www/randevumcepte/vendor/laravel/framework/src/Illuminate/Routing/Pipeline.php(53): Illuminate\\Pipeline\\Pipeline->Illuminate\\Pipeline\\{closure}(Object(Illuminate\\Http\\Request))
#20 /var/www/www-root/data/www/randevumcepte/vendor/laravel/framework/src/Illuminate/Foundation/Http/Middleware/VerifyCsrfToken.php(68): Illuminate\\Routing\\Pipeline->Illuminate\\Routing\\{closure}(Object(Illuminate\\Http\\Request))
#21 /var/www/www-root/data/www/randevumcepte/vendor/laravel/framework/src/Illuminate/Pipeline/Pipeline.php(151): Illuminate\\Foundation\\Http\\Middleware\\VerifyCsrfToken->handle(Object(Illuminate\\Http\\Request), Object(Closure))
#22 /var/www/www-root/data/www/randevumcepte/vendor/laravel/framework/src/Illuminate/Routing/Pipeline.php(53): Illuminate\\Pipeline\\Pipeline->Illuminate\\Pipeline\\{closure}(Object(Illuminate\\Http\\Request))
#23 /var/www/www-root/data/www/randevumcepte/vendor/laravel/framework/src/Illuminate/View/Middleware/ShareErrorsFromSession.php(49): Illuminate\\Routing\\Pipeline->Illuminate\\Routing\\{closure}(Object(Illuminate\\Http\\Request))
#24 /var/www/www-root/data/www/randevumcepte/vendor/laravel/framework/src/Illuminate/Pipeline/Pipeline.php(151): Illuminate\\View\\Middleware\\ShareErrorsFromSession->handle(Object(Illuminate\\Http\\Request), Object(Closure))
#25 /var/www/www-root/data/www/randevumcepte/vendor/laravel/framework/src/Illuminate/Routing/Pipeline.php(53): Illuminate\\Pipeline\\Pipeline->Illuminate\\Pipeline\\{closure}(Object(Illuminate\\Http\\Request))
#26 /var/www/www-root/data/www/randevumcepte/vendor/laravel/framework/src/Illuminate/Session/Middleware/StartSession.php(63): Illuminate\\Routing\\Pipeline->Illuminate\\Routing\\{closure}(Object(Illuminate\\Http\\Request))
#27 /var/www/www-root/data/www/randevumcepte/vendor/laravel/framework/src/Illuminate/Pipeline/Pipeline.php(151): Illuminate\\Session\\Middleware\\StartSession->handle(Object(Illuminate\\Http\\Request), Object(Closure))
#28 /var/www/www-root/data/www/randevumcepte/vendor/laravel/framework/src/Illuminate/Routing/Pipeline.php(53): Illuminate\\Pipeline\\Pipeline->Illuminate\\Pipeline\\{closure}(Object(Illuminate\\Http\\Request))
#29 /var/www/www-root/data/www/randevumcepte/vendor/laravel/framework/src/Illuminate/Cookie/Middleware/AddQueuedCookiesToResponse.php(37): Illuminate\\Routing\\Pipeline->Illuminate\\Routing\\{closure}(Object(Illuminate\\Http\\Request))
#30 /var/www/www-root/data/www/randevumcepte/vendor/laravel/framework/src/Illuminate/Pipeline/Pipeline.php(151): Illuminate\\Cookie\\Middleware\\AddQueuedCookiesToResponse->handle(Object(Illuminate\\Http\\Request), Object(Closure))
#31 /var/www/www-root/data/www/randevumcepte/vendor/laravel/framework/src/Illuminate/Routing/Pipeline.php(53): Illuminate\\Pipeline\\Pipeline->Illuminate\\Pipeline\\{closure}(Object(Illuminate\\Http\\Request))
#32 /var/www/www-root/data/www/randevumcepte/vendor/laravel/framework/src/Illuminate/Cookie/Middleware/EncryptCookies.php(66): Illuminate\\Routing\\Pipeline->Illuminate\\Routing\\{closure}(Object(Illuminate\\Http\\Request))
#33 /var/www/www-root/data/www/randevumcepte/vendor/laravel/framework/src/Illuminate/Pipeline/Pipeline.php(151): Illuminate\\Cookie\\Middleware\\EncryptCookies->handle(Object(Illuminate\\Http\\Request), Object(Closure))
#34 /var/www/www-root/data/www/randevumcepte/vendor/laravel/framework/src/Illuminate/Routing/Pipeline.php(53): Illuminate\\Pipeline\\Pipeline->Illuminate\\Pipeline\\{closure}(Object(Illuminate\\Http\\Request))
#35 /var/www/www-root/data/www/randevumcepte/app/Http/Middleware/LogRequestPerformance.php(13): Illuminate\\Routing\\Pipeline->Illuminate\\Routing\\{closure}(Object(Illuminate\\Http\\Request))
#36 /var/www/www-root/data/www/randevumcepte/vendor/laravel/framework/src/Illuminate/Pipeline/Pipeline.php(151): App\\Http\\Middleware\\LogRequestPerformance->handle(Object(Illuminate\\Http\\Request), Object(Closure))
#37 /var/www/www-root/data/www/randevumcepte/vendor/laravel/framework/src/Illuminate/Routing/Pipeline.php(53): Illuminate\\Pipeline\\Pipeline->Illuminate\\Pipeline\\{closure}(Object(Illuminate\\Http\\Request))
#38 /var/www/www-root/data/www/randevumcepte/vendor/laravel/framework/src/Illuminate/Pipeline/Pipeline.php(104): Illuminate\\Routing\\Pipeline->Illuminate\\Routing\\{closure}(Object(Illuminate\\Http\\Request))
#39 /var/www/www-root/data/www/randevumcepte/vendor/laravel/framework/src/Illuminate/Routing/Router.php(667): Illuminate\\Pipeline\\Pipeline->then(Object(Closure))
#40 /var/www/www-root/data/www/randevumcepte/vendor/laravel/framework/src/Illuminate/Routing/Router.php(642): Illuminate\\Routing\\Router->runRouteWithinStack(Object(Illuminate\\Routing\\Route), Object(Illuminate\\Http\\Request))
#41 /var/www/www-root/data/www/randevumcepte/vendor/laravel/framework/src/Illuminate/Routing/Router.php(608): Illuminate\\Routing\\Router->runRoute(Object(Illuminate\\Http\\Request), Object(Illuminate\\Routing\\Route))
#42 /var/www/www-root/data/www/randevumcepte/vendor/laravel/framework/src/Illuminate/Routing/Router.php(597): Illuminate\\Routing\\Router->dispatchToRoute(Object(Illuminate\\Http\\Request))
#43 /var/www/www-root/data/www/randevumcepte/vendor/laravel/framework/src/Illuminate/Foundation/Http/Kernel.php(176): Illuminate\\Routing\\Router->dispatch(Object(Illuminate\\Http\\Request))
#44 /var/www/www-root/data/www/randevumcepte/vendor/laravel/framework/src/Illuminate/Routing/Pipeline.php(30): Illuminate\\Foundation\\Http\\Kernel->Illuminate\\Foundation\\Http\\{closure}(Object(Illuminate\\Http\\Request))
#45 /var/www/www-root/data/www/randevumcepte/vendor/barryvdh/laravel-debugbar/src/Middleware/InjectDebugbar.php(58): Illuminate\\Routing\\Pipeline->Illuminate\\Routing\\{closure}(Object(Illuminate\\Http\\Request))
#46 /var/www/www-root/data/www/randevumcepte/vendor/laravel/framework/src/Illuminate/Pipeline/Pipeline.php(151): Barryvdh\\Debugbar\\Middleware\\InjectDebugbar->handle(Object(Illuminate\\Http\\Request), Object(Closure))
#47 /var/www/www-root/data/www/randevumcepte/vendor/laravel/framework/src/Illuminate/Routing/Pipeline.php(53): Illuminate\\Pipeline\\Pipeline->Illuminate\\Pipeline\\{closure}(Object(Illuminate\\Http\\Request))
#48 /var/www/www-root/data/www/randevumcepte/vendor/laravel/framework/src/Illuminate/Foundation/Http/Middleware/TransformsRequest.php(31): Illuminate\\Routing\\Pipeline->Illuminate\\Routing\\{closure}(Object(Illuminate\\Http\\Request))
#49 /var/www/www-root/data/www/randevumcepte/vendor/laravel/framework/src/Illuminate/Pipeline/Pipeline.php(151): Illuminate\\Foundation\\Http\\Middleware\\TransformsRequest->handle(Object(Illuminate\\Http\\Request), Object(Closure))
#50 /var/www/www-root/data/www/randevumcepte/vendor/laravel/framework/src/Illuminate/Routing/Pipeline.php(53): Illuminate\\Pipeline\\Pipeline->Illuminate\\Pipeline\\{closure}(Object(Illuminate\\Http\\Request))
#51 /var/www/www-root/data/www/randevumcepte/vendor/laravel/framework/src/Illuminate/Foundation/Http/Middleware/TransformsRequest.php(31): Illuminate\\Routing\\Pipeline->Illuminate\\Routing\\{closure}(Object(Illuminate\\Http\\Request))
#52 /var/www/www-root/data/www/randevumcepte/vendor/laravel/framework/src/Illuminate/Pipeline/Pipeline.php(151): Illuminate\\Foundation\\Http\\Middleware\\TransformsRequest->handle(Object(Illuminate\\Http\\Request), Object(Closure))
#53 /var/www/www-root/data/www/randevumcepte/vendor/laravel/framework/src/Illuminate/Routing/Pipeline.php(53): Illuminate\\Pipeline\\Pipeline->Illuminate\\Pipeline\\{closure}(Object(Illuminate\\Http\\Request))
#54 /var/www/www-root/data/www/randevumcepte/vendor/laravel/framework/src/Illuminate/Foundation/Http/Middleware/ValidatePostSize.php(27): Illuminate\\Routing\\Pipeline->Illuminate\\Routing\\{closure}(Object(Illuminate\\Http\\Request))
#55 /var/www/www-root/data/www/randevumcepte/vendor/laravel/framework/src/Illuminate/Pipeline/Pipeline.php(151): Illuminate\\Foundation\\Http\\Middleware\\ValidatePostSize->handle(Object(Illuminate\\Http\\Request), Object(Closure))
#56 /var/www/www-root/data/www/randevumcepte/vendor/laravel/framework/src/Illuminate/Routing/Pipeline.php(53): Illuminate\\Pipeline\\Pipeline->Illuminate\\Pipeline\\{closure}(Object(Illuminate\\Http\\Request))
#57 /var/www/www-root/data/www/randevumcepte/vendor/laravel/framework/src/Illuminate/Foundation/Http/Middleware/CheckForMaintenanceMode.php(62): Illuminate\\Routing\\Pipeline->Illuminate\\Routing\\{closure}(Object(Illuminate\\Http\\Request))
#58 /var/www/www-root/data/www/randevumcepte/vendor/laravel/framework/src/Illuminate/Pipeline/Pipeline.php(151): Illuminate\\Foundation\\Http\\Middleware\\CheckForMaintenanceMode->handle(Object(Illuminate\\Http\\Request), Object(Closure))
#59 /var/www/www-root/data/www/randevumcepte/vendor/laravel/framework/src/Illuminate/Routing/Pipeline.php(53): Illuminate\\Pipeline\\Pipeline->Illuminate\\Pipeline\\{closure}(Object(Illuminate\\Http\\Request))
#60 /var/www/www-root/data/www/randevumcepte/vendor/laravel/framework/src/Illuminate/Pipeline/Pipeline.php(104): Illuminate\\Routing\\Pipeline->Illuminate\\Routing\\{closure}(Object(Illuminate\\Http\\Request))
#61 /var/www/www-root/data/www/randevumcepte/vendor/laravel/framework/src/Illuminate/Foundation/Http/Kernel.php(151): Illuminate\\Pipeline\\Pipeline->then(Object(Closure))
#62 /var/www/www-root/data/www/randevumcepte/vendor/laravel/framework/src/Illuminate/Foundation/Http/Kernel.php(116): Illuminate\\Foundation\\Http\\Kernel->sendRequestThroughRouter(Object(Illuminate\\Http\\Request))
#63 /var/www/www-root/data/www/randevumcepte/public/index.php(52): Illuminate\\Foundation\\Http\\Kernel->handle(Object(Illuminate\\Http\\Request))
#64 /var/www/www-root/data/www/randevumcepte/index.php(20): require_once('/var/www/www-ro...')
#65 {main}
"} 
[2026-07-01 23:05:36] local.WARNING: SalonHatirlatma [acikAdisyonEski] hata: SQLSTATE[42S22]: Column not found: 1054 Unknown column 'toplam_tutar' in 'SELECT' (SQL: select `adisyon_id`, SUM(IFNULL(toplam_tutar,IFNULL(birim_tutar,0))) as t from `adisyon_hizmetler` where `adisyon_id` in (524883, 524885, 524887, 524888, 524889, 524892, 524894, 524896, 524897, 524899, 524900, 524901, 524902, 524905, 524906, 524907, 524909, 524912, 524913, 524914, 524915, 524916, 524918, 524923, 524924, 524925, 524926, 524928, 524929, 524931, 524932, 524933, 524934, 524935, 524936, 524937, 524938, 524939, 524940, 524941, 524942, 524943, 524944, 524945, 524946, 524947, 524948, 524950, 524951, 524952, 524953, 524954, 524955, 524956, 524957, 524959, 524960, 524962, 524963, 524964, 524965, 524966, 524967, 524968, 524969, 524970, 524971, 524974, 524975, 524976, 524977, 524978, 524979, 524980, 524982, 524983, 524984, 524985, 524987, 524990, 524991, 524992, 524994, 524996, 524997, 524998, 524999, 525000, 525001, 525002, 525003, 525004, 525005, 525006, 525007, 525008, 525009, 525010, 525011, 525012) group by `adisyon_id`)  
[2026-07-01 23:05:56] local.WARNING: SalonHatirlatma [acikAdisyonEski] hata: SQLSTATE[42S22]: Column not found: 1054 Unknown column 'toplam_tutar' in 'SELECT' (SQL: select `adisyon_id`, SUM(IFNULL(toplam_tutar,IFNULL(birim_tutar,0))) as t from `adisyon_hizmetler` where `adisyon_id` in (524883, 524885, 524887, 524888, 524889, 524892, 524894, 524896, 524897, 524899, 524900, 524901, 524902, 524905, 524906, 524907, 524909, 524912, 524913, 524914, 524915, 524916, 524918, 524923, 524924, 524925, 524926, 524928, 524929, 524931, 524932, 524933, 524934, 524935, 524936, 524937, 524938, 524939, 524940, 524941, 524942, 524943, 524944, 524945, 524946, 524947, 524948, 524950, 524951, 524952, 524953, 524954, 524955, 524956, 524957, 524959, 524960, 524962, 524963, 524964, 524965, 524966, 524967, 524968, 524969, 524970, 524971, 524974, 524975, 524976, 524977, 524978, 524979, 524980, 524982, 524983, 524984, 524985, 524987, 524990, 524991, 524992, 524994, 524996, 524997, 524998, 524999, 525000, 525001, 525002, 525003, 525004, 525005, 525006, 525007, 525008, 525009, 525010, 525011, 525012) group by `adisyon_id`)  
[2026-07-01 23:06:02] local.INFO: [RND-SMS] cron tick {"simdi":"01.07.2026 23:06","aday_randevu_sayisi":566} 
[2026-07-01 23:06:03] local.INFO: [ALACAK-ARAMA] kontrol basladi. dk=2026-07-01 23:06  
[2026-07-01 23:06:03] local.INFO: [ALACAK-ARAMA] aranacak alacak yok.  
[2026-07-01 23:06:04] local.INFO: 💊 İlaç kontrol zamanı: 23:06  
[2026-07-01 23:06:16] local.WARNING: SalonHatirlatma [acikAdisyonEski] hata: SQLSTATE[42S22]: Column not found: 1054 Unknown column 'toplam_tutar' in 'SELECT' (SQL: select `adisyon_id`, SUM(IFNULL(toplam_tutar,IFNULL(birim_tutar,0))) as t from `adisyon_hizmetler` where `adisyon_id` in (524883, 524885, 524887, 524888, 524889, 524892, 524894, 524896, 524897, 524899, 524900, 524901, 524902, 524905, 524906, 524907, 524909, 524912, 524913, 524914, 524915, 524916, 524918, 524923, 524924, 524925, 524926, 524928, 524929, 524931, 524932, 524933, 524934, 524935, 524936, 524937, 524938, 524939, 524940, 524941, 524942, 524943, 524944, 524945, 524946, 524947, 524948, 524950, 524951, 524952, 524953, 524954, 524955, 524956, 524957, 524959, 524960, 524962, 524963, 524964, 524965, 524966, 524967, 524968, 524969, 524970, 524971, 524974, 524975, 524976, 524977, 524978, 524979, 524980, 524982, 524983, 524984, 524985, 524987, 524990, 524991, 524992, 524994, 524996, 524997, 524998, 524999, 525000, 525001, 525002, 525003, 525004, 525005, 525006, 525007, 525008, 525009, 525010, 525011, 525012) group by `adisyon_id`)  
[2026-07-01 23:07:02] local.INFO: [RND-SMS] cron tick {"simdi":"01.07.2026 23:07","aday_randevu_sayisi":566} 
[2026-07-01 23:07:03] local.INFO: [ALACAK-ARAMA] kontrol basladi. dk=2026-07-01 23:07  
[2026-07-01 23:07:03] local.INFO: [ALACAK-ARAMA] aranacak alacak yok.  
[2026-07-01 23:07:04] local.INFO: 💊 İlaç kontrol zamanı: 23:07  
[2026-07-01 23:07:10] local.WARNING: SalonHatirlatma [acikAdisyonEski] hata: SQLSTATE[42S22]: Column not found: 1054 Unknown column 'toplam_tutar' in 'SELECT' (SQL: select `adisyon_id`, SUM(IFNULL(toplam_tutar,IFNULL(birim_tutar,0))) as t from `adisyon_hizmetler` where `adisyon_id` in (524883, 524885, 524887, 524888, 524889, 524892, 524894, 524896, 524897, 524899, 524900, 524901, 524902, 524905, 524906, 524907, 524909, 524912, 524913, 524914, 524915, 524916, 524918, 524923, 524924, 524925, 524926, 524928, 524929, 524931, 524932, 524933, 524934, 524935, 524936, 524937, 524938, 524939, 524940, 524941, 524942, 524943, 524944, 524945, 524946, 524947, 524948, 524950, 524951, 524952, 524953, 524954, 524955, 524956, 524957, 524959, 524960, 524962, 524963, 524964, 524965, 524966, 524967, 524968, 524969, 524970, 524971, 524974, 524975, 524976, 524977, 524978, 524979, 524980, 524982, 524983, 524984, 524985, 524987, 524990, 524991, 524992, 524994, 524996, 524997, 524998, 524999, 525000, 525001, 525002, 525003, 525004, 525005, 525006, 525007, 525008, 525009, 525010, 525011, 525012) group by `adisyon_id`)  
[2026-07-01 23:07:36] local.WARNING: SalonHatirlatma [acikAdisyonEski] hata: SQLSTATE[42S22]: Column not found: 1054 Unknown column 'toplam_tutar' in 'SELECT' (SQL: select `adisyon_id`, SUM(IFNULL(toplam_tutar,IFNULL(birim_tutar,0))) as t from `adisyon_hizmetler` where `adisyon_id` in (524883, 524885, 524887, 524888, 524889, 524892, 524894, 524896, 524897, 524899, 524900, 524901, 524902, 524905, 524906, 524907, 524909, 524912, 524913, 524914, 524915, 524916, 524918, 524923, 524924, 524925, 524926, 524928, 524929, 524931, 524932, 524933, 524934, 524935, 524936, 524937, 524938, 524939, 524940, 524941, 524942, 524943, 524944, 524945, 524946, 524947, 524948, 524950, 524951, 524952, 524953, 524954, 524955, 524956, 524957, 524959, 524960, 524962, 524963, 524964, 524965, 524966, 524967, 524968, 524969, 524970, 524971, 524974, 524975, 524976, 524977, 524978, 524979, 524980, 524982, 524983, 524984, 524985, 524987, 524990, 524991, 524992, 524994, 524996, 524997, 524998, 524999, 525000, 525001, 525002, 525003, 525004, 525005, 525006, 525007, 525008, 525009, 525010, 525011, 525012) group by `adisyon_id`)  
[2026-07-01 23:08:02] local.INFO: [RND-SMS] cron tick {"simdi":"01.07.2026 23:08","aday_randevu_sayisi":566} 
[2026-07-01 23:08:04] local.INFO: [ALACAK-ARAMA] kontrol basladi. dk=2026-07-01 23:08  
[2026-07-01 23:08:04] local.INFO: [ALACAK-ARAMA] aranacak alacak yok.  
[2026-07-01 23:08:04] local.INFO: 💊 İlaç kontrol zamanı: 23:08  
[2026-07-01 23:09:02] local.INFO: [RND-SMS] cron tick {"simdi":"01.07.2026 23:09","aday_randevu_sayisi":566} 
[2026-07-01 23:09:04] local.INFO: [ALACAK-ARAMA] kontrol basladi. dk=2026-07-01 23:09  
[2026-07-01 23:09:04] local.INFO: [ALACAK-ARAMA] aranacak alacak yok.  
[2026-07-01 23:09:04] local.INFO: 💊 İlaç kontrol zamanı: 23:09  
[2026-07-01 23:10:02] local.INFO: [RND-SMS] cron tick {"simdi":"01.07.2026 23:10","aday_randevu_sayisi":566} 
[2026-07-01 23:10:03] local.INFO: [ALACAK-ARAMA] kontrol basladi. dk=2026-07-01 23:10  
[2026-07-01 23:10:03] local.INFO: [ALACAK-ARAMA] aranacak alacak yok.  
[2026-07-01 23:10:04] local.INFO: 💊 İlaç kontrol zamanı: 23:10  
[2026-07-01 23:10:16] local.INFO: [v2 oda_personel_map] {"salon_id":"355","oda_count":38,"row_count":22,"map_keys":[296,335,301,302,297,350,349,291,292,346,294,298,347]} 
[2026-07-01 23:11:02] local.INFO: [RND-SMS] cron tick {"simdi":"01.07.2026 23:11","aday_randevu_sayisi":566} 
[2026-07-01 23:11:04] local.INFO: [ALACAK-ARAMA] kontrol basladi. dk=2026-07-01 23:11  
[2026-07-01 23:11:04] local.INFO: [ALACAK-ARAMA] aranacak alacak yok.  
[2026-07-01 23:11:04] local.INFO: 💊 İlaç kontrol zamanı: 23:11  
[2026-07-01 23:12:02] local.INFO: [RND-SMS] cron tick {"simdi":"01.07.2026 23:12","aday_randevu_sayisi":566} 
[2026-07-01 23:12:04] local.INFO: [ALACAK-ARAMA] kontrol basladi. dk=2026-07-01 23:12  
[2026-07-01 23:12:04] local.INFO: [ALACAK-ARAMA] aranacak alacak yok.  
[2026-07-01 23:12:04] local.INFO: 💊 İlaç kontrol zamanı: 23:12  
[2026-07-01 23:12:05] local.INFO: [v2 oda_personel_map] {"salon_id":"355","oda_count":38,"row_count":22,"map_keys":[296,335,301,302,297,350,349,291,292,346,294,298,347]} 
[2026-07-01 23:12:06] local.INFO: 1970-01-01 00:00:00 - 2026-07-31 23:59:59 satışları geliyor Müşteri : 157341 Personel :  Tür : 0  
[2026-07-01 23:12:06] local.INFO: DEBUG: Müşteri ID değeri: '157341'  
[2026-07-01 23:12:06] local.INFO: DEBUG: Müşteri ID tipi: string  
[2026-07-01 23:12:06] local.INFO: DEBUG: Müşteri ID == '': HAYIR  
[2026-07-01 23:12:06] local.INFO: DEBUG: Müşteri ID === '': HAYIR  
[2026-07-01 23:12:06] local.INFO: DEBUG: Müşteri ID empty(): HAYIR  
[2026-07-01 23:12:06] local.INFO: paketHizmetId: NULL  
[2026-07-01 23:12:46] local.INFO: [v2 oda_personel_map] {"salon_id":"355","oda_count":38,"row_count":22,"map_keys":[296,335,301,302,297,350,349,291,292,346,294,298,347]} 
[2026-07-01 23:13:02] local.INFO: [RND-SMS] cron tick {"simdi":"01.07.2026 23:13","aday_randevu_sayisi":566} 
[2026-07-01 23:13:02] local.INFO: [v2 oda_personel_map] {"salon_id":"355","oda_count":38,"row_count":22,"map_keys":[296,335,301,302,297,350,349,291,292,346,294,298,347]} 
[2026-07-01 23:13:03] local.INFO: [ALACAK-ARAMA] kontrol basladi. dk=2026-07-01 23:13  
[2026-07-01 23:13:03] local.INFO: [ALACAK-ARAMA] aranacak alacak yok.  
[2026-07-01 23:13:04] local.INFO: 💊 İlaç kontrol zamanı: 23:13  
[2026-07-01 23:14:02] local.INFO: [RND-SMS] cron tick {"simdi":"01.07.2026 23:14","aday_randevu_sayisi":566} 
[2026-07-01 23:14:04] local.INFO: [ALACAK-ARAMA] kontrol basladi. dk=2026-07-01 23:14  
[2026-07-01 23:14:04] local.INFO: [ALACAK-ARAMA] aranacak alacak yok.  
[2026-07-01 23:14:04] local.INFO: 💊 İlaç kontrol zamanı: 23:14  
[2026-07-01 23:15:02] local.INFO: [RND-SMS] cron tick {"simdi":"01.07.2026 23:15","aday_randevu_sayisi":566} 
[2026-07-01 23:15:04] local.INFO: [ALACAK-ARAMA] kontrol basladi. dk=2026-07-01 23:15  
[2026-07-01 23:15:04] local.INFO: [ALACAK-ARAMA] aranacak alacak yok.  
[2026-07-01 23:15:04] local.INFO: 💊 İlaç kontrol zamanı: 23:15  
[2026-07-01 23:16:02] local.INFO: [RND-SMS] cron tick {"simdi":"01.07.2026 23:16","aday_randevu_sayisi":566} 
[2026-07-01 23:16:03] local.INFO: [ALACAK-ARAMA] kontrol basladi. dk=2026-07-01 23:16  
[2026-07-01 23:16:03] local.INFO: [ALACAK-ARAMA] aranacak alacak yok.  
[2026-07-01 23:16:04] local.INFO: 💊 İlaç kontrol zamanı: 23:16  
[2026-07-01 23:16:17] local.INFO: [v2 oda_personel_map] {"salon_id":"355","oda_count":38,"row_count":22,"map_keys":[296,335,301,302,297,350,349,291,292,346,294,298,347]} 
[2026-07-01 23:16:18] local.INFO: 1970-01-01 00:00:00 - 2026-07-31 23:59:59 satışları geliyor Müşteri : 73404 Personel :  Tür : 0  
[2026-07-01 23:16:18] local.INFO: DEBUG: Müşteri ID değeri: '73404'  
[2026-07-01 23:16:18] local.INFO: DEBUG: Müşteri ID tipi: string  
[2026-07-01 23:16:18] local.INFO: DEBUG: Müşteri ID == '': HAYIR  
[2026-07-01 23:16:18] local.INFO: DEBUG: Müşteri ID === '': HAYIR  
[2026-07-01 23:16:18] local.INFO: DEBUG: Müşteri ID empty(): HAYIR  
[2026-07-01 23:16:18] local.INFO: paketHizmetId: NULL  
[2026-07-01 23:16:30] local.ERROR: Trying to get property 'id' of non-object {"exception":"[object] (ErrorException(code: 0): Trying to get property 'id' of non-object at /var/www/www-root/data/www/randevumcepte/app/Http/Controllers/HomeController.php:299)
[stacktrace]
#0 /var/www/www-root/data/www/randevumcepte/app/Http/Controllers/HomeController.php(299): Illuminate\\Foundation\\Bootstrap\\HandleExceptions->handleError(8, 'Trying to get p...', '/var/www/www-ro...', 299, Array)
#1 [internal function]: App\\Http\\Controllers\\HomeController->salonDetay(Object(Illuminate\\Http\\Request))
#2 /var/www/www-root/data/www/randevumcepte/vendor/laravel/framework/src/Illuminate/Routing/Controller.php(54): call_user_func_array(Array, Array)
#3 /var/www/www-root/data/www/randevumcepte/vendor/laravel/framework/src/Illuminate/Routing/ControllerDispatcher.php(45): Illuminate\\Routing\\Controller->callAction('salonDetay', Array)
#4 /var/www/www-root/data/www/randevumcepte/vendor/laravel/framework/src/Illuminate/Routing/Route.php(212): Illuminate\\Routing\\ControllerDispatcher->dispatch(Object(Illuminate\\Routing\\Route), Object(App\\Http\\Controllers\\HomeController), 'salonDetay')
#5 /var/www/www-root/data/www/randevumcepte/vendor/laravel/framework/src/Illuminate/Routing/Route.php(169): Illuminate\\Routing\\Route->runController()
#6 /var/www/www-root/data/www/randevumcepte/vendor/laravel/framework/src/Illuminate/Routing/Router.php(665): Illuminate\\Routing\\Route->run()
#7 /var/www/www-root/data/www/randevumcepte/vendor/laravel/framework/src/Illuminate/Routing/Pipeline.php(30): Illuminate\\Routing\\Router->Illuminate\\Routing\\{closure}(Object(Illuminate\\Http\\Request))
#8 /var/www/www-root/data/www/randevumcepte/app/Http/Middleware/RedirectIfAuthenticated.php(33): Illuminate\\Routing\\Pipeline->Illuminate\\Routing\\{closure}(Object(Illuminate\\Http\\Request))
#9 /var/www/www-root/data/www/randevumcepte/vendor/laravel/framework/src/Illuminate/Pipeline/Pipeline.php(151): App\\Http\\Middleware\\RedirectIfAuthenticated->handle(Object(Illuminate\\Http\\Request), Object(Closure))
#10 /var/www/www-root/data/www/randevumcepte/vendor/laravel/framework/src/Illuminate/Routing/Pipeline.php(53): Illuminate\\Pipeline\\Pipeline->Illuminate\\Pipeline\\{closure}(Object(Illuminate\\Http\\Request))
#11 /var/www/www-root/data/www/randevumcepte/vendor/htmlmin/htmlmin/src/Http/Middleware/MinifyMiddleware.php(55): Illuminate\\Routing\\Pipeline->Illuminate\\Routing\\{closure}(Object(Illuminate\\Http\\Request))
#12 /var/www/www-root/data/www/randevumcepte/vendor/laravel/framework/src/Illuminate/Pipeline/Pipeline.php(151): HTMLMin\\HTMLMin\\Http\\Middleware\\MinifyMiddleware->handle(Object(Illuminate\\Http\\Request), Object(Closure))
#13 /var/www/www-root/data/www/randevumcepte/vendor/laravel/framework/src/Illuminate/Routing/Pipeline.php(53): Illuminate\\Pipeline\\Pipeline->Illuminate\\Pipeline\\{closure}(Object(Illuminate\\Http\\Request))
#14 /var/www/www-root/data/www/randevumcepte/vendor/laravel/framework/src/Illuminate/Routing/Middleware/SubstituteBindings.php(41): Illuminate\\Routing\\Pipeline->Illuminate\\Routing\\{closure}(Object(Illuminate\\Http\\Request))
#15 /var/www/www-root/data/www/randevumcepte/vendor/laravel/framework/src/Illuminate/Pipeline/Pipeline.php(151): Illuminate\\Routing\\Middleware\\SubstituteBindings->handle(Object(Illuminate\\Http\\Request), Object(Closure))
#16 /var/www/www-root/data/www/randevumcepte/vendor/laravel/framework/src/Illuminate/Routing/Pipeline.php(53): Illuminate\\Pipeline\\Pipeline->Illuminate\\Pipeline\\{closure}(Object(Illuminate\\Http\\Request))
#17 /var/www/www-root/data/www/randevumcepte/app/Http/Middleware/AuthenticateSession.php(42): Illuminate\\Routing\\Pipeline->Illuminate\\Routing\\{closure}(Object(Illuminate\\Http\\Request))
#18 /var/www/www-root/data/www/randevumcepte/vendor/laravel/framework/src/Illuminate/Pipeline/Pipeline.php(151): App\\Http\\Middleware\\AuthenticateSession->handle(Object(Illuminate\\Http\\Request), Object(Closure))
#19 /var/www/www-root/data/www/randevumcepte/vendor/laravel/framework/src/Illuminate/Routing/Pipeline.php(53): Illuminate\\Pipeline\\Pipeline->Illuminate\\Pipeline\\{closure}(Object(Illuminate\\Http\\Request))
#20 /var/www/www-root/data/www/randevumcepte/vendor/laravel/framework/src/Illuminate/Foundation/Http/Middleware/VerifyCsrfToken.php(68): Illuminate\\Routing\\Pipeline->Illuminate\\Routing\\{closure}(Object(Illuminate\\Http\\Request))
#21 /var/www/www-root/data/www/randevumcepte/vendor/laravel/framework/src/Illuminate/Pipeline/Pipeline.php(151): Illuminate\\Foundation\\Http\\Middleware\\VerifyCsrfToken->handle(Object(Illuminate\\Http\\Request), Object(Closure))
#22 /var/www/www-root/data/www/randevumcepte/vendor/laravel/framework/src/Illuminate/Routing/Pipeline.php(53): Illuminate\\Pipeline\\Pipeline->Illuminate\\Pipeline\\{closure}(Object(Illuminate\\Http\\Request))
#23 /var/www/www-root/data/www/randevumcepte/vendor/laravel/framework/src/Illuminate/View/Middleware/ShareErrorsFromSession.php(49): Illuminate\\Routing\\Pipeline->Illuminate\\Routing\\{closure}(Object(Illuminate\\Http\\Request))
#24 /var/www/www-root/data/www/randevumcepte/vendor/laravel/framework/src/Illuminate/Pipeline/Pipeline.php(151): Illuminate\\View\\Middleware\\ShareErrorsFromSession->handle(Object(Illuminate\\Http\\Request), Object(Closure))
#25 /var/www/www-root/data/www/randevumcepte/vendor/laravel/framework/src/Illuminate/Routing/Pipeline.php(53): Illuminate\\Pipeline\\Pipeline->Illuminate\\Pipeline\\{closure}(Object(Illuminate\\Http\\Request))
#26 /var/www/www-root/data/www/randevumcepte/vendor/laravel/framework/src/Illuminate/Session/Middleware/StartSession.php(63): Illuminate\\Routing\\Pipeline->Illuminate\\Routing\\{closure}(Object(Illuminate\\Http\\Request))
#27 /var/www/www-root/data/www/randevumcepte/vendor/laravel/framework/src/Illuminate/Pipeline/Pipeline.php(151): Illuminate\\Session\\Middleware\\StartSession->handle(Object(Illuminate\\Http\\Request), Object(Closure))
#28 /var/www/www-root/data/www/randevumcepte/vendor/laravel/framework/src/Illuminate/Routing/Pipeline.php(53): Illuminate\\Pipeline\\Pipeline->Illuminate\\Pipeline\\{closure}(Object(Illuminate\\Http\\Request))
#29 /var/www/www-root/data/www/randevumcepte/vendor/laravel/framework/src/Illuminate/Cookie/Middleware/AddQueuedCookiesToResponse.php(37): Illuminate\\Routing\\Pipeline->Illuminate\\Routing\\{closure}(Object(Illuminate\\Http\\Request))
#30 /var/www/www-root/data/www/randevumcepte/vendor/laravel/framework/src/Illuminate/Pipeline/Pipeline.php(151): Illuminate\\Cookie\\Middleware\\AddQueuedCookiesToResponse->handle(Object(Illuminate\\Http\\Request), Object(Closure))
#31 /var/www/www-root/data/www/randevumcepte/vendor/laravel/framework/src/Illuminate/Routing/Pipeline.php(53): Illuminate\\Pipeline\\Pipeline->Illuminate\\Pipeline\\{closure}(Object(Illuminate\\Http\\Request))
#32 /var/www/www-root/data/www/randevumcepte/vendor/laravel/framework/src/Illuminate/Cookie/Middleware/EncryptCookies.php(66): Illuminate\\Routing\\Pipeline->Illuminate\\Routing\\{closure}(Object(Illuminate\\Http\\Request))
#33 /var/www/www-root/data/www/randevumcepte/vendor/laravel/framework/src/Illuminate/Pipeline/Pipeline.php(151): Illuminate\\Cookie\\Middleware\\EncryptCookies->handle(Object(Illuminate\\Http\\Request), Object(Closure))
#34 /var/www/www-root/data/www/randevumcepte/vendor/laravel/framework/src/Illuminate/Routing/Pipeline.php(53): Illuminate\\Pipeline\\Pipeline->Illuminate\\Pipeline\\{closure}(Object(Illuminate\\Http\\Request))
#35 /var/www/www-root/data/www/randevumcepte/app/Http/Middleware/LogRequestPerformance.php(13): Illuminate\\Routing\\Pipeline->Illuminate\\Routing\\{closure}(Object(Illuminate\\Http\\Request))
#36 /var/www/www-root/data/www/randevumcepte/vendor/laravel/framework/src/Illuminate/Pipeline/Pipeline.php(151): App\\Http\\Middleware\\LogRequestPerformance->handle(Object(Illuminate\\Http\\Request), Object(Closure))
#37 /var/www/www-root/data/www/randevumcepte/vendor/laravel/framework/src/Illuminate/Routing/Pipeline.php(53): Illuminate\\Pipeline\\Pipeline->Illuminate\\Pipeline\\{closure}(Object(Illuminate\\Http\\Request))
#38 /var/www/www-root/data/www/randevumcepte/vendor/laravel/framework/src/Illuminate/Pipeline/Pipeline.php(104): Illuminate\\Routing\\Pipeline->Illuminate\\Routing\\{closure}(Object(Illuminate\\Http\\Request))
#39 /var/www/www-root/data/www/randevumcepte/vendor/laravel/framework/src/Illuminate/Routing/Router.php(667): Illuminate\\Pipeline\\Pipeline->then(Object(Closure))
#40 /var/www/www-root/data/www/randevumcepte/vendor/laravel/framework/src/Illuminate/Routing/Router.php(642): Illuminate\\Routing\\Router->runRouteWithinStack(Object(Illuminate\\Routing\\Route), Object(Illuminate\\Http\\Request))
#41 /var/www/www-root/data/www/randevumcepte/vendor/laravel/framework/src/Illuminate/Routing/Router.php(608): Illuminate\\Routing\\Router->runRoute(Object(Illuminate\\Http\\Request), Object(Illuminate\\Routing\\Route))
#42 /var/www/www-root/data/www/randevumcepte/vendor/laravel/framework/src/Illuminate/Routing/Router.php(597): Illuminate\\Routing\\Router->dispatchToRoute(Object(Illuminate\\Http\\Request))
#43 /var/www/www-root/data/www/randevumcepte/vendor/laravel/framework/src/Illuminate/Foundation/Http/Kernel.php(176): Illuminate\\Routing\\Router->dispatch(Object(Illuminate\\Http\\Request))
#44 /var/www/www-root/data/www/randevumcepte/vendor/laravel/framework/src/Illuminate/Routing/Pipeline.php(30): Illuminate\\Foundation\\Http\\Kernel->Illuminate\\Foundation\\Http\\{closure}(Object(Illuminate\\Http\\Request))
#45 /var/www/www-root/data/www/randevumcepte/vendor/barryvdh/laravel-debugbar/src/Middleware/InjectDebugbar.php(58): Illuminate\\Routing\\Pipeline->Illuminate\\Routing\\{closure}(Object(Illuminate\\Http\\Request))
#46 /var/www/www-root/data/www/randevumcepte/vendor/laravel/framework/src/Illuminate/Pipeline/Pipeline.php(151): Barryvdh\\Debugbar\\Middleware\\InjectDebugbar->handle(Object(Illuminate\\Http\\Request), Object(Closure))
#47 /var/www/www-root/data/www/randevumcepte/vendor/laravel/framework/src/Illuminate/Routing/Pipeline.php(53): Illuminate\\Pipeline\\Pipeline->Illuminate\\Pipeline\\{closure}(Object(Illuminate\\Http\\Request))
#48 /var/www/www-root/data/www/randevumcepte/vendor/laravel/framework/src/Illuminate/Foundation/Http/Middleware/TransformsRequest.php(31): Illuminate\\Routing\\Pipeline->Illuminate\\Routing\\{closure}(Object(Illuminate\\Http\\Request))
#49 /var/www/www-root/data/www/randevumcepte/vendor/laravel/framework/src/Illuminate/Pipeline/Pipeline.php(151): Illuminate\\Foundation\\Http\\Middleware\\TransformsRequest->handle(Object(Illuminate\\Http\\Request), Object(Closure))
#50 /var/www/www-root/data/www/randevumcepte/vendor/laravel/framework/src/Illuminate/Routing/Pipeline.php(53): Illuminate\\Pipeline\\Pipeline->Illuminate\\Pipeline\\{closure}(Object(Illuminate\\Http\\Request))
#51 /var/www/www-root/data/www/randevumcepte/vendor/laravel/framework/src/Illuminate/Foundation/Http/Middleware/TransformsRequest.php(31): Illuminate\\Routing\\Pipeline->Illuminate\\Routing\\{closure}(Object(Illuminate\\Http\\Request))
#52 /var/www/www-root/data/www/randevumcepte/vendor/laravel/framework/src/Illuminate/Pipeline/Pipeline.php(151): Illuminate\\Foundation\\Http\\Middleware\\TransformsRequest->handle(Object(Illuminate\\Http\\Request), Object(Closure))
#53 /var/www/www-root/data/www/randevumcepte/vendor/laravel/framework/src/Illuminate/Routing/Pipeline.php(53): Illuminate\\Pipeline\\Pipeline->Illuminate\\Pipeline\\{closure}(Object(Illuminate\\Http\\Request))
#54 /var/www/www-root/data/www/randevumcepte/vendor/laravel/framework/src/Illuminate/Foundation/Http/Middleware/ValidatePostSize.php(27): Illuminate\\Routing\\Pipeline->Illuminate\\Routing\\{closure}(Object(Illuminate\\Http\\Request))
#55 /var/www/www-root/data/www/randevumcepte/vendor/laravel/framework/src/Illuminate/Pipeline/Pipeline.php(151): Illuminate\\Foundation\\Http\\Middleware\\ValidatePostSize->handle(Object(Illuminate\\Http\\Request), Object(Closure))
#56 /var/www/www-root/data/www/randevumcepte/vendor/laravel/framework/src/Illuminate/Routing/Pipeline.php(53): Illuminate\\Pipeline\\Pipeline->Illuminate\\Pipeline\\{closure}(Object(Illuminate\\Http\\Request))
#57 /var/www/www-root/data/www/randevumcepte/vendor/laravel/framework/src/Illuminate/Foundation/Http/Middleware/CheckForMaintenanceMode.php(62): Illuminate\\Routing\\Pipeline->Illuminate\\Routing\\{closure}(Object(Illuminate\\Http\\Request))
#58 /var/www/www-root/data/www/randevumcepte/vendor/laravel/framework/src/Illuminate/Pipeline/Pipeline.php(151): Illuminate\\Foundation\\Http\\Middleware\\CheckForMaintenanceMode->handle(Object(Illuminate\\Http\\Request), Object(Closure))
#59 /var/www/www-root/data/www/randevumcepte/vendor/laravel/framework/src/Illuminate/Routing/Pipeline.php(53): Illuminate\\Pipeline\\Pipeline->Illuminate\\Pipeline\\{closure}(Object(Illuminate\\Http\\Request))
#60 /var/www/www-root/data/www/randevumcepte/vendor/laravel/framework/src/Illuminate/Pipeline/Pipeline.php(104): Illuminate\\Routing\\Pipeline->Illuminate\\Routing\\{closure}(Object(Illuminate\\Http\\Request))
#61 /var/www/www-root/data/www/randevumcepte/vendor/laravel/framework/src/Illuminate/Foundation/Http/Kernel.php(151): Illuminate\\Pipeline\\Pipeline->then(Object(Closure))
#62 /var/www/www-root/data/www/randevumcepte/vendor/laravel/framework/src/Illuminate/Foundation/Http/Kernel.php(116): Illuminate\\Foundation\\Http\\Kernel->sendRequestThroughRouter(Object(Illuminate\\Http\\Request))
#63 /var/www/www-root/data/www/randevumcepte/public/index.php(52): Illuminate\\Foundation\\Http\\Kernel->handle(Object(Illuminate\\Http\\Request))
#64 /var/www/www-root/data/www/randevumcepte/index.php(20): require_once('/var/www/www-ro...')
#65 {main}
"} 
[2026-07-01 23:16:30] local.ERROR: Trying to get property 'id' of non-object {"exception":"[object] (ErrorException(code: 0): Trying to get property 'id' of non-object at /var/www/www-root/data/www/randevumcepte/app/Http/Controllers/HomeController.php:299)
[stacktrace]
#0 /var/www/www-root/data/www/randevumcepte/app/Http/Controllers/HomeController.php(299): Illuminate\\Foundation\\Bootstrap\\HandleExceptions->handleError(8, 'Trying to get p...', '/var/www/www-ro...', 299, Array)
#1 [internal function]: App\\Http\\Controllers\\HomeController->salonDetay(Object(Illuminate\\Http\\Request))
#2 /var/www/www-root/data/www/randevumcepte/vendor/laravel/framework/src/Illuminate/Routing/Controller.php(54): call_user_func_array(Array, Array)
#3 /var/www/www-root/data/www/randevumcepte/vendor/laravel/framework/src/Illuminate/Routing/ControllerDispatcher.php(45): Illuminate\\Routing\\Controller->callAction('salonDetay', Array)
#4 /var/www/www-root/data/www/randevumcepte/vendor/laravel/framework/src/Illuminate/Routing/Route.php(212): Illuminate\\Routing\\ControllerDispatcher->dispatch(Object(Illuminate\\Routing\\Route), Object(App\\Http\\Controllers\\HomeController), 'salonDetay')
#5 /var/www/www-root/data/www/randevumcepte/vendor/laravel/framework/src/Illuminate/Routing/Route.php(169): Illuminate\\Routing\\Route->runController()
#6 /var/www/www-root/data/www/randevumcepte/vendor/laravel/framework/src/Illuminate/Routing/Router.php(665): Illuminate\\Routing\\Route->run()
#7 /var/www/www-root/data/www/randevumcepte/vendor/laravel/framework/src/Illuminate/Routing/Pipeline.php(30): Illuminate\\Routing\\Router->Illuminate\\Routing\\{closure}(Object(Illuminate\\Http\\Request))
#8 /var/www/www-root/data/www/randevumcepte/app/Http/Middleware/RedirectIfAuthenticated.php(33): Illuminate\\Routing\\Pipeline->Illuminate\\Routing\\{closure}(Object(Illuminate\\Http\\Request))
#9 /var/www/www-root/data/www/randevumcepte/vendor/laravel/framework/src/Illuminate/Pipeline/Pipeline.php(151): App\\Http\\Middleware\\RedirectIfAuthenticated->handle(Object(Illuminate\\Http\\Request), Object(Closure))
#10 /var/www/www-root/data/www/randevumcepte/vendor/laravel/framework/src/Illuminate/Routing/Pipeline.php(53): Illuminate\\Pipeline\\Pipeline->Illuminate\\Pipeline\\{closure}(Object(Illuminate\\Http\\Request))
#11 /var/www/www-root/data/www/randevumcepte/vendor/htmlmin/htmlmin/src/Http/Middleware/MinifyMiddleware.php(55): Illuminate\\Routing\\Pipeline->Illuminate\\Routing\\{closure}(Object(Illuminate\\Http\\Request))
#12 /var/www/www-root/data/www/randevumcepte/vendor/laravel/framework/src/Illuminate/Pipeline/Pipeline.php(151): HTMLMin\\HTMLMin\\Http\\Middleware\\MinifyMiddleware->handle(Object(Illuminate\\Http\\Request), Object(Closure))
#13 /var/www/www-root/data/www/randevumcepte/vendor/laravel/framework/src/Illuminate/Routing/Pipeline.php(53): Illuminate\\Pipeline\\Pipeline->Illuminate\\Pipeline\\{closure}(Object(Illuminate\\Http\\Request))
#14 /var/www/www-root/data/www/randevumcepte/vendor/laravel/framework/src/Illuminate/Routing/Middleware/SubstituteBindings.php(41): Illuminate\\Routing\\Pipeline->Illuminate\\Routing\\{closure}(Object(Illuminate\\Http\\Request))
#15 /var/www/www-root/data/www/randevumcepte/vendor/laravel/framework/src/Illuminate/Pipeline/Pipeline.php(151): Illuminate\\Routing\\Middleware\\SubstituteBindings->handle(Object(Illuminate\\Http\\Request), Object(Closure))
#16 /var/www/www-root/data/www/randevumcepte/vendor/laravel/framework/src/Illuminate/Routing/Pipeline.php(53): Illuminate\\Pipeline\\Pipeline->Illuminate\\Pipeline\\{closure}(Object(Illuminate\\Http\\Request))
#17 /var/www/www-root/data/www/randevumcepte/app/Http/Middleware/AuthenticateSession.php(42): Illuminate\\Routing\\Pipeline->Illuminate\\Routing\\{closure}(Object(Illuminate\\Http\\Request))
#18 /var/www/www-root/data/www/randevumcepte/vendor/laravel/framework/src/Illuminate/Pipeline/Pipeline.php(151): App\\Http\\Middleware\\AuthenticateSession->handle(Object(Illuminate\\Http\\Request), Object(Closure))
#19 /var/www/www-root/data/www/randevumcepte/vendor/laravel/framework/src/Illuminate/Routing/Pipeline.php(53): Illuminate\\Pipeline\\Pipeline->Illuminate\\Pipeline\\{closure}(Object(Illuminate\\Http\\Request))
#20 /var/www/www-root/data/www/randevumcepte/vendor/laravel/framework/src/Illuminate/Foundation/Http/Middleware/VerifyCsrfToken.php(68): Illuminate\\Routing\\Pipeline->Illuminate\\Routing\\{closure}(Object(Illuminate\\Http\\Request))
#21 /var/www/www-root/data/www/randevumcepte/vendor/laravel/framework/src/Illuminate/Pipeline/Pipeline.php(151): Illuminate\\Foundation\\Http\\Middleware\\VerifyCsrfToken->handle(Object(Illuminate\\Http\\Request), Object(Closure))
#22 /var/www/www-root/data/www/randevumcepte/vendor/laravel/framework/src/Illuminate/Routing/Pipeline.php(53): Illuminate\\Pipeline\\Pipeline->Illuminate\\Pipeline\\{closure}(Object(Illuminate\\Http\\Request))
#23 /var/www/www-root/data/www/randevumcepte/vendor/laravel/framework/src/Illuminate/View/Middleware/ShareErrorsFromSession.php(49): Illuminate\\Routing\\Pipeline->Illuminate\\Routing\\{closure}(Object(Illuminate\\Http\\Request))
#24 /var/www/www-root/data/www/randevumcepte/vendor/laravel/framework/src/Illuminate/Pipeline/Pipeline.php(151): Illuminate\\View\\Middleware\\ShareErrorsFromSession->handle(Object(Illuminate\\Http\\Request), Object(Closure))
#25 /var/www/www-root/data/www/randevumcepte/vendor/laravel/framework/src/Illuminate/Routing/Pipeline.php(53): Illuminate\\Pipeline\\Pipeline->Illuminate\\Pipeline\\{closure}(Object(Illuminate\\Http\\Request))
#26 /var/www/www-root/data/www/randevumcepte/vendor/laravel/framework/src/Illuminate/Session/Middleware/StartSession.php(63): Illuminate\\Routing\\Pipeline->Illuminate\\Routing\\{closure}(Object(Illuminate\\Http\\Request))
#27 /var/www/www-root/data/www/randevumcepte/vendor/laravel/framework/src/Illuminate/Pipeline/Pipeline.php(151): Illuminate\\Session\\Middleware\\StartSession->handle(Object(Illuminate\\Http\\Request), Object(Closure))
#28 /var/www/www-root/data/www/randevumcepte/vendor/laravel/framework/src/Illuminate/Routing/Pipeline.php(53): Illuminate\\Pipeline\\Pipeline->Illuminate\\Pipeline\\{closure}(Object(Illuminate\\Http\\Request))
#29 /var/www/www-root/data/www/randevumcepte/vendor/laravel/framework/src/Illuminate/Cookie/Middleware/AddQueuedCookiesToResponse.php(37): Illuminate\\Routing\\Pipeline->Illuminate\\Routing\\{closure}(Object(Illuminate\\Http\\Request))
#30 /var/www/www-root/data/www/randevumcepte/vendor/laravel/framework/src/Illuminate/Pipeline/Pipeline.php(151): Illuminate\\Cookie\\Middleware\\AddQueuedCookiesToResponse->handle(Object(Illuminate\\Http\\Request), Object(Closure))
#31 /var/www/www-root/data/www/randevumcepte/vendor/laravel/framework/src/Illuminate/Routing/Pipeline.php(53): Illuminate\\Pipeline\\Pipeline->Illuminate\\Pipeline\\{closure}(Object(Illuminate\\Http\\Request))
#32 /var/www/www-root/data/www/randevumcepte/vendor/laravel/framework/src/Illuminate/Cookie/Middleware/EncryptCookies.php(66): Illuminate\\Routing\\Pipeline->Illuminate\\Routing\\{closure}(Object(Illuminate\\Http\\Request))
#33 /var/www/www-root/data/www/randevumcepte/vendor/laravel/framework/src/Illuminate/Pipeline/Pipeline.php(151): Illuminate\\Cookie\\Middleware\\EncryptCookies->handle(Object(Illuminate\\Http\\Request), Object(Closure))
#34 /var/www/www-root/data/www/randevumcepte/vendor/laravel/framework/src/Illuminate/Routing/Pipeline.php(53): Illuminate\\Pipeline\\Pipeline->Illuminate\\Pipeline\\{closure}(Object(Illuminate\\Http\\Request))
#35 /var/www/www-root/data/www/randevumcepte/app/Http/Middleware/LogRequestPerformance.php(13): Illuminate\\Routing\\Pipeline->Illuminate\\Routing\\{closure}(Object(Illuminate\\Http\\Request))
#36 /var/www/www-root/data/www/randevumcepte/vendor/laravel/framework/src/Illuminate/Pipeline/Pipeline.php(151): App\\Http\\Middleware\\LogRequestPerformance->handle(Object(Illuminate\\Http\\Request), Object(Closure))
#37 /var/www/www-root/data/www/randevumcepte/vendor/laravel/framework/src/Illuminate/Routing/Pipeline.php(53): Illuminate\\Pipeline\\Pipeline->Illuminate\\Pipeline\\{closure}(Object(Illuminate\\Http\\Request))
#38 /var/www/www-root/data/www/randevumcepte/vendor/laravel/framework/src/Illuminate/Pipeline/Pipeline.php(104): Illuminate\\Routing\\Pipeline->Illuminate\\Routing\\{closure}(Object(Illuminate\\Http\\Request))
#39 /var/www/www-root/data/www/randevumcepte/vendor/laravel/framework/src/Illuminate/Routing/Router.php(667): Illuminate\\Pipeline\\Pipeline->then(Object(Closure))
#40 /var/www/www-root/data/www/randevumcepte/vendor/laravel/framework/src/Illuminate/Routing/Router.php(642): Illuminate\\Routing\\Router->runRouteWithinStack(Object(Illuminate\\Routing\\Route), Object(Illuminate\\Http\\Request))
#41 /var/www/www-root/data/www/randevumcepte/vendor/laravel/framework/src/Illuminate/Routing/Router.php(608): Illuminate\\Routing\\Router->runRoute(Object(Illuminate\\Http\\Request), Object(Illuminate\\Routing\\Route))
#42 /var/www/www-root/data/www/randevumcepte/vendor/laravel/framework/src/Illuminate/Routing/Router.php(597): Illuminate\\Routing\\Router->dispatchToRoute(Object(Illuminate\\Http\\Request))
#43 /var/www/www-root/data/www/randevumcepte/vendor/laravel/framework/src/Illuminate/Foundation/Http/Kernel.php(176): Illuminate\\Routing\\Router->dispatch(Object(Illuminate\\Http\\Request))
#44 /var/www/www-root/data/www/randevumcepte/vendor/laravel/framework/src/Illuminate/Routing/Pipeline.php(30): Illuminate\\Foundation\\Http\\Kernel->Illuminate\\Foundation\\Http\\{closure}(Object(Illuminate\\Http\\Request))
#45 /var/www/www-root/data/www/randevumcepte/vendor/barryvdh/laravel-debugbar/src/Middleware/InjectDebugbar.php(58): Illuminate\\Routing\\Pipeline->Illuminate\\Routing\\{closure}(Object(Illuminate\\Http\\Request))
#46 /var/www/www-root/data/www/randevumcepte/vendor/laravel/framework/src/Illuminate/Pipeline/Pipeline.php(151): Barryvdh\\Debugbar\\Middleware\\InjectDebugbar->handle(Object(Illuminate\\Http\\Request), Object(Closure))
#47 /var/www/www-root/data/www/randevumcepte/vendor/laravel/framework/src/Illuminate/Routing/Pipeline.php(53): Illuminate\\Pipeline\\Pipeline->Illuminate\\Pipeline\\{closure}(Object(Illuminate\\Http\\Request))
#48 /var/www/www-root/data/www/randevumcepte/vendor/laravel/framework/src/Illuminate/Foundation/Http/Middleware/TransformsRequest.php(31): Illuminate\\Routing\\Pipeline->Illuminate\\Routing\\{closure}(Object(Illuminate\\Http\\Request))
#49 /var/www/www-root/data/www/randevumcepte/vendor/laravel/framework/src/Illuminate/Pipeline/Pipeline.php(151): Illuminate\\Foundation\\Http\\Middleware\\TransformsRequest->handle(Object(Illuminate\\Http\\Request), Object(Closure))
#50 /var/www/www-root/data/www/randevumcepte/vendor/laravel/framework/src/Illuminate/Routing/Pipeline.php(53): Illuminate\\Pipeline\\Pipeline->Illuminate\\Pipeline\\{closure}(Object(Illuminate\\Http\\Request))
#51 /var/www/www-root/data/www/randevumcepte/vendor/laravel/framework/src/Illuminate/Foundation/Http/Middleware/TransformsRequest.php(31): Illuminate\\Routing\\Pipeline->Illuminate\\Routing\\{closure}(Object(Illuminate\\Http\\Request))
#52 /var/www/www-root/data/www/randevumcepte/vendor/laravel/framework/src/Illuminate/Pipeline/Pipeline.php(151): Illuminate\\Foundation\\Http\\Middleware\\TransformsRequest->handle(Object(Illuminate\\Http\\Request), Object(Closure))
#53 /var/www/www-root/data/www/randevumcepte/vendor/laravel/framework/src/Illuminate/Routing/Pipeline.php(53): Illuminate\\Pipeline\\Pipeline->Illuminate\\Pipeline\\{closure}(Object(Illuminate\\Http\\Request))
#54 /var/www/www-root/data/www/randevumcepte/vendor/laravel/framework/src/Illuminate/Foundation/Http/Middleware/ValidatePostSize.php(27): Illuminate\\Routing\\Pipeline->Illuminate\\Routing\\{closure}(Object(Illuminate\\Http\\Request))
#55 /var/www/www-root/data/www/randevumcepte/vendor/laravel/framework/src/Illuminate/Pipeline/Pipeline.php(151): Illuminate\\Foundation\\Http\\Middleware\\ValidatePostSize->handle(Object(Illuminate\\Http\\Request), Object(Closure))
#56 /var/www/www-root/data/www/randevumcepte/vendor/laravel/framework/src/Illuminate/Routing/Pipeline.php(53): Illuminate\\Pipeline\\Pipeline->Illuminate\\Pipeline\\{closure}(Object(Illuminate\\Http\\Request))
#57 /var/www/www-root/data/www/randevumcepte/vendor/laravel/framework/src/Illuminate/Foundation/Http/Middleware/CheckForMaintenanceMode.php(62): Illuminate\\Routing\\Pipeline->Illuminate\\Routing\\{closure}(Object(Illuminate\\Http\\Request))
#58 /var/www/www-root/data/www/randevumcepte/vendor/laravel/framework/src/Illuminate/Pipeline/Pipeline.php(151): Illuminate\\Foundation\\Http\\Middleware\\CheckForMaintenanceMode->handle(Object(Illuminate\\Http\\Request), Object(Closure))
#59 /var/www/www-root/data/www/randevumcepte/vendor/laravel/framework/src/Illuminate/Routing/Pipeline.php(53): Illuminate\\Pipeline\\Pipeline->Illuminate\\Pipeline\\{closure}(Object(Illuminate\\Http\\Request))
#60 /var/www/www-root/data/www/randevumcepte/vendor/laravel/framework/src/Illuminate/Pipeline/Pipeline.php(104): Illuminate\\Routing\\Pipeline->Illuminate\\Routing\\{closure}(Object(Illuminate\\Http\\Request))
#61 /var/www/www-root/data/www/randevumcepte/vendor/laravel/framework/src/Illuminate/Foundation/Http/Kernel.php(151): Illuminate\\Pipeline\\Pipeline->then(Object(Closure))
#62 /var/www/www-root/data/www/randevumcepte/vendor/laravel/framework/src/Illuminate/Foundation/Http/Kernel.php(116): Illuminate\\Foundation\\Http\\Kernel->sendRequestThroughRouter(Object(Illuminate\\Http\\Request))
#63 /var/www/www-root/data/www/randevumcepte/public/index.php(52): Illuminate\\Foundation\\Http\\Kernel->handle(Object(Illuminate\\Http\\Request))
#64 /var/www/www-root/data/www/randevumcepte/index.php(20): require_once('/var/www/www-ro...')
#65 {main}
"} 
[2026-07-01 23:16:34] local.ERROR: SQLSTATE[42S22]: Column not found: 1054 Unknown column 'users.surname' in 'SELECT' (SQL: select `salon_yorumlar`.`id`, `salon_yorumlar`.`user_id`, `salon_yorumlar`.`yorum`, `salon_yorumlar`.`updated_at` as `tarih`, `users`.`name` as `kullanici_adi`, `users`.`surname` as `kullanici_soyadi` from `salon_yorumlar` left join `users` on `salon_yorumlar`.`user_id` = `users`.`id` where `salon_yorumlar`.`salon_id` in (389) order by `salon_yorumlar`.`updated_at` desc) {"exception":"[object] (Illuminate\\Database\\QueryException(code: 42S22): SQLSTATE[42S22]: Column not found: 1054 Unknown column 'users.surname' in 'SELECT' (SQL: select `salon_yorumlar`.`id`, `salon_yorumlar`.`user_id`, `salon_yorumlar`.`yorum`, `salon_yorumlar`.`updated_at` as `tarih`, `users`.`name` as `kullanici_adi`, `users`.`surname` as `kullanici_soyadi` from `salon_yorumlar` left join `users` on `salon_yorumlar`.`user_id` = `users`.`id` where `salon_yorumlar`.`salon_id` in (389) order by `salon_yorumlar`.`updated_at` desc) at /var/www/www-root/data/www/randevumcepte/vendor/laravel/framework/src/Illuminate/Database/Connection.php:664, PDOException(code: 42S22): SQLSTATE[42S22]: Column not found: 1054 Unknown column 'users.surname' in 'SELECT' at /var/www/www-root/data/www/randevumcepte/vendor/laravel/framework/src/Illuminate/Database/Connection.php:326)
[stacktrace]
#0 /var/www/www-root/data/www/randevumcepte/vendor/laravel/framework/src/Illuminate/Database/Connection.php(624): Illuminate\\Database\\Connection->runQueryCallback('select `salon_y...', Array, Object(Closure))
#1 /var/www/www-root/data/www/randevumcepte/vendor/laravel/framework/src/Illuminate/Database/Connection.php(333): Illuminate\\Database\\Connection->run('select `salon_y...', Array, Object(Closure))
#2 /var/www/www-root/data/www/randevumcepte/vendor/laravel/framework/src/Illuminate/Database/Query/Builder.php(1963): Illuminate\\Database\\Connection->select('select `salon_y...', Array, true)
#3 /var/www/www-root/data/www/randevumcepte/vendor/laravel/framework/src/Illuminate/Database/Query/Builder.php(1951): Illuminate\\Database\\Query\\Builder->runSelect()
#4 /var/www/www-root/data/www/randevumcepte/vendor/laravel/framework/src/Illuminate/Database/Query/Builder.php(2435): Illuminate\\Database\\Query\\Builder->Illuminate\\Database\\Query\\{closure}()
#5 /var/www/www-root/data/www/randevumcepte/vendor/laravel/framework/src/Illuminate/Database/Query/Builder.php(1952): Illuminate\\Database\\Query\\Builder->onceWithColumns(Array, Object(Closure))
#6 /var/www/www-root/data/www/randevumcepte/app/Http/Controllers/ApiController.php(21456): Illuminate\\Database\\Query\\Builder->get()
#7 [internal function]: App\\Http\\Controllers\\ApiController->salonyorumlari(Object(Illuminate\\Http\\Request))
#8 /var/www/www-root/data/www/randevumcepte/vendor/laravel/framework/src/Illuminate/Routing/Controller.php(54): call_user_func_array(Array, Array)
#9 /var/www/www-root/data/www/randevumcepte/vendor/laravel/framework/src/Illuminate/Routing/ControllerDispatcher.php(45): Illuminate\\Routing\\Controller->callAction('salonyorumlari', Array)
#10 /var/www/www-root/data/www/randevumcepte/vendor/laravel/framework/src/Illuminate/Routing/Route.php(212): Illuminate\\Routing\\ControllerDispatcher->dispatch(Object(Illuminate\\Routing\\Route), Object(App\\Http\\Controllers\\ApiController), 'salonyorumlari')
#11 /var/www/www-root/data/www/randevumcepte/vendor/laravel/framework/src/Illuminate/Routing/Route.php(169): Illuminate\\Routing\\Route->runController()
#12 /var/www/www-root/data/www/randevumcepte/vendor/laravel/framework/src/Illuminate/Routing/Router.php(665): Illuminate\\Routing\\Route->run()
#13 /var/www/www-root/data/www/randevumcepte/vendor/laravel/framework/src/Illuminate/Routing/Pipeline.php(30): Illuminate\\Routing\\Router->Illuminate\\Routing\\{closure}(Object(Illuminate\\Http\\Request))
#14 /var/www/www-root/data/www/randevumcepte/vendor/laravel/framework/src/Illuminate/Routing/Middleware/SubstituteBindings.php(41): Illuminate\\Routing\\Pipeline->Illuminate\\Routing\\{closure}(Object(Illuminate\\Http\\Request))
#15 /var/www/www-root/data/www/randevumcepte/vendor/laravel/framework/src/Illuminate/Pipeline/Pipeline.php(151): Illuminate\\Routing\\Middleware\\SubstituteBindings->handle(Object(Illuminate\\Http\\Request), Object(Closure))
#16 /var/www/www-root/data/www/randevumcepte/vendor/laravel/framework/src/Illuminate/Routing/Pipeline.php(53): Illuminate\\Pipeline\\Pipeline->Illuminate\\Pipeline\\{closure}(Object(Illuminate\\Http\\Request))
#17 /var/www/www-root/data/www/randevumcepte/vendor/laravel/framework/src/Illuminate/Routing/Middleware/ThrottleRequests.php(57): Illuminate\\Routing\\Pipeline->Illuminate\\Routing\\{closure}(Object(Illuminate\\Http\\Request))
#18 /var/www/www-root/data/www/randevumcepte/vendor/laravel/framework/src/Illuminate/Pipeline/Pipeline.php(151): Illuminate\\Routing\\Middleware\\ThrottleRequests->handle(Object(Illuminate\\Http\\Request), Object(Closure), 60, '1')
#19 /var/www/www-root/data/www/randevumcepte/vendor/laravel/framework/src/Illuminate/Routing/Pipeline.php(53): Illuminate\\Pipeline\\Pipeline->Illuminate\\Pipeline\\{closure}(Object(Illuminate\\Http\\Request))
#20 /var/www/www-root/data/www/randevumcepte/vendor/laravel/framework/src/Illuminate/Pipeline/Pipeline.php(104): Illuminate\\Routing\\Pipeline->Illuminate\\Routing\\{closure}(Object(Illuminate\\Http\\Request))
#21 /var/www/www-root/data/www/randevumcepte/vendor/laravel/framework/src/Illuminate/Routing/Router.php(667): Illuminate\\Pipeline\\Pipeline->then(Object(Closure))
#22 /var/www/www-root/data/www/randevumcepte/vendor/laravel/framework/src/Illuminate/Routing/Router.php(642): Illuminate\\Routing\\Router->runRouteWithinStack(Object(Illuminate\\Routing\\Route), Object(Illuminate\\Http\\Request))
#23 /var/www/www-root/data/www/randevumcepte/vendor/laravel/framework/src/Illuminate/Routing/Router.php(608): Illuminate\\Routing\\Router->runRoute(Object(Illuminate\\Http\\Request), Object(Illuminate\\Routing\\Route))
#24 /var/www/www-root/data/www/randevumcepte/vendor/laravel/framework/src/Illuminate/Routing/Router.php(597): Illuminate\\Routing\\Router->dispatchToRoute(Object(Illuminate\\Http\\Request))
#25 /var/www/www-root/data/www/randevumcepte/vendor/laravel/framework/src/Illuminate/Foundation/Http/Kernel.php(176): Illuminate\\Routing\\Router->dispatch(Object(Illuminate\\Http\\Request))
#26 /var/www/www-root/data/www/randevumcepte/vendor/laravel/framework/src/Illuminate/Routing/Pipeline.php(30): Illuminate\\Foundation\\Http\\Kernel->Illuminate\\Foundation\\Http\\{closure}(Object(Illuminate\\Http\\Request))
#27 /var/www/www-root/data/www/randevumcepte/vendor/barryvdh/laravel-debugbar/src/Middleware/InjectDebugbar.php(58): Illuminate\\Routing\\Pipeline->Illuminate\\Routing\\{closure}(Object(Illuminate\\Http\\Request))
#28 /var/www/www-root/data/www/randevumcepte/vendor/laravel/framework/src/Illuminate/Pipeline/Pipeline.php(151): Barryvdh\\Debugbar\\Middleware\\InjectDebugbar->handle(Object(Illuminate\\Http\\Request), Object(Closure))
#29 /var/www/www-root/data/www/randevumcepte/vendor/laravel/framework/src/Illuminate/Routing/Pipeline.php(53): Illuminate\\Pipeline\\Pipeline->Illuminate\\Pipeline\\{closure}(Object(Illuminate\\Http\\Request))
#30 /var/www/www-root/data/www/randevumcepte/vendor/laravel/framework/src/Illuminate/Foundation/Http/Middleware/TransformsRequest.php(31): Illuminate\\Routing\\Pipeline->Illuminate\\Routing\\{closure}(Object(Illuminate\\Http\\Request))
#31 /var/www/www-root/data/www/randevumcepte/vendor/laravel/framework/src/Illuminate/Pipeline/Pipeline.php(151): Illuminate\\Foundation\\Http\\Middleware\\TransformsRequest->handle(Object(Illuminate\\Http\\Request), Object(Closure))
#32 /var/www/www-root/data/www/randevumcepte/vendor/laravel/framework/src/Illuminate/Routing/Pipeline.php(53): Illuminate\\Pipeline\\Pipeline->Illuminate\\Pipeline\\{closure}(Object(Illuminate\\Http\\Request))
#33 /var/www/www-root/data/www/randevumcepte/vendor/laravel/framework/src/Illuminate/Foundation/Http/Middleware/TransformsRequest.php(31): Illuminate\\Routing\\Pipeline->Illuminate\\Routing\\{closure}(Object(Illuminate\\Http\\Request))
#34 /var/www/www-root/data/www/randevumcepte/vendor/laravel/framework/src/Illuminate/Pipeline/Pipeline.php(151): Illuminate\\Foundation\\Http\\Middleware\\TransformsRequest->handle(Object(Illuminate\\Http\\Request), Object(Closure))
#35 /var/www/www-root/data/www/randevumcepte/vendor/laravel/framework/src/Illuminate/Routing/Pipeline.php(53): Illuminate\\Pipeline\\Pipeline->Illuminate\\Pipeline\\{closure}(Object(Illuminate\\Http\\Request))
#36 /var/www/www-root/data/www/randevumcepte/vendor/laravel/framework/src/Illuminate/Foundation/Http/Middleware/ValidatePostSize.php(27): Illuminate\\Routing\\Pipeline->Illuminate\\Routing\\{closure}(Object(Illuminate\\Http\\Request))
#37 /var/www/www-root/data/www/randevumcepte/vendor/laravel/framework/src/Illuminate/Pipeline/Pipeline.php(151): Illuminate\\Foundation\\Http\\Middleware\\ValidatePostSize->handle(Object(Illuminate\\Http\\Request), Object(Closure))
#38 /var/www/www-root/data/www/randevumcepte/vendor/laravel/framework/src/Illuminate/Routing/Pipeline.php(53): Illuminate\\Pipeline\\Pipeline->Illuminate\\Pipeline\\{closure}(Object(Illuminate\\Http\\Request))
#39 /var/www/www-root/data/www/randevumcepte/vendor/laravel/framework/src/Illuminate/Foundation/Http/Middleware/CheckForMaintenanceMode.php(62): Illuminate\\Routing\\Pipeline->Illuminate\\Routing\\{closure}(Object(Illuminate\\Http\\Request))
#40 /var/www/www-root/data/www/randevumcepte/vendor/laravel/framework/src/Illuminate/Pipeline/Pipeline.php(151): Illuminate\\Foundation\\Http\\Middleware\\CheckForMaintenanceMode->handle(Object(Illuminate\\Http\\Request), Object(Closure))
#41 /var/www/www-root/data/www/randevumcepte/vendor/laravel/framework/src/Illuminate/Routing/Pipeline.php(53): Illuminate\\Pipeline\\Pipeline->Illuminate\\Pipeline\\{closure}(Object(Illuminate\\Http\\Request))
#42 /var/www/www-root/data/www/randevumcepte/vendor/laravel/framework/src/Illuminate/Pipeline/Pipeline.php(104): Illuminate\\Routing\\Pipeline->Illuminate\\Routing\\{closure}(Object(Illuminate\\Http\\Request))
#43 /var/www/www-root/data/www/randevumcepte/vendor/laravel/framework/src/Illuminate/Foundation/Http/Kernel.php(151): Illuminate\\Pipeline\\Pipeline->then(Object(Closure))
#44 /var/www/www-root/data/www/randevumcepte/vendor/laravel/framework/src/Illuminate/Foundation/Http/Kernel.php(116): Illuminate\\Foundation\\Http\\Kernel->sendRequestThroughRouter(Object(Illuminate\\Http\\Request))
#45 /var/www/www-root/data/www/randevumcepte/public/index.php(52): Illuminate\\Foundation\\Http\\Kernel->handle(Object(Illuminate\\Http\\Request))
#46 /var/www/www-root/data/www/randevumcepte/index.php(20): require_once('/var/www/www-ro...')
#47 {main}
"} 
[2026-07-01 23:17:02] local.INFO: [RND-SMS] cron tick {"simdi":"01.07.2026 23:17","aday_randevu_sayisi":566} 
[2026-07-01 23:17:03] local.INFO: [ALACAK-ARAMA] kontrol basladi. dk=2026-07-01 23:17  
[2026-07-01 23:17:03] local.INFO: [ALACAK-ARAMA] aranacak alacak yok.  
[2026-07-01 23:17:04] local.INFO: 💊 İlaç kontrol zamanı: 23:17  
[2026-07-01 23:18:02] local.INFO: [RND-SMS] cron tick {"simdi":"01.07.2026 23:18","aday_randevu_sayisi":566} 
[2026-07-01 23:18:03] local.INFO: [ALACAK-ARAMA] kontrol basladi. dk=2026-07-01 23:18  
[2026-07-01 23:18:04] local.INFO: [ALACAK-ARAMA] aranacak alacak yok.  
[2026-07-01 23:18:04] local.INFO: 💊 İlaç kontrol zamanı: 23:18  
[2026-07-01 23:18:16] local.INFO: [v2 oda_personel_map] {"salon_id":"355","oda_count":38,"row_count":22,"map_keys":[296,335,301,302,297,350,349,291,292,346,294,298,347]} 
[2026-07-01 23:18:17] local.INFO: 1970-01-01 00:00:00 - 2026-07-31 23:59:59 satışları geliyor Müşteri : 185779 Personel :  Tür : 0  
[2026-07-01 23:18:17] local.INFO: DEBUG: Müşteri ID değeri: '185779'  
[2026-07-01 23:18:17] local.INFO: DEBUG: Müşteri ID tipi: string  
[2026-07-01 23:18:17] local.INFO: DEBUG: Müşteri ID == '': HAYIR  
[2026-07-01 23:18:17] local.INFO: DEBUG: Müşteri ID === '': HAYIR  
[2026-07-01 23:18:17] local.INFO: DEBUG: Müşteri ID empty(): HAYIR  
[2026-07-01 23:18:17] local.INFO: paketHizmetId: NULL  
[2026-07-01 23:19:01] local.INFO: [RND-SMS] cron tick {"simdi":"01.07.2026 23:19","aday_randevu_sayisi":566} 
[2026-07-01 23:19:03] local.INFO: [ALACAK-ARAMA] kontrol basladi. dk=2026-07-01 23:19  
[2026-07-01 23:19:03] local.INFO: [ALACAK-ARAMA] aranacak alacak yok.  
[2026-07-01 23:19:03] local.INFO: 💊 İlaç kontrol zamanı: 23:19  
[2026-07-01 23:20:02] local.INFO: [RND-SMS] cron tick {"simdi":"01.07.2026 23:20","aday_randevu_sayisi":566} 
[2026-07-01 23:20:03] local.INFO: [ALACAK-ARAMA] kontrol basladi. dk=2026-07-01 23:20  
[2026-07-01 23:20:03] local.INFO: [ALACAK-ARAMA] aranacak alacak yok.  
[2026-07-01 23:20:04] local.INFO: 💊 İlaç kontrol zamanı: 23:20  
[2026-07-01 23:20:07] local.INFO: [v2 oda_personel_map] {"salon_id":"355","oda_count":38,"row_count":22,"map_keys":[296,335,301,302,297,350,349,291,292,346,294,298,347]} 
[2026-07-01 23:20:07] local.INFO: 1970-01-01 00:00:00 - 2026-07-31 23:59:59 satışları geliyor Müşteri : 158254 Personel :  Tür : 0  
[2026-07-01 23:20:07] local.INFO: DEBUG: Müşteri ID değeri: '158254'  
[2026-07-01 23:20:07] local.INFO: DEBUG: Müşteri ID tipi: string  
[2026-07-01 23:20:07] local.INFO: DEBUG: Müşteri ID == '': HAYIR  
[2026-07-01 23:20:07] local.INFO: DEBUG: Müşteri ID === '': HAYIR  
[2026-07-01 23:20:07] local.INFO: DEBUG: Müşteri ID empty(): HAYIR  
[2026-07-01 23:20:07] local.INFO: paketHizmetId: NULL  
[2026-07-01 23:20:09] local.ERROR: Trying to get property 'id' of non-object {"exception":"[object] (ErrorException(code: 0): Trying to get property 'id' of non-object at /var/www/www-root/data/www/randevumcepte/app/Http/Controllers/HomeController.php:299)
[stacktrace]
#0 /var/www/www-root/data/www/randevumcepte/app/Http/Controllers/HomeController.php(299): Illuminate\\Foundation\\Bootstrap\\HandleExceptions->handleError(8, 'Trying to get p...', '/var/www/www-ro...', 299, Array)
#1 [internal function]: App\\Http\\Controllers\\HomeController->salonDetay(Object(Illuminate\\Http\\Request))
#2 /var/www/www-root/data/www/randevumcepte/vendor/laravel/framework/src/Illuminate/Routing/Controller.php(54): call_user_func_array(Array, Array)
#3 /var/www/www-root/data/www/randevumcepte/vendor/laravel/framework/src/Illuminate/Routing/ControllerDispatcher.php(45): Illuminate\\Routing\\Controller->callAction('salonDetay', Array)
#4 /var/www/www-root/data/www/randevumcepte/vendor/laravel/framework/src/Illuminate/Routing/Route.php(212): Illuminate\\Routing\\ControllerDispatcher->dispatch(Object(Illuminate\\Routing\\Route), Object(App\\Http\\Controllers\\HomeController), 'salonDetay')
#5 /var/www/www-root/data/www/randevumcepte/vendor/laravel/framework/src/Illuminate/Routing/Route.php(169): Illuminate\\Routing\\Route->runController()
#6 /var/www/www-root/data/www/randevumcepte/vendor/laravel/framework/src/Illuminate/Routing/Router.php(665): Illuminate\\Routing\\Route->run()
#7 /var/www/www-root/data/www/randevumcepte/vendor/laravel/framework/src/Illuminate/Routing/Pipeline.php(30): Illuminate\\Routing\\Router->Illuminate\\Routing\\{closure}(Object(Illuminate\\Http\\Request))
#8 /var/www/www-root/data/www/randevumcepte/app/Http/Middleware/RedirectIfAuthenticated.php(33): Illuminate\\Routing\\Pipeline->Illuminate\\Routing\\{closure}(Object(Illuminate\\Http\\Request))
#9 /var/www/www-root/data/www/randevumcepte/vendor/laravel/framework/src/Illuminate/Pipeline/Pipeline.php(151): App\\Http\\Middleware\\RedirectIfAuthenticated->handle(Object(Illuminate\\Http\\Request), Object(Closure))
#10 /var/www/www-root/data/www/randevumcepte/vendor/laravel/framework/src/Illuminate/Routing/Pipeline.php(53): Illuminate\\Pipeline\\Pipeline->Illuminate\\Pipeline\\{closure}(Object(Illuminate\\Http\\Request))
#11 /var/www/www-root/data/www/randevumcepte/vendor/htmlmin/htmlmin/src/Http/Middleware/MinifyMiddleware.php(55): Illuminate\\Routing\\Pipeline->Illuminate\\Routing\\{closure}(Object(Illuminate\\Http\\Request))
#12 /var/www/www-root/data/www/randevumcepte/vendor/laravel/framework/src/Illuminate/Pipeline/Pipeline.php(151): HTMLMin\\HTMLMin\\Http\\Middleware\\MinifyMiddleware->handle(Object(Illuminate\\Http\\Request), Object(Closure))
#13 /var/www/www-root/data/www/randevumcepte/vendor/laravel/framework/src/Illuminate/Routing/Pipeline.php(53): Illuminate\\Pipeline\\Pipeline->Illuminate\\Pipeline\\{closure}(Object(Illuminate\\Http\\Request))
#14 /var/www/www-root/data/www/randevumcepte/vendor/laravel/framework/src/Illuminate/Routing/Middleware/SubstituteBindings.php(41): Illuminate\\Routing\\Pipeline->Illuminate\\Routing\\{closure}(Object(Illuminate\\Http\\Request))
#15 /var/www/www-root/data/www/randevumcepte/vendor/laravel/framework/src/Illuminate/Pipeline/Pipeline.php(151): Illuminate\\Routing\\Middleware\\SubstituteBindings->handle(Object(Illuminate\\Http\\Request), Object(Closure))
#16 /var/www/www-root/data/www/randevumcepte/vendor/laravel/framework/src/Illuminate/Routing/Pipeline.php(53): Illuminate\\Pipeline\\Pipeline->Illuminate\\Pipeline\\{closure}(Object(Illuminate\\Http\\Request))
#17 /var/www/www-root/data/www/randevumcepte/app/Http/Middleware/AuthenticateSession.php(42): Illuminate\\Routing\\Pipeline->Illuminate\\Routing\\{closure}(Object(Illuminate\\Http\\Request))
#18 /var/www/www-root/data/www/randevumcepte/vendor/laravel/framework/src/Illuminate/Pipeline/Pipeline.php(151): App\\Http\\Middleware\\AuthenticateSession->handle(Object(Illuminate\\Http\\Request), Object(Closure))
#19 /var/www/www-root/data/www/randevumcepte/vendor/laravel/framework/src/Illuminate/Routing/Pipeline.php(53): Illuminate\\Pipeline\\Pipeline->Illuminate\\Pipeline\\{closure}(Object(Illuminate\\Http\\Request))
#20 /var/www/www-root/data/www/randevumcepte/vendor/laravel/framework/src/Illuminate/Foundation/Http/Middleware/VerifyCsrfToken.php(68): Illuminate\\Routing\\Pipeline->Illuminate\\Routing\\{closure}(Object(Illuminate\\Http\\Request))
#21 /var/www/www-root/data/www/randevumcepte/vendor/laravel/framework/src/Illuminate/Pipeline/Pipeline.php(151): Illuminate\\Foundation\\Http\\Middleware\\VerifyCsrfToken->handle(Object(Illuminate\\Http\\Request), Object(Closure))
#22 /var/www/www-root/data/www/randevumcepte/vendor/laravel/framework/src/Illuminate/Routing/Pipeline.php(53): Illuminate\\Pipeline\\Pipeline->Illuminate\\Pipeline\\{closure}(Object(Illuminate\\Http\\Request))
#23 /var/www/www-root/data/www/randevumcepte/vendor/laravel/framework/src/Illuminate/View/Middleware/ShareErrorsFromSession.php(49): Illuminate\\Routing\\Pipeline->Illuminate\\Routing\\{closure}(Object(Illuminate\\Http\\Request))
#24 /var/www/www-root/data/www/randevumcepte/vendor/laravel/framework/src/Illuminate/Pipeline/Pipeline.php(151): Illuminate\\View\\Middleware\\ShareErrorsFromSession->handle(Object(Illuminate\\Http\\Request), Object(Closure))
#25 /var/www/www-root/data/www/randevumcepte/vendor/laravel/framework/src/Illuminate/Routing/Pipeline.php(53): Illuminate\\Pipeline\\Pipeline->Illuminate\\Pipeline\\{closure}(Object(Illuminate\\Http\\Request))
#26 /var/www/www-root/data/www/randevumcepte/vendor/laravel/framework/src/Illuminate/Session/Middleware/StartSession.php(63): Illuminate\\Routing\\Pipeline->Illuminate\\Routing\\{closure}(Object(Illuminate\\Http\\Request))
#27 /var/www/www-root/data/www/randevumcepte/vendor/laravel/framework/src/Illuminate/Pipeline/Pipeline.php(151): Illuminate\\Session\\Middleware\\StartSession->handle(Object(Illuminate\\Http\\Request), Object(Closure))
#28 /var/www/www-root/data/www/randevumcepte/vendor/laravel/framework/src/Illuminate/Routing/Pipeline.php(53): Illuminate\\Pipeline\\Pipeline->Illuminate\\Pipeline\\{closure}(Object(Illuminate\\Http\\Request))
#29 /var/www/www-root/data/www/randevumcepte/vendor/laravel/framework/src/Illuminate/Cookie/Middleware/AddQueuedCookiesToResponse.php(37): Illuminate\\Routing\\Pipeline->Illuminate\\Routing\\{closure}(Object(Illuminate\\Http\\Request))
#30 /var/www/www-root/data/www/randevumcepte/vendor/laravel/framework/src/Illuminate/Pipeline/Pipeline.php(151): Illuminate\\Cookie\\Middleware\\AddQueuedCookiesToResponse->handle(Object(Illuminate\\Http\\Request), Object(Closure))
#31 /var/www/www-root/data/www/randevumcepte/vendor/laravel/framework/src/Illuminate/Routing/Pipeline.php(53): Illuminate\\Pipeline\\Pipeline->Illuminate\\Pipeline\\{closure}(Object(Illuminate\\Http\\Request))
#32 /var/www/www-root/data/www/randevumcepte/vendor/laravel/framework/src/Illuminate/Cookie/Middleware/EncryptCookies.php(66): Illuminate\\Routing\\Pipeline->Illuminate\\Routing\\{closure}(Object(Illuminate\\Http\\Request))
#33 /var/www/www-root/data/www/randevumcepte/vendor/laravel/framework/src/Illuminate/Pipeline/Pipeline.php(151): Illuminate\\Cookie\\Middleware\\EncryptCookies->handle(Object(Illuminate\\Http\\Request), Object(Closure))
#34 /var/www/www-root/data/www/randevumcepte/vendor/laravel/framework/src/Illuminate/Routing/Pipeline.php(53): Illuminate\\Pipeline\\Pipeline->Illuminate\\Pipeline\\{closure}(Object(Illuminate\\Http\\Request))
#35 /var/www/www-root/data/www/randevumcepte/app/Http/Middleware/LogRequestPerformance.php(13): Illuminate\\Routing\\Pipeline->Illuminate\\Routing\\{closure}(Object(Illuminate\\Http\\Request))
#36 /var/www/www-root/data/www/randevumcepte/vendor/laravel/framework/src/Illuminate/Pipeline/Pipeline.php(151): App\\Http\\Middleware\\LogRequestPerformance->handle(Object(Illuminate\\Http\\Request), Object(Closure))
#37 /var/www/www-root/data/www/randevumcepte/vendor/laravel/framework/src/Illuminate/Routing/Pipeline.php(53): Illuminate\\Pipeline\\Pipeline->Illuminate\\Pipeline\\{closure}(Object(Illuminate\\Http\\Request))
#38 /var/www/www-root/data/www/randevumcepte/vendor/laravel/framework/src/Illuminate/Pipeline/Pipeline.php(104): Illuminate\\Routing\\Pipeline->Illuminate\\Routing\\{closure}(Object(Illuminate\\Http\\Request))
#39 /var/www/www-root/data/www/randevumcepte/vendor/laravel/framework/src/Illuminate/Routing/Router.php(667): Illuminate\\Pipeline\\Pipeline->then(Object(Closure))
#40 /var/www/www-root/data/www/randevumcepte/vendor/laravel/framework/src/Illuminate/Routing/Router.php(642): Illuminate\\Routing\\Router->runRouteWithinStack(Object(Illuminate\\Routing\\Route), Object(Illuminate\\Http\\Request))
#41 /var/www/www-root/data/www/randevumcepte/vendor/laravel/framework/src/Illuminate/Routing/Router.php(608): Illuminate\\Routing\\Router->runRoute(Object(Illuminate\\Http\\Request), Object(Illuminate\\Routing\\Route))
#42 /var/www/www-root/data/www/randevumcepte/vendor/laravel/framework/src/Illuminate/Routing/Router.php(597): Illuminate\\Routing\\Router->dispatchToRoute(Object(Illuminate\\Http\\Request))
#43 /var/www/www-root/data/www/randevumcepte/vendor/laravel/framework/src/Illuminate/Foundation/Http/Kernel.php(176): Illuminate\\Routing\\Router->dispatch(Object(Illuminate\\Http\\Request))
#44 /var/www/www-root/data/www/randevumcepte/vendor/laravel/framework/src/Illuminate/Routing/Pipeline.php(30): Illuminate\\Foundation\\Http\\Kernel->Illuminate\\Foundation\\Http\\{closure}(Object(Illuminate\\Http\\Request))
#45 /var/www/www-root/data/www/randevumcepte/vendor/barryvdh/laravel-debugbar/src/Middleware/InjectDebugbar.php(58): Illuminate\\Routing\\Pipeline->Illuminate\\Routing\\{closure}(Object(Illuminate\\Http\\Request))
#46 /var/www/www-root/data/www/randevumcepte/vendor/laravel/framework/src/Illuminate/Pipeline/Pipeline.php(151): Barryvdh\\Debugbar\\Middleware\\InjectDebugbar->handle(Object(Illuminate\\Http\\Request), Object(Closure))
#47 /var/www/www-root/data/www/randevumcepte/vendor/laravel/framework/src/Illuminate/Routing/Pipeline.php(53): Illuminate\\Pipeline\\Pipeline->Illuminate\\Pipeline\\{closure}(Object(Illuminate\\Http\\Request))
#48 /var/www/www-root/data/www/randevumcepte/vendor/laravel/framework/src/Illuminate/Foundation/Http/Middleware/TransformsRequest.php(31): Illuminate\\Routing\\Pipeline->Illuminate\\Routing\\{closure}(Object(Illuminate\\Http\\Request))
#49 /var/www/www-root/data/www/randevumcepte/vendor/laravel/framework/src/Illuminate/Pipeline/Pipeline.php(151): Illuminate\\Foundation\\Http\\Middleware\\TransformsRequest->handle(Object(Illuminate\\Http\\Request), Object(Closure))
#50 /var/www/www-root/data/www/randevumcepte/vendor/laravel/framework/src/Illuminate/Routing/Pipeline.php(53): Illuminate\\Pipeline\\Pipeline->Illuminate\\Pipeline\\{closure}(Object(Illuminate\\Http\\Request))
#51 /var/www/www-root/data/www/randevumcepte/vendor/laravel/framework/src/Illuminate/Foundation/Http/Middleware/TransformsRequest.php(31): Illuminate\\Routing\\Pipeline->Illuminate\\Routing\\{closure}(Object(Illuminate\\Http\\Request))
#52 /var/www/www-root/data/www/randevumcepte/vendor/laravel/framework/src/Illuminate/Pipeline/Pipeline.php(151): Illuminate\\Foundation\\Http\\Middleware\\TransformsRequest->handle(Object(Illuminate\\Http\\Request), Object(Closure))
#53 /var/www/www-root/data/www/randevumcepte/vendor/laravel/framework/src/Illuminate/Routing/Pipeline.php(53): Illuminate\\Pipeline\\Pipeline->Illuminate\\Pipeline\\{closure}(Object(Illuminate\\Http\\Request))
#54 /var/www/www-root/data/www/randevumcepte/vendor/laravel/framework/src/Illuminate/Foundation/Http/Middleware/ValidatePostSize.php(27): Illuminate\\Routing\\Pipeline->Illuminate\\Routing\\{closure}(Object(Illuminate\\Http\\Request))
#55 /var/www/www-root/data/www/randevumcepte/vendor/laravel/framework/src/Illuminate/Pipeline/Pipeline.php(151): Illuminate\\Foundation\\Http\\Middleware\\ValidatePostSize->handle(Object(Illuminate\\Http\\Request), Object(Closure))
#56 /var/www/www-root/data/www/randevumcepte/vendor/laravel/framework/src/Illuminate/Routing/Pipeline.php(53): Illuminate\\Pipeline\\Pipeline->Illuminate\\Pipeline\\{closure}(Object(Illuminate\\Http\\Request))
#57 /var/www/www-root/data/www/randevumcepte/vendor/laravel/framework/src/Illuminate/Foundation/Http/Middleware/CheckForMaintenanceMode.php(62): Illuminate\\Routing\\Pipeline->Illuminate\\Routing\\{closure}(Object(Illuminate\\Http\\Request))
#58 /var/www/www-root/data/www/randevumcepte/vendor/laravel/framework/src/Illuminate/Pipeline/Pipeline.php(151): Illuminate\\Foundation\\Http\\Middleware\\CheckForMaintenanceMode->handle(Object(Illuminate\\Http\\Request), Object(Closure))
#59 /var/www/www-root/data/www/randevumcepte/vendor/laravel/framework/src/Illuminate/Routing/Pipeline.php(53): Illuminate\\Pipeline\\Pipeline->Illuminate\\Pipeline\\{closure}(Object(Illuminate\\Http\\Request))
#60 /var/www/www-root/data/www/randevumcepte/vendor/laravel/framework/src/Illuminate/Pipeline/Pipeline.php(104): Illuminate\\Routing\\Pipeline->Illuminate\\Routing\\{closure}(Object(Illuminate\\Http\\Request))
#61 /var/www/www-root/data/www/randevumcepte/vendor/laravel/framework/src/Illuminate/Foundation/Http/Kernel.php(151): Illuminate\\Pipeline\\Pipeline->then(Object(Closure))
#62 /var/www/www-root/data/www/randevumcepte/vendor/laravel/framework/src/Illuminate/Foundation/Http/Kernel.php(116): Illuminate\\Foundation\\Http\\Kernel->sendRequestThroughRouter(Object(Illuminate\\Http\\Request))
#63 /var/www/www-root/data/www/randevumcepte/public/index.php(52): Illuminate\\Foundation\\Http\\Kernel->handle(Object(Illuminate\\Http\\Request))
#64 /var/www/www-root/data/www/randevumcepte/index.php(20): require_once('/var/www/www-ro...')
#65 {main}
"} 
[2026-07-01 23:20:10] local.ERROR: Trying to get property 'id' of non-object {"exception":"[object] (ErrorException(code: 0): Trying to get property 'id' of non-object at /var/www/www-root/data/www/randevumcepte/app/Http/Controllers/HomeController.php:299)
[stacktrace]
#0 /var/www/www-root/data/www/randevumcepte/app/Http/Controllers/HomeController.php(299): Illuminate\\Foundation\\Bootstrap\\HandleExceptions->handleError(8, 'Trying to get p...', '/var/www/www-ro...', 299, Array)
#1 [internal function]: App\\Http\\Controllers\\HomeController->salonDetay(Object(Illuminate\\Http\\Request))
#2 /var/www/www-root/data/www/randevumcepte/vendor/laravel/framework/src/Illuminate/Routing/Controller.php(54): call_user_func_array(Array, Array)
#3 /var/www/www-root/data/www/randevumcepte/vendor/laravel/framework/src/Illuminate/Routing/ControllerDispatcher.php(45): Illuminate\\Routing\\Controller->callAction('salonDetay', Array)
#4 /var/www/www-root/data/www/randevumcepte/vendor/laravel/framework/src/Illuminate/Routing/Route.php(212): Illuminate\\Routing\\ControllerDispatcher->dispatch(Object(Illuminate\\Routing\\Route), Object(App\\Http\\Controllers\\HomeController), 'salonDetay')
#5 /var/www/www-root/data/www/randevumcepte/vendor/laravel/framework/src/Illuminate/Routing/Route.php(169): Illuminate\\Routing\\Route->runController()
#6 /var/www/www-root/data/www/randevumcepte/vendor/laravel/framework/src/Illuminate/Routing/Router.php(665): Illuminate\\Routing\\Route->run()
#7 /var/www/www-root/data/www/randevumcepte/vendor/laravel/framework/src/Illuminate/Routing/Pipeline.php(30): Illuminate\\Routing\\Router->Illuminate\\Routing\\{closure}(Object(Illuminate\\Http\\Request))
#8 /var/www/www-root/data/www/randevumcepte/app/Http/Middleware/RedirectIfAuthenticated.php(33): Illuminate\\Routing\\Pipeline->Illuminate\\Routing\\{closure}(Object(Illuminate\\Http\\Request))
#9 /var/www/www-root/data/www/randevumcepte/vendor/laravel/framework/src/Illuminate/Pipeline/Pipeline.php(151): App\\Http\\Middleware\\RedirectIfAuthenticated->handle(Object(Illuminate\\Http\\Request), Object(Closure))
#10 /var/www/www-root/data/www/randevumcepte/vendor/laravel/framework/src/Illuminate/Routing/Pipeline.php(53): Illuminate\\Pipeline\\Pipeline->Illuminate\\Pipeline\\{closure}(Object(Illuminate\\Http\\Request))
#11 /var/www/www-root/data/www/randevumcepte/vendor/htmlmin/htmlmin/src/Http/Middleware/MinifyMiddleware.php(55): Illuminate\\Routing\\Pipeline->Illuminate\\Routing\\{closure}(Object(Illuminate\\Http\\Request))
#12 /var/www/www-root/data/www/randevumcepte/vendor/laravel/framework/src/Illuminate/Pipeline/Pipeline.php(151): HTMLMin\\HTMLMin\\Http\\Middleware\\MinifyMiddleware->handle(Object(Illuminate\\Http\\Request), Object(Closure))
#13 /var/www/www-root/data/www/randevumcepte/vendor/laravel/framework/src/Illuminate/Routing/Pipeline.php(53): Illuminate\\Pipeline\\Pipeline->Illuminate\\Pipeline\\{closure}(Object(Illuminate\\Http\\Request))
#14 /var/www/www-root/data/www/randevumcepte/vendor/laravel/framework/src/Illuminate/Routing/Middleware/SubstituteBindings.php(41): Illuminate\\Routing\\Pipeline->Illuminate\\Routing\\{closure}(Object(Illuminate\\Http\\Request))
#15 /var/www/www-root/data/www/randevumcepte/vendor/laravel/framework/src/Illuminate/Pipeline/Pipeline.php(151): Illuminate\\Routing\\Middleware\\SubstituteBindings->handle(Object(Illuminate\\Http\\Request), Object(Closure))
#16 /var/www/www-root/data/www/randevumcepte/vendor/laravel/framework/src/Illuminate/Routing/Pipeline.php(53): Illuminate\\Pipeline\\Pipeline->Illuminate\\Pipeline\\{closure}(Object(Illuminate\\Http\\Request))
#17 /var/www/www-root/data/www/randevumcepte/app/Http/Middleware/AuthenticateSession.php(42): Illuminate\\Routing\\Pipeline->Illuminate\\Routing\\{closure}(Object(Illuminate\\Http\\Request))
#18 /var/www/www-root/data/www/randevumcepte/vendor/laravel/framework/src/Illuminate/Pipeline/Pipeline.php(151): App\\Http\\Middleware\\AuthenticateSession->handle(Object(Illuminate\\Http\\Request), Object(Closure))
#19 /var/www/www-root/data/www/randevumcepte/vendor/laravel/framework/src/Illuminate/Routing/Pipeline.php(53): Illuminate\\Pipeline\\Pipeline->Illuminate\\Pipeline\\{closure}(Object(Illuminate\\Http\\Request))
#20 /var/www/www-root/data/www/randevumcepte/vendor/laravel/framework/src/Illuminate/Foundation/Http/Middleware/VerifyCsrfToken.php(68): Illuminate\\Routing\\Pipeline->Illuminate\\Routing\\{closure}(Object(Illuminate\\Http\\Request))
#21 /var/www/www-root/data/www/randevumcepte/vendor/laravel/framework/src/Illuminate/Pipeline/Pipeline.php(151): Illuminate\\Foundation\\Http\\Middleware\\VerifyCsrfToken->handle(Object(Illuminate\\Http\\Request), Object(Closure))
#22 /var/www/www-root/data/www/randevumcepte/vendor/laravel/framework/src/Illuminate/Routing/Pipeline.php(53): Illuminate\\Pipeline\\Pipeline->Illuminate\\Pipeline\\{closure}(Object(Illuminate\\Http\\Request))
#23 /var/www/www-root/data/www/randevumcepte/vendor/laravel/framework/src/Illuminate/View/Middleware/ShareErrorsFromSession.php(49): Illuminate\\Routing\\Pipeline->Illuminate\\Routing\\{closure}(Object(Illuminate\\Http\\Request))
#24 /var/www/www-root/data/www/randevumcepte/vendor/laravel/framework/src/Illuminate/Pipeline/Pipeline.php(151): Illuminate\\View\\Middleware\\ShareErrorsFromSession->handle(Object(Illuminate\\Http\\Request), Object(Closure))
#25 /var/www/www-root/data/www/randevumcepte/vendor/laravel/framework/src/Illuminate/Routing/Pipeline.php(53): Illuminate\\Pipeline\\Pipeline->Illuminate\\Pipeline\\{closure}(Object(Illuminate\\Http\\Request))
#26 /var/www/www-root/data/www/randevumcepte/vendor/laravel/framework/src/Illuminate/Session/Middleware/StartSession.php(63): Illuminate\\Routing\\Pipeline->Illuminate\\Routing\\{closure}(Object(Illuminate\\Http\\Request))
#27 /var/www/www-root/data/www/randevumcepte/vendor/laravel/framework/src/Illuminate/Pipeline/Pipeline.php(151): Illuminate\\Session\\Middleware\\StartSession->handle(Object(Illuminate\\Http\\Request), Object(Closure))
#28 /var/www/www-root/data/www/randevumcepte/vendor/laravel/framework/src/Illuminate/Routing/Pipeline.php(53): Illuminate\\Pipeline\\Pipeline->Illuminate\\Pipeline\\{closure}(Object(Illuminate\\Http\\Request))
#29 /var/www/www-root/data/www/randevumcepte/vendor/laravel/framework/src/Illuminate/Cookie/Middleware/AddQueuedCookiesToResponse.php(37): Illuminate\\Routing\\Pipeline->Illuminate\\Routing\\{closure}(Object(Illuminate\\Http\\Request))
#30 /var/www/www-root/data/www/randevumcepte/vendor/laravel/framework/src/Illuminate/Pipeline/Pipeline.php(151): Illuminate\\Cookie\\Middleware\\AddQueuedCookiesToResponse->handle(Object(Illuminate\\Http\\Request), Object(Closure))
#31 /var/www/www-root/data/www/randevumcepte/vendor/laravel/framework/src/Illuminate/Routing/Pipeline.php(53): Illuminate\\Pipeline\\Pipeline->Illuminate\\Pipeline\\{closure}(Object(Illuminate\\Http\\Request))
#32 /var/www/www-root/data/www/randevumcepte/vendor/laravel/framework/src/Illuminate/Cookie/Middleware/EncryptCookies.php(66): Illuminate\\Routing\\Pipeline->Illuminate\\Routing\\{closure}(Object(Illuminate\\Http\\Request))
#33 /var/www/www-root/data/www/randevumcepte/vendor/laravel/framework/src/Illuminate/Pipeline/Pipeline.php(151): Illuminate\\Cookie\\Middleware\\EncryptCookies->handle(Object(Illuminate\\Http\\Request), Object(Closure))
#34 /var/www/www-root/data/www/randevumcepte/vendor/laravel/framework/src/Illuminate/Routing/Pipeline.php(53): Illuminate\\Pipeline\\Pipeline->Illuminate\\Pipeline\\{closure}(Object(Illuminate\\Http\\Request))
#35 /var/www/www-root/data/www/randevumcepte/app/Http/Middleware/LogRequestPerformance.php(13): Illuminate\\Routing\\Pipeline->Illuminate\\Routing\\{closure}(Object(Illuminate\\Http\\Request))
#36 /var/www/www-root/data/www/randevumcepte/vendor/laravel/framework/src/Illuminate/Pipeline/Pipeline.php(151): App\\Http\\Middleware\\LogRequestPerformance->handle(Object(Illuminate\\Http\\Request), Object(Closure))
#37 /var/www/www-root/data/www/randevumcepte/vendor/laravel/framework/src/Illuminate/Routing/Pipeline.php(53): Illuminate\\Pipeline\\Pipeline->Illuminate\\Pipeline\\{closure}(Object(Illuminate\\Http\\Request))
#38 /var/www/www-root/data/www/randevumcepte/vendor/laravel/framework/src/Illuminate/Pipeline/Pipeline.php(104): Illuminate\\Routing\\Pipeline->Illuminate\\Routing\\{closure}(Object(Illuminate\\Http\\Request))
#39 /var/www/www-root/data/www/randevumcepte/vendor/laravel/framework/src/Illuminate/Routing/Router.php(667): Illuminate\\Pipeline\\Pipeline->then(Object(Closure))
#40 /var/www/www-root/data/www/randevumcepte/vendor/laravel/framework/src/Illuminate/Routing/Router.php(642): Illuminate\\Routing\\Router->runRouteWithinStack(Object(Illuminate\\Routing\\Route), Object(Illuminate\\Http\\Request))
#41 /var/www/www-root/data/www/randevumcepte/vendor/laravel/framework/src/Illuminate/Routing/Router.php(608): Illuminate\\Routing\\Router->runRoute(Object(Illuminate\\Http\\Request), Object(Illuminate\\Routing\\Route))
#42 /var/www/www-root/data/www/randevumcepte/vendor/laravel/framework/src/Illuminate/Routing/Router.php(597): Illuminate\\Routing\\Router->dispatchToRoute(Object(Illuminate\\Http\\Request))
#43 /var/www/www-root/data/www/randevumcepte/vendor/laravel/framework/src/Illuminate/Foundation/Http/Kernel.php(176): Illuminate\\Routing\\Router->dispatch(Object(Illuminate\\Http\\Request))
#44 /var/www/www-root/data/www/randevumcepte/vendor/laravel/framework/src/Illuminate/Routing/Pipeline.php(30): Illuminate\\Foundation\\Http\\Kernel->Illuminate\\Foundation\\Http\\{closure}(Object(Illuminate\\Http\\Request))
#45 /var/www/www-root/data/www/randevumcepte/vendor/barryvdh/laravel-debugbar/src/Middleware/InjectDebugbar.php(58): Illuminate\\Routing\\Pipeline->Illuminate\\Routing\\{closure}(Object(Illuminate\\Http\\Request))
#46 /var/www/www-root/data/www/randevumcepte/vendor/laravel/framework/src/Illuminate/Pipeline/Pipeline.php(151): Barryvdh\\Debugbar\\Middleware\\InjectDebugbar->handle(Object(Illuminate\\Http\\Request), Object(Closure))
#47 /var/www/www-root/data/www/randevumcepte/vendor/laravel/framework/src/Illuminate/Routing/Pipeline.php(53): Illuminate\\Pipeline\\Pipeline->Illuminate\\Pipeline\\{closure}(Object(Illuminate\\Http\\Request))
#48 /var/www/www-root/data/www/randevumcepte/vendor/laravel/framework/src/Illuminate/Foundation/Http/Middleware/TransformsRequest.php(31): Illuminate\\Routing\\Pipeline->Illuminate\\Routing\\{closure}(Object(Illuminate\\Http\\Request))
#49 /var/www/www-root/data/www/randevumcepte/vendor/laravel/framework/src/Illuminate/Pipeline/Pipeline.php(151): Illuminate\\Foundation\\Http\\Middleware\\TransformsRequest->handle(Object(Illuminate\\Http\\Request), Object(Closure))
#50 /var/www/www-root/data/www/randevumcepte/vendor/laravel/framework/src/Illuminate/Routing/Pipeline.php(53): Illuminate\\Pipeline\\Pipeline->Illuminate\\Pipeline\\{closure}(Object(Illuminate\\Http\\Request))
#51 /var/www/www-root/data/www/randevumcepte/vendor/laravel/framework/src/Illuminate/Foundation/Http/Middleware/TransformsRequest.php(31): Illuminate\\Routing\\Pipeline->Illuminate\\Routing\\{closure}(Object(Illuminate\\Http\\Request))
#52 /var/www/www-root/data/www/randevumcepte/vendor/laravel/framework/src/Illuminate/Pipeline/Pipeline.php(151): Illuminate\\Foundation\\Http\\Middleware\\TransformsRequest->handle(Object(Illuminate\\Http\\Request), Object(Closure))
#53 /var/www/www-root/data/www/randevumcepte/vendor/laravel/framework/src/Illuminate/Routing/Pipeline.php(53): Illuminate\\Pipeline\\Pipeline->Illuminate\\Pipeline\\{closure}(Object(Illuminate\\Http\\Request))
#54 /var/www/www-root/data/www/randevumcepte/vendor/laravel/framework/src/Illuminate/Foundation/Http/Middleware/ValidatePostSize.php(27): Illuminate\\Routing\\Pipeline->Illuminate\\Routing\\{closure}(Object(Illuminate\\Http\\Request))
#55 /var/www/www-root/data/www/randevumcepte/vendor/laravel/framework/src/Illuminate/Pipeline/Pipeline.php(151): Illuminate\\Foundation\\Http\\Middleware\\ValidatePostSize->handle(Object(Illuminate\\Http\\Request), Object(Closure))
#56 /var/www/www-root/data/www/randevumcepte/vendor/laravel/framework/src/Illuminate/Routing/Pipeline.php(53): Illuminate\\Pipeline\\Pipeline->Illuminate\\Pipeline\\{closure}(Object(Illuminate\\Http\\Request))
#57 /var/www/www-root/data/www/randevumcepte/vendor/laravel/framework/src/Illuminate/Foundation/Http/Middleware/CheckForMaintenanceMode.php(62): Illuminate\\Routing\\Pipeline->Illuminate\\Routing\\{closure}(Object(Illuminate\\Http\\Request))
#58 /var/www/www-root/data/www/randevumcepte/vendor/laravel/framework/src/Illuminate/Pipeline/Pipeline.php(151): Illuminate\\Foundation\\Http\\Middleware\\CheckForMaintenanceMode->handle(Object(Illuminate\\Http\\Request), Object(Closure))
#59 /var/www/www-root/data/www/randevumcepte/vendor/laravel/framework/src/Illuminate/Routing/Pipeline.php(53): Illuminate\\Pipeline\\Pipeline->Illuminate\\Pipeline\\{closure}(Object(Illuminate\\Http\\Request))
#60 /var/www/www-root/data/www/randevumcepte/vendor/laravel/framework/src/Illuminate/Pipeline/Pipeline.php(104): Illuminate\\Routing\\Pipeline->Illuminate\\Routing\\{closure}(Object(Illuminate\\Http\\Request))
#61 /var/www/www-root/data/www/randevumcepte/vendor/laravel/framework/src/Illuminate/Foundation/Http/Kernel.php(151): Illuminate\\Pipeline\\Pipeline->then(Object(Closure))
#62 /var/www/www-root/data/www/randevumcepte/vendor/laravel/framework/src/Illuminate/Foundation/Http/Kernel.php(116): Illuminate\\Foundation\\Http\\Kernel->sendRequestThroughRouter(Object(Illuminate\\Http\\Request))
#63 /var/www/www-root/data/www/randevumcepte/public/index.php(52): Illuminate\\Foundation\\Http\\Kernel->handle(Object(Illuminate\\Http\\Request))
#64 /var/www/www-root/data/www/randevumcepte/index.php(20): require_once('/var/www/www-ro...')
#65 {main}
"} 
[2026-07-01 23:20:13] local.INFO: santral_raporlari endpoint: https://santral.randevumcepte.com.tr/monitor/api/freepbxapi.php?offset=0&limit=500&dahililer[]=27&dahililer[]=15&dahililer[]=26&tarih1=2026-07-01&tarih2=2026-07-01&did=902322404935  
[2026-07-01 23:20:14] local.WARNING: SalonHatirlatma [acikAdisyonEski] hata: SQLSTATE[42S22]: Column not found: 1054 Unknown column 'toplam_tutar' in 'SELECT' (SQL: select `adisyon_id`, SUM(IFNULL(toplam_tutar,IFNULL(birim_tutar,0))) as t from `adisyon_hizmetler` where `adisyon_id` in (379738, 379746, 379806, 379861, 380078, 380081, 402062, 402066, 402069, 402071, 402160, 402161, 402164, 402231, 402239, 402255, 402759, 404103, 404142, 404152, 404287, 404363, 404383, 406439, 406452, 478035, 481949, 481956, 483096, 483125, 483208, 483252, 483300, 483319, 483344, 484472, 484473, 484513, 484516, 484772, 484922, 484933, 484935, 484966, 484975, 484989, 485017, 485053, 485067, 485091, 485111, 485116, 485122, 487831, 489154, 489438, 489453, 489505, 489522, 489526, 492053, 492054, 492073, 492208, 492209, 492405, 492643, 524783, 524801, 524819, 524820, 524850, 524852, 524855, 524864, 525984, 525985, 526010, 526172, 526202, 526251, 526274, 526280, 526286, 526305, 528884, 528951, 529126, 529127, 529156, 529200, 529238, 529267, 529339, 529340, 529358, 529602, 529854, 529908, 529948) group by `adisyon_id`)  
[2026-07-01 23:20:34] local.WARNING: SalonHatirlatma [acikAdisyonEski] hata: SQLSTATE[42S22]: Column not found: 1054 Unknown column 'toplam_tutar' in 'SELECT' (SQL: select `adisyon_id`, SUM(IFNULL(toplam_tutar,IFNULL(birim_tutar,0))) as t from `adisyon_hizmetler` where `adisyon_id` in (379738, 379746, 379806, 379861, 380078, 380081, 402062, 402066, 402069, 402071, 402160, 402161, 402164, 402231, 402239, 402255, 402759, 404103, 404142, 404152, 404287, 404363, 404383, 406439, 406452, 478035, 481949, 481956, 483096, 483125, 483208, 483252, 483300, 483319, 483344, 484472, 484473, 484513, 484516, 484772, 484922, 484933, 484935, 484966, 484975, 484989, 485017, 485053, 485067, 485091, 485111, 485116, 485122, 487831, 489154, 489438, 489453, 489505, 489522, 489526, 492053, 492054, 492073, 492208, 492209, 492405, 492643, 524783, 524801, 524819, 524820, 524850, 524852, 524855, 524864, 525984, 525985, 526010, 526172, 526202, 526251, 526274, 526280, 526286, 526305, 528884, 528951, 529126, 529127, 529156, 529200, 529238, 529267, 529339, 529340, 529358, 529602, 529854, 529908, 529948) group by `adisyon_id`)  
[2026-07-01 23:20:37] local.ERROR: Trying to get property 'id' of non-object {"exception":"[object] (ErrorException(code: 0): Trying to get property 'id' of non-object at /var/www/www-root/data/www/randevumcepte/app/Http/Controllers/HomeController.php:299)
[stacktrace]
#0 /var/www/www-root/data/www/randevumcepte/app/Http/Controllers/HomeController.php(299): Illuminate\\Foundation\\Bootstrap\\HandleExceptions->handleError(8, 'Trying to get p...', '/var/www/www-ro...', 299, Array)
#1 [internal function]: App\\Http\\Controllers\\HomeController->salonDetay(Object(Illuminate\\Http\\Request))
#2 /var/www/www-root/data/www/randevumcepte/vendor/laravel/framework/src/Illuminate/Routing/Controller.php(54): call_user_func_array(Array, Array)
#3 /var/www/www-root/data/www/randevumcepte/vendor/laravel/framework/src/Illuminate/Routing/ControllerDispatcher.php(45): Illuminate\\Routing\\Controller->callAction('salonDetay', Array)
#4 /var/www/www-root/data/www/randevumcepte/vendor/laravel/framework/src/Illuminate/Routing/Route.php(212): Illuminate\\Routing\\ControllerDispatcher->dispatch(Object(Illuminate\\Routing\\Route), Object(App\\Http\\Controllers\\HomeController), 'salonDetay')
#5 /var/www/www-root/data/www/randevumcepte/vendor/laravel/framework/src/Illuminate/Routing/Route.php(169): Illuminate\\Routing\\Route->runController()
#6 /var/www/www-root/data/www/randevumcepte/vendor/laravel/framework/src/Illuminate/Routing/Router.php(665): Illuminate\\Routing\\Route->run()
#7 /var/www/www-root/data/www/randevumcepte/vendor/laravel/framework/src/Illuminate/Routing/Pipeline.php(30): Illuminate\\Routing\\Router->Illuminate\\Routing\\{closure}(Object(Illuminate\\Http\\Request))
#8 /var/www/www-root/data/www/randevumcepte/app/Http/Middleware/RedirectIfAuthenticated.php(33): Illuminate\\Routing\\Pipeline->Illuminate\\Routing\\{closure}(Object(Illuminate\\Http\\Request))
#9 /var/www/www-root/data/www/randevumcepte/vendor/laravel/framework/src/Illuminate/Pipeline/Pipeline.php(151): App\\Http\\Middleware\\RedirectIfAuthenticated->handle(Object(Illuminate\\Http\\Request), Object(Closure))
#10 /var/www/www-root/data/www/randevumcepte/vendor/laravel/framework/src/Illuminate/Routing/Pipeline.php(53): Illuminate\\Pipeline\\Pipeline->Illuminate\\Pipeline\\{closure}(Object(Illuminate\\Http\\Request))
#11 /var/www/www-root/data/www/randevumcepte/vendor/htmlmin/htmlmin/src/Http/Middleware/MinifyMiddleware.php(55): Illuminate\\Routing\\Pipeline->Illuminate\\Routing\\{closure}(Object(Illuminate\\Http\\Request))
#12 /var/www/www-root/data/www/randevumcepte/vendor/laravel/framework/src/Illuminate/Pipeline/Pipeline.php(151): HTMLMin\\HTMLMin\\Http\\Middleware\\MinifyMiddleware->handle(Object(Illuminate\\Http\\Request), Object(Closure))
#13 /var/www/www-root/data/www/randevumcepte/vendor/laravel/framework/src/Illuminate/Routing/Pipeline.php(53): Illuminate\\Pipeline\\Pipeline->Illuminate\\Pipeline\\{closure}(Object(Illuminate\\Http\\Request))
#14 /var/www/www-root/data/www/randevumcepte/vendor/laravel/framework/src/Illuminate/Routing/Middleware/SubstituteBindings.php(41): Illuminate\\Routing\\Pipeline->Illuminate\\Routing\\{closure}(Object(Illuminate\\Http\\Request))
#15 /var/www/www-root/data/www/randevumcepte/vendor/laravel/framework/src/Illuminate/Pipeline/Pipeline.php(151): Illuminate\\Routing\\Middleware\\SubstituteBindings->handle(Object(Illuminate\\Http\\Request), Object(Closure))
#16 /var/www/www-root/data/www/randevumcepte/vendor/laravel/framework/src/Illuminate/Routing/Pipeline.php(53): Illuminate\\Pipeline\\Pipeline->Illuminate\\Pipeline\\{closure}(Object(Illuminate\\Http\\Request))
#17 /var/www/www-root/data/www/randevumcepte/app/Http/Middleware/AuthenticateSession.php(42): Illuminate\\Routing\\Pipeline->Illuminate\\Routing\\{closure}(Object(Illuminate\\Http\\Request))
#18 /var/www/www-root/data/www/randevumcepte/vendor/laravel/framework/src/Illuminate/Pipeline/Pipeline.php(151): App\\Http\\Middleware\\AuthenticateSession->handle(Object(Illuminate\\Http\\Request), Object(Closure))
#19 /var/www/www-root/data/www/randevumcepte/vendor/laravel/framework/src/Illuminate/Routing/Pipeline.php(53): Illuminate\\Pipeline\\Pipeline->Illuminate\\Pipeline\\{closure}(Object(Illuminate\\Http\\Request))
#20 /var/www/www-root/data/www/randevumcepte/vendor/laravel/framework/src/Illuminate/Foundation/Http/Middleware/VerifyCsrfToken.php(68): Illuminate\\Routing\\Pipeline->Illuminate\\Routing\\{closure}(Object(Illuminate\\Http\\Request))
#21 /var/www/www-root/data/www/randevumcepte/vendor/laravel/framework/src/Illuminate/Pipeline/Pipeline.php(151): Illuminate\\Foundation\\Http\\Middleware\\VerifyCsrfToken->handle(Object(Illuminate\\Http\\Request), Object(Closure))
#22 /var/www/www-root/data/www/randevumcepte/vendor/laravel/framework/src/Illuminate/Routing/Pipeline.php(53): Illuminate\\Pipeline\\Pipeline->Illuminate\\Pipeline\\{closure}(Object(Illuminate\\Http\\Request))
#23 /var/www/www-root/data/www/randevumcepte/vendor/laravel/framework/src/Illuminate/View/Middleware/ShareErrorsFromSession.php(49): Illuminate\\Routing\\Pipeline->Illuminate\\Routing\\{closure}(Object(Illuminate\\Http\\Request))
#24 /var/www/www-root/data/www/randevumcepte/vendor/laravel/framework/src/Illuminate/Pipeline/Pipeline.php(151): Illuminate\\View\\Middleware\\ShareErrorsFromSession->handle(Object(Illuminate\\Http\\Request), Object(Closure))
#25 /var/www/www-root/data/www/randevumcepte/vendor/laravel/framework/src/Illuminate/Routing/Pipeline.php(53): Illuminate\\Pipeline\\Pipeline->Illuminate\\Pipeline\\{closure}(Object(Illuminate\\Http\\Request))
#26 /var/www/www-root/data/www/randevumcepte/vendor/laravel/framework/src/Illuminate/Session/Middleware/StartSession.php(63): Illuminate\\Routing\\Pipeline->Illuminate\\Routing\\{closure}(Object(Illuminate\\Http\\Request))
#27 /var/www/www-root/data/www/randevumcepte/vendor/laravel/framework/src/Illuminate/Pipeline/Pipeline.php(151): Illuminate\\Session\\Middleware\\StartSession->handle(Object(Illuminate\\Http\\Request), Object(Closure))
#28 /var/www/www-root/data/www/randevumcepte/vendor/laravel/framework/src/Illuminate/Routing/Pipeline.php(53): Illuminate\\Pipeline\\Pipeline->Illuminate\\Pipeline\\{closure}(Object(Illuminate\\Http\\Request))
#29 /var/www/www-root/data/www/randevumcepte/vendor/laravel/framework/src/Illuminate/Cookie/Middleware/AddQueuedCookiesToResponse.php(37): Illuminate\\Routing\\Pipeline->Illuminate\\Routing\\{closure}(Object(Illuminate\\Http\\Request))
#30 /var/www/www-root/data/www/randevumcepte/vendor/laravel/framework/src/Illuminate/Pipeline/Pipeline.php(151): Illuminate\\Cookie\\Middleware\\AddQueuedCookiesToResponse->handle(Object(Illuminate\\Http\\Request), Object(Closure))
#31 /var/www/www-root/data/www/randevumcepte/vendor/laravel/framework/src/Illuminate/Routing/Pipeline.php(53): Illuminate\\Pipeline\\Pipeline->Illuminate\\Pipeline\\{closure}(Object(Illuminate\\Http\\Request))
#32 /var/www/www-root/data/www/randevumcepte/vendor/laravel/framework/src/Illuminate/Cookie/Middleware/EncryptCookies.php(66): Illuminate\\Routing\\Pipeline->Illuminate\\Routing\\{closure}(Object(Illuminate\\Http\\Request))
#33 /var/www/www-root/data/www/randevumcepte/vendor/laravel/framework/src/Illuminate/Pipeline/Pipeline.php(151): Illuminate\\Cookie\\Middleware\\EncryptCookies->handle(Object(Illuminate\\Http\\Request), Object(Closure))
#34 /var/www/www-root/data/www/randevumcepte/vendor/laravel/framework/src/Illuminate/Routing/Pipeline.php(53): Illuminate\\Pipeline\\Pipeline->Illuminate\\Pipeline\\{closure}(Object(Illuminate\\Http\\Request))
#35 /var/www/www-root/data/www/randevumcepte/app/Http/Middleware/LogRequestPerformance.php(13): Illuminate\\Routing\\Pipeline->Illuminate\\Routing\\{closure}(Object(Illuminate\\Http\\Request))
#36 /var/www/www-root/data/www/randevumcepte/vendor/laravel/framework/src/Illuminate/Pipeline/Pipeline.php(151): App\\Http\\Middleware\\LogRequestPerformance->handle(Object(Illuminate\\Http\\Request), Object(Closure))
#37 /var/www/www-root/data/www/randevumcepte/vendor/laravel/framework/src/Illuminate/Routing/Pipeline.php(53): Illuminate\\Pipeline\\Pipeline->Illuminate\\Pipeline\\{closure}(Object(Illuminate\\Http\\Request))
#38 /var/www/www-root/data/www/randevumcepte/vendor/laravel/framework/src/Illuminate/Pipeline/Pipeline.php(104): Illuminate\\Routing\\Pipeline->Illuminate\\Routing\\{closure}(Object(Illuminate\\Http\\Request))
#39 /var/www/www-root/data/www/randevumcepte/vendor/laravel/framework/src/Illuminate/Routing/Router.php(667): Illuminate\\Pipeline\\Pipeline->then(Object(Closure))
#40 /var/www/www-root/data/www/randevumcepte/vendor/laravel/framework/src/Illuminate/Routing/Router.php(642): Illuminate\\Routing\\Router->runRouteWithinStack(Object(Illuminate\\Routing\\Route), Object(Illuminate\\Http\\Request))
#41 /var/www/www-root/data/www/randevumcepte/vendor/laravel/framework/src/Illuminate/Routing/Router.php(608): Illuminate\\Routing\\Router->runRoute(Object(Illuminate\\Http\\Request), Object(Illuminate\\Routing\\Route))
#42 /var/www/www-root/data/www/randevumcepte/vendor/laravel/framework/src/Illuminate/Routing/Router.php(597): Illuminate\\Routing\\Router->dispatchToRoute(Object(Illuminate\\Http\\Request))
#43 /var/www/www-root/data/www/randevumcepte/vendor/laravel/framework/src/Illuminate/Foundation/Http/Kernel.php(176): Illuminate\\Routing\\Router->dispatch(Object(Illuminate\\Http\\Request))
#44 /var/www/www-root/data/www/randevumcepte/vendor/laravel/framework/src/Illuminate/Routing/Pipeline.php(30): Illuminate\\Foundation\\Http\\Kernel->Illuminate\\Foundation\\Http\\{closure}(Object(Illuminate\\Http\\Request))
#45 /var/www/www-root/data/www/randevumcepte/vendor/barryvdh/laravel-debugbar/src/Middleware/InjectDebugbar.php(58): Illuminate\\Routing\\Pipeline->Illuminate\\Routing\\{closure}(Object(Illuminate\\Http\\Request))
#46 /var/www/www-root/data/www/randevumcepte/vendor/laravel/framework/src/Illuminate/Pipeline/Pipeline.php(151): Barryvdh\\Debugbar\\Middleware\\InjectDebugbar->handle(Object(Illuminate\\Http\\Request), Object(Closure))
#47 /var/www/www-root/data/www/randevumcepte/vendor/laravel/framework/src/Illuminate/Routing/Pipeline.php(53): Illuminate\\Pipeline\\Pipeline->Illuminate\\Pipeline\\{closure}(Object(Illuminate\\Http\\Request))
#48 /var/www/www-root/data/www/randevumcepte/vendor/laravel/framework/src/Illuminate/Foundation/Http/Middleware/TransformsRequest.php(31): Illuminate\\Routing\\Pipeline->Illuminate\\Routing\\{closure}(Object(Illuminate\\Http\\Request))
#49 /var/www/www-root/data/www/randevumcepte/vendor/laravel/framework/src/Illuminate/Pipeline/Pipeline.php(151): Illuminate\\Foundation\\Http\\Middleware\\TransformsRequest->handle(Object(Illuminate\\Http\\Request), Object(Closure))
#50 /var/www/www-root/data/www/randevumcepte/vendor/laravel/framework/src/Illuminate/Routing/Pipeline.php(53): Illuminate\\Pipeline\\Pipeline->Illuminate\\Pipeline\\{closure}(Object(Illuminate\\Http\\Request))
#51 /var/www/www-root/data/www/randevumcepte/vendor/laravel/framework/src/Illuminate/Foundation/Http/Middleware/TransformsRequest.php(31): Illuminate\\Routing\\Pipeline->Illuminate\\Routing\\{closure}(Object(Illuminate\\Http\\Request))
#52 /var/www/www-root/data/www/randevumcepte/vendor/laravel/framework/src/Illuminate/Pipeline/Pipeline.php(151): Illuminate\\Foundation\\Http\\Middleware\\TransformsRequest->handle(Object(Illuminate\\Http\\Request), Object(Closure))
#53 /var/www/www-root/data/www/randevumcepte/vendor/laravel/framework/src/Illuminate/Routing/Pipeline.php(53): Illuminate\\Pipeline\\Pipeline->Illuminate\\Pipeline\\{closure}(Object(Illuminate\\Http\\Request))
#54 /var/www/www-root/data/www/randevumcepte/vendor/laravel/framework/src/Illuminate/Foundation/Http/Middleware/ValidatePostSize.php(27): Illuminate\\Routing\\Pipeline->Illuminate\\Routing\\{closure}(Object(Illuminate\\Http\\Request))
#55 /var/www/www-root/data/www/randevumcepte/vendor/laravel/framework/src/Illuminate/Pipeline/Pipeline.php(151): Illuminate\\Foundation\\Http\\Middleware\\ValidatePostSize->handle(Object(Illuminate\\Http\\Request), Object(Closure))
#56 /var/www/www-root/data/www/randevumcepte/vendor/laravel/framework/src/Illuminate/Routing/Pipeline.php(53): Illuminate\\Pipeline\\Pipeline->Illuminate\\Pipeline\\{closure}(Object(Illuminate\\Http\\Request))
#57 /var/www/www-root/data/www/randevumcepte/vendor/laravel/framework/src/Illuminate/Foundation/Http/Middleware/CheckForMaintenanceMode.php(62): Illuminate\\Routing\\Pipeline->Illuminate\\Routing\\{closure}(Object(Illuminate\\Http\\Request))
#58 /var/www/www-root/data/www/randevumcepte/vendor/laravel/framework/src/Illuminate/Pipeline/Pipeline.php(151): Illuminate\\Foundation\\Http\\Middleware\\CheckForMaintenanceMode->handle(Object(Illuminate\\Http\\Request), Object(Closure))
#59 /var/www/www-root/data/www/randevumcepte/vendor/laravel/framework/src/Illuminate/Routing/Pipeline.php(53): Illuminate\\Pipeline\\Pipeline->Illuminate\\Pipeline\\{closure}(Object(Illuminate\\Http\\Request))
#60 /var/www/www-root/data/www/randevumcepte/vendor/laravel/framework/src/Illuminate/Pipeline/Pipeline.php(104): Illuminate\\Routing\\Pipeline->Illuminate\\Routing\\{closure}(Object(Illuminate\\Http\\Request))
#61 /var/www/www-root/data/www/randevumcepte/vendor/laravel/framework/src/Illuminate/Foundation/Http/Kernel.php(151): Illuminate\\Pipeline\\Pipeline->then(Object(Closure))
#62 /var/www/www-root/data/www/randevumcepte/vendor/laravel/framework/src/Illuminate/Foundation/Http/Kernel.php(116): Illuminate\\Foundation\\Http\\Kernel->sendRequestThroughRouter(Object(Illuminate\\Http\\Request))
#63 /var/www/www-root/data/www/randevumcepte/public/index.php(52): Illuminate\\Foundation\\Http\\Kernel->handle(Object(Illuminate\\Http\\Request))
#64 /var/www/www-root/data/www/randevumcepte/index.php(20): require_once('/var/www/www-ro...')
#65 {main}
"} 
[2026-07-01 23:21:00] local.WARNING: SalonHatirlatma [acikAdisyonEski] hata: SQLSTATE[42S22]: Column not found: 1054 Unknown column 'toplam_tutar' in 'SELECT' (SQL: select `adisyon_id`, SUM(IFNULL(toplam_tutar,IFNULL(birim_tutar,0))) as t from `adisyon_hizmetler` where `adisyon_id` in (379738, 379746, 379806, 379861, 380078, 380081, 402062, 402066, 402069, 402071, 402160, 402161, 402164, 402231, 402239, 402255, 402759, 404103, 404142, 404152, 404287, 404363, 404383, 406439, 406452, 478035, 481949, 481956, 483096, 483125, 483208, 483252, 483300, 483319, 483344, 484472, 484473, 484513, 484516, 484772, 484922, 484933, 484935, 484966, 484975, 484989, 485017, 485053, 485067, 485091, 485111, 485116, 485122, 487831, 489154, 489438, 489453, 489505, 489522, 489526, 492053, 492054, 492073, 492208, 492209, 492405, 492643, 524783, 524801, 524819, 524820, 524850, 524852, 524855, 524864, 525984, 525985, 526010, 526172, 526202, 526251, 526274, 526280, 526286, 526305, 528884, 528951, 529126, 529127, 529156, 529200, 529238, 529267, 529339, 529340, 529358, 529602, 529854, 529908, 529948) group by `adisyon_id`)  
[2026-07-01 23:21:00] local.ERROR: Trying to get property 'id' of non-object {"exception":"[object] (ErrorException(code: 0): Trying to get property 'id' of non-object at /var/www/www-root/data/www/randevumcepte/app/Http/Controllers/HomeController.php:299)
[stacktrace]
#0 /var/www/www-root/data/www/randevumcepte/app/Http/Controllers/HomeController.php(299): Illuminate\\Foundation\\Bootstrap\\HandleExceptions->handleError(8, 'Trying to get p...', '/var/www/www-ro...', 299, Array)
#1 [internal function]: App\\Http\\Controllers\\HomeController->salonDetay(Object(Illuminate\\Http\\Request))
#2 /var/www/www-root/data/www/randevumcepte/vendor/laravel/framework/src/Illuminate/Routing/Controller.php(54): call_user_func_array(Array, Array)
#3 /var/www/www-root/data/www/randevumcepte/vendor/laravel/framework/src/Illuminate/Routing/ControllerDispatcher.php(45): Illuminate\\Routing\\Controller->callAction('salonDetay', Array)
#4 /var/www/www-root/data/www/randevumcepte/vendor/laravel/framework/src/Illuminate/Routing/Route.php(212): Illuminate\\Routing\\ControllerDispatcher->dispatch(Object(Illuminate\\Routing\\Route), Object(App\\Http\\Controllers\\HomeController), 'salonDetay')
#5 /var/www/www-root/data/www/randevumcepte/vendor/laravel/framework/src/Illuminate/Routing/Route.php(169): Illuminate\\Routing\\Route->runController()
#6 /var/www/www-root/data/www/randevumcepte/vendor/laravel/framework/src/Illuminate/Routing/Router.php(665): Illuminate\\Routing\\Route->run()
#7 /var/www/www-root/data/www/randevumcepte/vendor/laravel/framework/src/Illuminate/Routing/Pipeline.php(30): Illuminate\\Routing\\Router->Illuminate\\Routing\\{closure}(Object(Illuminate\\Http\\Request))
#8 /var/www/www-root/data/www/randevumcepte/app/Http/Middleware/RedirectIfAuthenticated.php(33): Illuminate\\Routing\\Pipeline->Illuminate\\Routing\\{closure}(Object(Illuminate\\Http\\Request))
#9 /var/www/www-root/data/www/randevumcepte/vendor/laravel/framework/src/Illuminate/Pipeline/Pipeline.php(151): App\\Http\\Middleware\\RedirectIfAuthenticated->handle(Object(Illuminate\\Http\\Request), Object(Closure))
#10 /var/www/www-root/data/www/randevumcepte/vendor/laravel/framework/src/Illuminate/Routing/Pipeline.php(53): Illuminate\\Pipeline\\Pipeline->Illuminate\\Pipeline\\{closure}(Object(Illuminate\\Http\\Request))
#11 /var/www/www-root/data/www/randevumcepte/vendor/htmlmin/htmlmin/src/Http/Middleware/MinifyMiddleware.php(55): Illuminate\\Routing\\Pipeline->Illuminate\\Routing\\{closure}(Object(Illuminate\\Http\\Request))
#12 /var/www/www-root/data/www/randevumcepte/vendor/laravel/framework/src/Illuminate/Pipeline/Pipeline.php(151): HTMLMin\\HTMLMin\\Http\\Middleware\\MinifyMiddleware->handle(Object(Illuminate\\Http\\Request), Object(Closure))
#13 /var/www/www-root/data/www/randevumcepte/vendor/laravel/framework/src/Illuminate/Routing/Pipeline.php(53): Illuminate\\Pipeline\\Pipeline->Illuminate\\Pipeline\\{closure}(Object(Illuminate\\Http\\Request))
#14 /var/www/www-root/data/www/randevumcepte/vendor/laravel/framework/src/Illuminate/Routing/Middleware/SubstituteBindings.php(41): Illuminate\\Routing\\Pipeline->Illuminate\\Routing\\{closure}(Object(Illuminate\\Http\\Request))
#15 /var/www/www-root/data/www/randevumcepte/vendor/laravel/framework/src/Illuminate/Pipeline/Pipeline.php(151): Illuminate\\Routing\\Middleware\\SubstituteBindings->handle(Object(Illuminate\\Http\\Request), Object(Closure))
#16 /var/www/www-root/data/www/randevumcepte/vendor/laravel/framework/src/Illuminate/Routing/Pipeline.php(53): Illuminate\\Pipeline\\Pipeline->Illuminate\\Pipeline\\{closure}(Object(Illuminate\\Http\\Request))
#17 /var/www/www-root/data/www/randevumcepte/app/Http/Middleware/AuthenticateSession.php(42): Illuminate\\Routing\\Pipeline->Illuminate\\Routing\\{closure}(Object(Illuminate\\Http\\Request))
#18 /var/www/www-root/data/www/randevumcepte/vendor/laravel/framework/src/Illuminate/Pipeline/Pipeline.php(151): App\\Http\\Middleware\\AuthenticateSession->handle(Object(Illuminate\\Http\\Request), Object(Closure))
#19 /var/www/www-root/data/www/randevumcepte/vendor/laravel/framework/src/Illuminate/Routing/Pipeline.php(53): Illuminate\\Pipeline\\Pipeline->Illuminate\\Pipeline\\{closure}(Object(Illuminate\\Http\\Request))
#20 /var/www/www-root/data/www/randevumcepte/vendor/laravel/framework/src/Illuminate/Foundation/Http/Middleware/VerifyCsrfToken.php(68): Illuminate\\Routing\\Pipeline->Illuminate\\Routing\\{closure}(Object(Illuminate\\Http\\Request))
#21 /var/www/www-root/data/www/randevumcepte/vendor/laravel/framework/src/Illuminate/Pipeline/Pipeline.php(151): Illuminate\\Foundation\\Http\\Middleware\\VerifyCsrfToken->handle(Object(Illuminate\\Http\\Request), Object(Closure))
#22 /var/www/www-root/data/www/randevumcepte/vendor/laravel/framework/src/Illuminate/Routing/Pipeline.php(53): Illuminate\\Pipeline\\Pipeline->Illuminate\\Pipeline\\{closure}(Object(Illuminate\\Http\\Request))
#23 /var/www/www-root/data/www/randevumcepte/vendor/laravel/framework/src/Illuminate/View/Middleware/ShareErrorsFromSession.php(49): Illuminate\\Routing\\Pipeline->Illuminate\\Routing\\{closure}(Object(Illuminate\\Http\\Request))
#24 /var/www/www-root/data/www/randevumcepte/vendor/laravel/framework/src/Illuminate/Pipeline/Pipeline.php(151): Illuminate\\View\\Middleware\\ShareErrorsFromSession->handle(Object(Illuminate\\Http\\Request), Object(Closure))
#25 /var/www/www-root/data/www/randevumcepte/vendor/laravel/framework/src/Illuminate/Routing/Pipeline.php(53): Illuminate\\Pipeline\\Pipeline->Illuminate\\Pipeline\\{closure}(Object(Illuminate\\Http\\Request))
#26 /var/www/www-root/data/www/randevumcepte/vendor/laravel/framework/src/Illuminate/Session/Middleware/StartSession.php(63): Illuminate\\Routing\\Pipeline->Illuminate\\Routing\\{closure}(Object(Illuminate\\Http\\Request))
#27 /var/www/www-root/data/www/randevumcepte/vendor/laravel/framework/src/Illuminate/Pipeline/Pipeline.php(151): Illuminate\\Session\\Middleware\\StartSession->handle(Object(Illuminate\\Http\\Request), Object(Closure))
#28 /var/www/www-root/data/www/randevumcepte/vendor/laravel/framework/src/Illuminate/Routing/Pipeline.php(53): Illuminate\\Pipeline\\Pipeline->Illuminate\\Pipeline\\{closure}(Object(Illuminate\\Http\\Request))
#29 /var/www/www-root/data/www/randevumcepte/vendor/laravel/framework/src/Illuminate/Cookie/Middleware/AddQueuedCookiesToResponse.php(37): Illuminate\\Routing\\Pipeline->Illuminate\\Routing\\{closure}(Object(Illuminate\\Http\\Request))
#30 /var/www/www-root/data/www/randevumcepte/vendor/laravel/framework/src/Illuminate/Pipeline/Pipeline.php(151): Illuminate\\Cookie\\Middleware\\AddQueuedCookiesToResponse->handle(Object(Illuminate\\Http\\Request), Object(Closure))
#31 /var/www/www-root/data/www/randevumcepte/vendor/laravel/framework/src/Illuminate/Routing/Pipeline.php(53): Illuminate\\Pipeline\\Pipeline->Illuminate\\Pipeline\\{closure}(Object(Illuminate\\Http\\Request))
#32 /var/www/www-root/data/www/randevumcepte/vendor/laravel/framework/src/Illuminate/Cookie/Middleware/EncryptCookies.php(66): Illuminate\\Routing\\Pipeline->Illuminate\\Routing\\{closure}(Object(Illuminate\\Http\\Request))
#33 /var/www/www-root/data/www/randevumcepte/vendor/laravel/framework/src/Illuminate/Pipeline/Pipeline.php(151): Illuminate\\Cookie\\Middleware\\EncryptCookies->handle(Object(Illuminate\\Http\\Request), Object(Closure))
#34 /var/www/www-root/data/www/randevumcepte/vendor/laravel/framework/src/Illuminate/Routing/Pipeline.php(53): Illuminate\\Pipeline\\Pipeline->Illuminate\\Pipeline\\{closure}(Object(Illuminate\\Http\\Request))
#35 /var/www/www-root/data/www/randevumcepte/app/Http/Middleware/LogRequestPerformance.php(13): Illuminate\\Routing\\Pipeline->Illuminate\\Routing\\{closure}(Object(Illuminate\\Http\\Request))
#36 /var/www/www-root/data/www/randevumcepte/vendor/laravel/framework/src/Illuminate/Pipeline/Pipeline.php(151): App\\Http\\Middleware\\LogRequestPerformance->handle(Object(Illuminate\\Http\\Request), Object(Closure))
#37 /var/www/www-root/data/www/randevumcepte/vendor/laravel/framework/src/Illuminate/Routing/Pipeline.php(53): Illuminate\\Pipeline\\Pipeline->Illuminate\\Pipeline\\{closure}(Object(Illuminate\\Http\\Request))
#38 /var/www/www-root/data/www/randevumcepte/vendor/laravel/framework/src/Illuminate/Pipeline/Pipeline.php(104): Illuminate\\Routing\\Pipeline->Illuminate\\Routing\\{closure}(Object(Illuminate\\Http\\Request))
#39 /var/www/www-root/data/www/randevumcepte/vendor/laravel/framework/src/Illuminate/Routing/Router.php(667): Illuminate\\Pipeline\\Pipeline->then(Object(Closure))
#40 /var/www/www-root/data/www/randevumcepte/vendor/laravel/framework/src/Illuminate/Routing/Router.php(642): Illuminate\\Routing\\Router->runRouteWithinStack(Object(Illuminate\\Routing\\Route), Object(Illuminate\\Http\\Request))
#41 /var/www/www-root/data/www/randevumcepte/vendor/laravel/framework/src/Illuminate/Routing/Router.php(608): Illuminate\\Routing\\Router->runRoute(Object(Illuminate\\Http\\Request), Object(Illuminate\\Routing\\Route))
#42 /var/www/www-root/data/www/randevumcepte/vendor/laravel/framework/src/Illuminate/Routing/Router.php(597): Illuminate\\Routing\\Router->dispatchToRoute(Object(Illuminate\\Http\\Request))
#43 /var/www/www-root/data/www/randevumcepte/vendor/laravel/framework/src/Illuminate/Foundation/Http/Kernel.php(176): Illuminate\\Routing\\Router->dispatch(Object(Illuminate\\Http\\Request))
#44 /var/www/www-root/data/www/randevumcepte/vendor/laravel/framework/src/Illuminate/Routing/Pipeline.php(30): Illuminate\\Foundation\\Http\\Kernel->Illuminate\\Foundation\\Http\\{closure}(Object(Illuminate\\Http\\Request))
#45 /var/www/www-root/data/www/randevumcepte/vendor/barryvdh/laravel-debugbar/src/Middleware/InjectDebugbar.php(58): Illuminate\\Routing\\Pipeline->Illuminate\\Routing\\{closure}(Object(Illuminate\\Http\\Request))
#46 /var/www/www-root/data/www/randevumcepte/vendor/laravel/framework/src/Illuminate/Pipeline/Pipeline.php(151): Barryvdh\\Debugbar\\Middleware\\InjectDebugbar->handle(Object(Illuminate\\Http\\Request), Object(Closure))
#47 /var/www/www-root/data/www/randevumcepte/vendor/laravel/framework/src/Illuminate/Routing/Pipeline.php(53): Illuminate\\Pipeline\\Pipeline->Illuminate\\Pipeline\\{closure}(Object(Illuminate\\Http\\Request))
#48 /var/www/www-root/data/www/randevumcepte/vendor/laravel/framework/src/Illuminate/Foundation/Http/Middleware/TransformsRequest.php(31): Illuminate\\Routing\\Pipeline->Illuminate\\Routing\\{closure}(Object(Illuminate\\Http\\Request))
#49 /var/www/www-root/data/www/randevumcepte/vendor/laravel/framework/src/Illuminate/Pipeline/Pipeline.php(151): Illuminate\\Foundation\\Http\\Middleware\\TransformsRequest->handle(Object(Illuminate\\Http\\Request), Object(Closure))
#50 /var/www/www-root/data/www/randevumcepte/vendor/laravel/framework/src/Illuminate/Routing/Pipeline.php(53): Illuminate\\Pipeline\\Pipeline->Illuminate\\Pipeline\\{closure}(Object(Illuminate\\Http\\Request))
#51 /var/www/www-root/data/www/randevumcepte/vendor/laravel/framework/src/Illuminate/Foundation/Http/Middleware/TransformsRequest.php(31): Illuminate\\Routing\\Pipeline->Illuminate\\Routing\\{closure}(Object(Illuminate\\Http\\Request))
#52 /var/www/www-root/data/www/randevumcepte/vendor/laravel/framework/src/Illuminate/Pipeline/Pipeline.php(151): Illuminate\\Foundation\\Http\\Middleware\\TransformsRequest->handle(Object(Illuminate\\Http\\Request), Object(Closure))
#53 /var/www/www-root/data/www/randevumcepte/vendor/laravel/framework/src/Illuminate/Routing/Pipeline.php(53): Illuminate\\Pipeline\\Pipeline->Illuminate\\Pipeline\\{closure}(Object(Illuminate\\Http\\Request))
#54 /var/www/www-root/data/www/randevumcepte/vendor/laravel/framework/src/Illuminate/Foundation/Http/Middleware/ValidatePostSize.php(27): Illuminate\\Routing\\Pipeline->Illuminate\\Routing\\{closure}(Object(Illuminate\\Http\\Request))
#55 /var/www/www-root/data/www/randevumcepte/vendor/laravel/framework/src/Illuminate/Pipeline/Pipeline.php(151): Illuminate\\Foundation\\Http\\Middleware\\ValidatePostSize->handle(Object(Illuminate\\Http\\Request), Object(Closure))
#56 /var/www/www-root/data/www/randevumcepte/vendor/laravel/framework/src/Illuminate/Routing/Pipeline.php(53): Illuminate\\Pipeline\\Pipeline->Illuminate\\Pipeline\\{closure}(Object(Illuminate\\Http\\Request))
#57 /var/www/www-root/data/www/randevumcepte/vendor/laravel/framework/src/Illuminate/Foundation/Http/Middleware/CheckForMaintenanceMode.php(62): Illuminate\\Routing\\Pipeline->Illuminate\\Routing\\{closure}(Object(Illuminate\\Http\\Request))
#58 /var/www/www-root/data/www/randevumcepte/vendor/laravel/framework/src/Illuminate/Pipeline/Pipeline.php(151): Illuminate\\Foundation\\Http\\Middleware\\CheckForMaintenanceMode->handle(Object(Illuminate\\Http\\Request), Object(Closure))
#59 /var/www/www-root/data/www/randevumcepte/vendor/laravel/framework/src/Illuminate/Routing/Pipeline.php(53): Illuminate\\Pipeline\\Pipeline->Illuminate\\Pipeline\\{closure}(Object(Illuminate\\Http\\Request))
#60 /var/www/www-root/data/www/randevumcepte/vendor/laravel/framework/src/Illuminate/Pipeline/Pipeline.php(104): Illuminate\\Routing\\Pipeline->Illuminate\\Routing\\{closure}(Object(Illuminate\\Http\\Request))
#61 /var/www/www-root/data/www/randevumcepte/vendor/laravel/framework/src/Illuminate/Foundation/Http/Kernel.php(151): Illuminate\\Pipeline\\Pipeline->then(Object(Closure))
#62 /var/www/www-root/data/www/randevumcepte/vendor/laravel/framework/src/Illuminate/Foundation/Http/Kernel.php(116): Illuminate\\Foundation\\Http\\Kernel->sendRequestThroughRouter(Object(Illuminate\\Http\\Request))
#63 /var/www/www-root/data/www/randevumcepte/public/index.php(52): Illuminate\\Foundation\\Http\\Kernel->handle(Object(Illuminate\\Http\\Request))
#64 /var/www/www-root/data/www/randevumcepte/index.php(20): require_once('/var/www/www-ro...')
#65 {main}
"} 
[2026-07-01 23:21:02] local.INFO: [RND-SMS] cron tick {"simdi":"01.07.2026 23:21","aday_randevu_sayisi":566} 
[2026-07-01 23:21:04] local.INFO: [ALACAK-ARAMA] kontrol basladi. dk=2026-07-01 23:21  
[2026-07-01 23:21:04] local.INFO: [ALACAK-ARAMA] aranacak alacak yok.  
[2026-07-01 23:21:04] local.INFO: 💊 İlaç kontrol zamanı: 23:21  
[2026-07-01 23:21:09] local.ERROR: Trying to get property 'id' of non-object {"exception":"[object] (ErrorException(code: 0): Trying to get property 'id' of non-object at /var/www/www-root/data/www/randevumcepte/app/Http/Controllers/HomeController.php:299)
[stacktrace]
#0 /var/www/www-root/data/www/randevumcepte/app/Http/Controllers/HomeController.php(299): Illuminate\\Foundation\\Bootstrap\\HandleExceptions->handleError(8, 'Trying to get p...', '/var/www/www-ro...', 299, Array)
#1 [internal function]: App\\Http\\Controllers\\HomeController->salonDetay(Object(Illuminate\\Http\\Request))
#2 /var/www/www-root/data/www/randevumcepte/vendor/laravel/framework/src/Illuminate/Routing/Controller.php(54): call_user_func_array(Array, Array)
#3 /var/www/www-root/data/www/randevumcepte/vendor/laravel/framework/src/Illuminate/Routing/ControllerDispatcher.php(45): Illuminate\\Routing\\Controller->callAction('salonDetay', Array)
#4 /var/www/www-root/data/www/randevumcepte/vendor/laravel/framework/src/Illuminate/Routing/Route.php(212): Illuminate\\Routing\\ControllerDispatcher->dispatch(Object(Illuminate\\Routing\\Route), Object(App\\Http\\Controllers\\HomeController), 'salonDetay')
#5 /var/www/www-root/data/www/randevumcepte/vendor/laravel/framework/src/Illuminate/Routing/Route.php(169): Illuminate\\Routing\\Route->runController()
#6 /var/www/www-root/data/www/randevumcepte/vendor/laravel/framework/src/Illuminate/Routing/Router.php(665): Illuminate\\Routing\\Route->run()
#7 /var/www/www-root/data/www/randevumcepte/vendor/laravel/framework/src/Illuminate/Routing/Pipeline.php(30): Illuminate\\Routing\\Router->Illuminate\\Routing\\{closure}(Object(Illuminate\\Http\\Request))
#8 /var/www/www-root/data/www/randevumcepte/app/Http/Middleware/RedirectIfAuthenticated.php(33): Illuminate\\Routing\\Pipeline->Illuminate\\Routing\\{closure}(Object(Illuminate\\Http\\Request))
#9 /var/www/www-root/data/www/randevumcepte/vendor/laravel/framework/src/Illuminate/Pipeline/Pipeline.php(151): App\\Http\\Middleware\\RedirectIfAuthenticated->handle(Object(Illuminate\\Http\\Request), Object(Closure))
#10 /var/www/www-root/data/www/randevumcepte/vendor/laravel/framework/src/Illuminate/Routing/Pipeline.php(53): Illuminate\\Pipeline\\Pipeline->Illuminate\\Pipeline\\{closure}(Object(Illuminate\\Http\\Request))
#11 /var/www/www-root/data/www/randevumcepte/vendor/htmlmin/htmlmin/src/Http/Middleware/MinifyMiddleware.php(55): Illuminate\\Routing\\Pipeline->Illuminate\\Routing\\{closure}(Object(Illuminate\\Http\\Request))
#12 /var/www/www-root/data/www/randevumcepte/vendor/laravel/framework/src/Illuminate/Pipeline/Pipeline.php(151): HTMLMin\\HTMLMin\\Http\\Middleware\\MinifyMiddleware->handle(Object(Illuminate\\Http\\Request), Object(Closure))
#13 /var/www/www-root/data/www/randevumcepte/vendor/laravel/framework/src/Illuminate/Routing/Pipeline.php(53): Illuminate\\Pipeline\\Pipeline->Illuminate\\Pipeline\\{closure}(Object(Illuminate\\Http\\Request))
#14 /var/www/www-root/data/www/randevumcepte/vendor/laravel/framework/src/Illuminate/Routing/Middleware/SubstituteBindings.php(41): Illuminate\\Routing\\Pipeline->Illuminate\\Routing\\{closure}(Object(Illuminate\\Http\\Request))
#15 /var/www/www-root/data/www/randevumcepte/vendor/laravel/framework/src/Illuminate/Pipeline/Pipeline.php(151): Illuminate\\Routing\\Middleware\\SubstituteBindings->handle(Object(Illuminate\\Http\\Request), Object(Closure))
#16 /var/www/www-root/data/www/randevumcepte/vendor/laravel/framework/src/Illuminate/Routing/Pipeline.php(53): Illuminate\\Pipeline\\Pipeline->Illuminate\\Pipeline\\{closure}(Object(Illuminate\\Http\\Request))
#17 /var/www/www-root/data/www/randevumcepte/app/Http/Middleware/AuthenticateSession.php(42): Illuminate\\Routing\\Pipeline->Illuminate\\Routing\\{closure}(Object(Illuminate\\Http\\Request))
#18 /var/www/www-root/data/www/randevumcepte/vendor/laravel/framework/src/Illuminate/Pipeline/Pipeline.php(151): App\\Http\\Middleware\\AuthenticateSession->handle(Object(Illuminate\\Http\\Request), Object(Closure))
#19 /var/www/www-root/data/www/randevumcepte/vendor/laravel/framework/src/Illuminate/Routing/Pipeline.php(53): Illuminate\\Pipeline\\Pipeline->Illuminate\\Pipeline\\{closure}(Object(Illuminate\\Http\\Request))
#20 /var/www/www-root/data/www/randevumcepte/vendor/laravel/framework/src/Illuminate/Foundation/Http/Middleware/VerifyCsrfToken.php(68): Illuminate\\Routing\\Pipeline->Illuminate\\Routing\\{closure}(Object(Illuminate\\Http\\Request))
#21 /var/www/www-root/data/www/randevumcepte/vendor/laravel/framework/src/Illuminate/Pipeline/Pipeline.php(151): Illuminate\\Foundation\\Http\\Middleware\\VerifyCsrfToken->handle(Object(Illuminate\\Http\\Request), Object(Closure))
#22 /var/www/www-root/data/www/randevumcepte/vendor/laravel/framework/src/Illuminate/Routing/Pipeline.php(53): Illuminate\\Pipeline\\Pipeline->Illuminate\\Pipeline\\{closure}(Object(Illuminate\\Http\\Request))
#23 /var/www/www-root/data/www/randevumcepte/vendor/laravel/framework/src/Illuminate/View/Middleware/ShareErrorsFromSession.php(49): Illuminate\\Routing\\Pipeline->Illuminate\\Routing\\{closure}(Object(Illuminate\\Http\\Request))
#24 /var/www/www-root/data/www/randevumcepte/vendor/laravel/framework/src/Illuminate/Pipeline/Pipeline.php(151): Illuminate\\View\\Middleware\\ShareErrorsFromSession->handle(Object(Illuminate\\Http\\Request), Object(Closure))
#25 /var/www/www-root/data/www/randevumcepte/vendor/laravel/framework/src/Illuminate/Routing/Pipeline.php(53): Illuminate\\Pipeline\\Pipeline->Illuminate\\Pipeline\\{closure}(Object(Illuminate\\Http\\Request))
#26 /var/www/www-root/data/www/randevumcepte/vendor/laravel/framework/src/Illuminate/Session/Middleware/StartSession.php(63): Illuminate\\Routing\\Pipeline->Illuminate\\Routing\\{closure}(Object(Illuminate\\Http\\Request))
#27 /var/www/www-root/data/www/randevumcepte/vendor/laravel/framework/src/Illuminate/Pipeline/Pipeline.php(151): Illuminate\\Session\\Middleware\\StartSession->handle(Object(Illuminate\\Http\\Request), Object(Closure))
#28 /var/www/www-root/data/www/randevumcepte/vendor/laravel/framework/src/Illuminate/Routing/Pipeline.php(53): Illuminate\\Pipeline\\Pipeline->Illuminate\\Pipeline\\{closure}(Object(Illuminate\\Http\\Request))
#29 /var/www/www-root/data/www/randevumcepte/vendor/laravel/framework/src/Illuminate/Cookie/Middleware/AddQueuedCookiesToResponse.php(37): Illuminate\\Routing\\Pipeline->Illuminate\\Routing\\{closure}(Object(Illuminate\\Http\\Request))
#30 /var/www/www-root/data/www/randevumcepte/vendor/laravel/framework/src/Illuminate/Pipeline/Pipeline.php(151): Illuminate\\Cookie\\Middleware\\AddQueuedCookiesToResponse->handle(Object(Illuminate\\Http\\Request), Object(Closure))
#31 /var/www/www-root/data/www/randevumcepte/vendor/laravel/framework/src/Illuminate/Routing/Pipeline.php(53): Illuminate\\Pipeline\\Pipeline->Illuminate\\Pipeline\\{closure}(Object(Illuminate\\Http\\Request))
#32 /var/www/www-root/data/www/randevumcepte/vendor/laravel/framework/src/Illuminate/Cookie/Middleware/EncryptCookies.php(66): Illuminate\\Routing\\Pipeline->Illuminate\\Routing\\{closure}(Object(Illuminate\\Http\\Request))
#33 /var/www/www-root/data/www/randevumcepte/vendor/laravel/framework/src/Illuminate/Pipeline/Pipeline.php(151): Illuminate\\Cookie\\Middleware\\EncryptCookies->handle(Object(Illuminate\\Http\\Request), Object(Closure))
#34 /var/www/www-root/data/www/randevumcepte/vendor/laravel/framework/src/Illuminate/Routing/Pipeline.php(53): Illuminate\\Pipeline\\Pipeline->Illuminate\\Pipeline\\{closure}(Object(Illuminate\\Http\\Request))
#35 /var/www/www-root/data/www/randevumcepte/app/Http/Middleware/LogRequestPerformance.php(13): Illuminate\\Routing\\Pipeline->Illuminate\\Routing\\{closure}(Object(Illuminate\\Http\\Request))
#36 /var/www/www-root/data/www/randevumcepte/vendor/laravel/framework/src/Illuminate/Pipeline/Pipeline.php(151): App\\Http\\Middleware\\LogRequestPerformance->handle(Object(Illuminate\\Http\\Request), Object(Closure))
#37 /var/www/www-root/data/www/randevumcepte/vendor/laravel/framework/src/Illuminate/Routing/Pipeline.php(53): Illuminate\\Pipeline\\Pipeline->Illuminate\\Pipeline\\{closure}(Object(Illuminate\\Http\\Request))
#38 /var/www/www-root/data/www/randevumcepte/vendor/laravel/framework/src/Illuminate/Pipeline/Pipeline.php(104): Illuminate\\Routing\\Pipeline->Illuminate\\Routing\\{closure}(Object(Illuminate\\Http\\Request))
#39 /var/www/www-root/data/www/randevumcepte/vendor/laravel/framework/src/Illuminate/Routing/Router.php(667): Illuminate\\Pipeline\\Pipeline->then(Object(Closure))
#40 /var/www/www-root/data/www/randevumcepte/vendor/laravel/framework/src/Illuminate/Routing/Router.php(642): Illuminate\\Routing\\Router->runRouteWithinStack(Object(Illuminate\\Routing\\Route), Object(Illuminate\\Http\\Request))
#41 /var/www/www-root/data/www/randevumcepte/vendor/laravel/framework/src/Illuminate/Routing/Router.php(608): Illuminate\\Routing\\Router->runRoute(Object(Illuminate\\Http\\Request), Object(Illuminate\\Routing\\Route))
#42 /var/www/www-root/data/www/randevumcepte/vendor/laravel/framework/src/Illuminate/Routing/Router.php(597): Illuminate\\Routing\\Router->dispatchToRoute(Object(Illuminate\\Http\\Request))
#43 /var/www/www-root/data/www/randevumcepte/vendor/laravel/framework/src/Illuminate/Foundation/Http/Kernel.php(176): Illuminate\\Routing\\Router->dispatch(Object(Illuminate\\Http\\Request))
#44 /var/www/www-root/data/www/randevumcepte/vendor/laravel/framework/src/Illuminate/Routing/Pipeline.php(30): Illuminate\\Foundation\\Http\\Kernel->Illuminate\\Foundation\\Http\\{closure}(Object(Illuminate\\Http\\Request))
#45 /var/www/www-root/data/www/randevumcepte/vendor/barryvdh/laravel-debugbar/src/Middleware/InjectDebugbar.php(58): Illuminate\\Routing\\Pipeline->Illuminate\\Routing\\{closure}(Object(Illuminate\\Http\\Request))
#46 /var/www/www-root/data/www/randevumcepte/vendor/laravel/framework/src/Illuminate/Pipeline/Pipeline.php(151): Barryvdh\\Debugbar\\Middleware\\InjectDebugbar->handle(Object(Illuminate\\Http\\Request), Object(Closure))
#47 /var/www/www-root/data/www/randevumcepte/vendor/laravel/framework/src/Illuminate/Routing/Pipeline.php(53): Illuminate\\Pipeline\\Pipeline->Illuminate\\Pipeline\\{closure}(Object(Illuminate\\Http\\Request))
#48 /var/www/www-root/data/www/randevumcepte/vendor/laravel/framework/src/Illuminate/Foundation/Http/Middleware/TransformsRequest.php(31): Illuminate\\Routing\\Pipeline->Illuminate\\Routing\\{closure}(Object(Illuminate\\Http\\Request))
#49 /var/www/www-root/data/www/randevumcepte/vendor/laravel/framework/src/Illuminate/Pipeline/Pipeline.php(151): Illuminate\\Foundation\\Http\\Middleware\\TransformsRequest->handle(Object(Illuminate\\Http\\Request), Object(Closure))
#50 /var/www/www-root/data/www/randevumcepte/vendor/laravel/framework/src/Illuminate/Routing/Pipeline.php(53): Illuminate\\Pipeline\\Pipeline->Illuminate\\Pipeline\\{closure}(Object(Illuminate\\Http\\Request))
#51 /var/www/www-root/data/www/randevumcepte/vendor/laravel/framework/src/Illuminate/Foundation/Http/Middleware/TransformsRequest.php(31): Illuminate\\Routing\\Pipeline->Illuminate\\Routing\\{closure}(Object(Illuminate\\Http\\Request))
#52 /var/www/www-root/data/www/randevumcepte/vendor/laravel/framework/src/Illuminate/Pipeline/Pipeline.php(151): Illuminate\\Foundation\\Http\\Middleware\\TransformsRequest->handle(Object(Illuminate\\Http\\Request), Object(Closure))
#53 /var/www/www-root/data/www/randevumcepte/vendor/laravel/framework/src/Illuminate/Routing/Pipeline.php(53): Illuminate\\Pipeline\\Pipeline->Illuminate\\Pipeline\\{closure}(Object(Illuminate\\Http\\Request))
#54 /var/www/www-root/data/www/randevumcepte/vendor/laravel/framework/src/Illuminate/Foundation/Http/Middleware/ValidatePostSize.php(27): Illuminate\\Routing\\Pipeline->Illuminate\\Routing\\{closure}(Object(Illuminate\\Http\\Request))
#55 /var/www/www-root/data/www/randevumcepte/vendor/laravel/framework/src/Illuminate/Pipeline/Pipeline.php(151): Illuminate\\Foundation\\Http\\Middleware\\ValidatePostSize->handle(Object(Illuminate\\Http\\Request), Object(Closure))
#56 /var/www/www-root/data/www/randevumcepte/vendor/laravel/framework/src/Illuminate/Routing/Pipeline.php(53): Illuminate\\Pipeline\\Pipeline->Illuminate\\Pipeline\\{closure}(Object(Illuminate\\Http\\Request))
#57 /var/www/www-root/data/www/randevumcepte/vendor/laravel/framework/src/Illuminate/Foundation/Http/Middleware/CheckForMaintenanceMode.php(62): Illuminate\\Routing\\Pipeline->Illuminate\\Routing\\{closure}(Object(Illuminate\\Http\\Request))
#58 /var/www/www-root/data/www/randevumcepte/vendor/laravel/framework/src/Illuminate/Pipeline/Pipeline.php(151): Illuminate\\Foundation\\Http\\Middleware\\CheckForMaintenanceMode->handle(Object(Illuminate\\Http\\Request), Object(Closure))
#59 /var/www/www-root/data/www/randevumcepte/vendor/laravel/framework/src/Illuminate/Routing/Pipeline.php(53): Illuminate\\Pipeline\\Pipeline->Illuminate\\Pipeline\\{closure}(Object(Illuminate\\Http\\Request))
#60 /var/www/www-root/data/www/randevumcepte/vendor/laravel/framework/src/Illuminate/Pipeline/Pipeline.php(104): Illuminate\\Routing\\Pipeline->Illuminate\\Routing\\{closure}(Object(Illuminate\\Http\\Request))
#61 /var/www/www-root/data/www/randevumcepte/vendor/laravel/framework/src/Illuminate/Foundation/Http/Kernel.php(151): Illuminate\\Pipeline\\Pipeline->then(Object(Closure))
#62 /var/www/www-root/data/www/randevumcepte/vendor/laravel/framework/src/Illuminate/Foundation/Http/Kernel.php(116): Illuminate\\Foundation\\Http\\Kernel->sendRequestThroughRouter(Object(Illuminate\\Http\\Request))
#63 /var/www/www-root/data/www/randevumcepte/public/index.php(52): Illuminate\\Foundation\\Http\\Kernel->handle(Object(Illuminate\\Http\\Request))
#64 /var/www/www-root/data/www/randevumcepte/index.php(20): require_once('/var/www/www-ro...')
#65 {main}
"} 
[2026-07-01 23:21:33] local.INFO: [v2 oda_personel_map] {"salon_id":"355","oda_count":38,"row_count":22,"map_keys":[296,335,301,302,297,350,349,291,292,346,294,298,347]} 
[2026-07-01 23:22:02] local.INFO: [RND-SMS] cron tick {"simdi":"01.07.2026 23:22","aday_randevu_sayisi":566} 
[2026-07-01 23:22:03] local.INFO: [ALACAK-ARAMA] kontrol basladi. dk=2026-07-01 23:22  
[2026-07-01 23:22:03] local.INFO: [ALACAK-ARAMA] aranacak alacak yok.  
[2026-07-01 23:22:04] local.INFO: 💊 İlaç kontrol zamanı: 23:22  
[2026-07-01 23:22:41] local.INFO: [v2 oda_personel_map] {"salon_id":"355","oda_count":38,"row_count":22,"map_keys":[296,335,301,302,297,350,349,291,292,346,294,298,347]} 
[2026-07-01 23:22:42] local.INFO: 1970-01-01 00:00:00 - 2026-07-31 23:59:59 satışları geliyor Müşteri : 158254 Personel :  Tür : 0  
[2026-07-01 23:22:42] local.INFO: DEBUG: Müşteri ID değeri: '158254'  
[2026-07-01 23:22:42] local.INFO: DEBUG: Müşteri ID tipi: string  
[2026-07-01 23:22:42] local.INFO: DEBUG: Müşteri ID == '': HAYIR  
[2026-07-01 23:22:42] local.INFO: DEBUG: Müşteri ID === '': HAYIR  
[2026-07-01 23:22:42] local.INFO: DEBUG: Müşteri ID empty(): HAYIR  
[2026-07-01 23:22:42] local.INFO: paketHizmetId: NULL  
[2026-07-01 23:23:02] local.INFO: [RND-SMS] cron tick {"simdi":"01.07.2026 23:23","aday_randevu_sayisi":566} 
[2026-07-01 23:23:03] local.INFO: [ALACAK-ARAMA] kontrol basladi. dk=2026-07-01 23:23  
[2026-07-01 23:23:03] local.INFO: [ALACAK-ARAMA] aranacak alacak yok.  
[2026-07-01 23:23:04] local.INFO: 💊 İlaç kontrol zamanı: 23:23  
[2026-07-01 23:23:19] local.INFO: [v2 oda_personel_map] {"salon_id":"355","oda_count":38,"row_count":22,"map_keys":[296,335,301,302,297,350,349,291,292,346,294,298,347]} 
[2026-07-01 23:24:02] local.INFO: [RND-SMS] cron tick {"simdi":"01.07.2026 23:24","aday_randevu_sayisi":566} 
[2026-07-01 23:24:03] local.INFO: [ALACAK-ARAMA] kontrol basladi. dk=2026-07-01 23:24  
[2026-07-01 23:24:03] local.INFO: [ALACAK-ARAMA] aranacak alacak yok.  
[2026-07-01 23:24:04] local.INFO: 💊 İlaç kontrol zamanı: 23:24  
[2026-07-01 23:25:02] local.INFO: [RND-SMS] cron tick {"simdi":"01.07.2026 23:25","aday_randevu_sayisi":566} 
[2026-07-01 23:25:04] local.INFO: [ALACAK-ARAMA] kontrol basladi. dk=2026-07-01 23:25  
[2026-07-01 23:25:04] local.INFO: [ALACAK-ARAMA] aranacak alacak yok.  
[2026-07-01 23:25:04] local.INFO: 💊 İlaç kontrol zamanı: 23:25  
[2026-07-01 23:26:02] local.INFO: [RND-SMS] cron tick {"simdi":"01.07.2026 23:26","aday_randevu_sayisi":566} 
[2026-07-01 23:26:03] local.INFO: [ALACAK-ARAMA] kontrol basladi. dk=2026-07-01 23:26  
[2026-07-01 23:26:03] local.INFO: [ALACAK-ARAMA] aranacak alacak yok.  
[2026-07-01 23:26:04] local.INFO: 💊 İlaç kontrol zamanı: 23:26  
[2026-07-01 23:26:42] local.INFO: randevu yükleme bitti  
[2026-07-01 23:26:49] local.INFO: başlangıç 2026-07-01  
[2026-07-01 23:26:49] local.INFO: bitis 2026-07-01  
[2026-07-01 23:27:02] local.INFO: [RND-SMS] cron tick {"simdi":"01.07.2026 23:27","aday_randevu_sayisi":566} 
[2026-07-01 23:27:04] local.INFO: [ALACAK-ARAMA] kontrol basladi. dk=2026-07-01 23:27  
[2026-07-01 23:27:04] local.INFO: [ALACAK-ARAMA] aranacak alacak yok.  
[2026-07-01 23:27:04] local.INFO: 💊 İlaç kontrol zamanı: 23:27  
[2026-07-01 23:27:27] local.INFO: [v2 oda_personel_map] {"salon_id":"355","oda_count":38,"row_count":22,"map_keys":[296,335,301,302,297,350,349,291,292,346,294,298,347]} 
[2026-07-01 23:27:49] local.INFO: [v2 oda_personel_map] {"salon_id":"355","oda_count":38,"row_count":22,"map_keys":[296,335,301,302,297,350,349,291,292,346,294,298,347]} 
[2026-07-01 23:27:49] local.INFO: 1970-01-01 00:00:00 - 2026-07-31 23:59:59 satışları geliyor Müşteri : 185778 Personel :  Tür : 0  
[2026-07-01 23:27:49] local.INFO: DEBUG: Müşteri ID değeri: '185778'  
[2026-07-01 23:27:49] local.INFO: DEBUG: Müşteri ID tipi: string  
[2026-07-01 23:27:49] local.INFO: DEBUG: Müşteri ID == '': HAYIR  
[2026-07-01 23:27:49] local.INFO: DEBUG: Müşteri ID === '': HAYIR  
[2026-07-01 23:27:49] local.INFO: DEBUG: Müşteri ID empty(): HAYIR  
[2026-07-01 23:27:49] local.INFO: 2026-07-01 00:00:00 - 2026-07-31 23:59:59 satışları geliyor Müşteri :  Personel :  Tür : 0  
[2026-07-01 23:27:49] local.INFO: DEBUG: Müşteri ID değeri: ''  
[2026-07-01 23:27:49] local.INFO: DEBUG: Müşteri ID tipi: NULL  
[2026-07-01 23:27:49] local.INFO: DEBUG: Müşteri ID == '': EVET  
[2026-07-01 23:27:49] local.INFO: DEBUG: Müşteri ID === '': HAYIR  
[2026-07-01 23:27:49] local.INFO: DEBUG: Müşteri ID empty(): EVET  
[2026-07-01 23:27:50] local.INFO: paketHizmetId: NULL  
[2026-07-01 23:27:50] local.INFO: 2026-07-01 00:00:00 - 2026-07-31 23:59:59 satışları geliyor Müşteri :  Personel :  Tür : 0  
[2026-07-01 23:27:50] local.INFO: DEBUG: Müşteri ID değeri: ''  
[2026-07-01 23:27:50] local.INFO: DEBUG: Müşteri ID tipi: NULL  
[2026-07-01 23:27:50] local.INFO: DEBUG: Müşteri ID == '': EVET  
[2026-07-01 23:27:50] local.INFO: DEBUG: Müşteri ID === '': HAYIR  
[2026-07-01 23:27:50] local.INFO: DEBUG: Müşteri ID empty(): EVET  
[2026-07-01 23:28:01] local.INFO: [RND-SMS] cron tick {"simdi":"01.07.2026 23:28","aday_randevu_sayisi":566} 
[2026-07-01 23:28:03] local.INFO: [ALACAK-ARAMA] kontrol basladi. dk=2026-07-01 23:28  
[2026-07-01 23:28:03] local.INFO: [ALACAK-ARAMA] aranacak alacak yok.  
[2026-07-01 23:28:03] local.INFO: 💊 İlaç kontrol zamanı: 23:28  
[2026-07-01 23:29:02] local.INFO: [RND-SMS] cron tick {"simdi":"01.07.2026 23:29","aday_randevu_sayisi":566} 
[2026-07-01 23:29:03] local.INFO: [ALACAK-ARAMA] kontrol basladi. dk=2026-07-01 23:29  
[2026-07-01 23:29:03] local.INFO: [ALACAK-ARAMA] aranacak alacak yok.  
[2026-07-01 23:29:04] local.INFO: 💊 İlaç kontrol zamanı: 23:29  
[2026-07-01 23:29:35] local.INFO: [v2 oda_personel_map] {"salon_id":"355","oda_count":38,"row_count":22,"map_keys":[296,335,301,302,297,350,349,291,292,346,294,298,347]} 
[2026-07-01 23:29:35] local.INFO: 1970-01-01 00:00:00 - 2026-07-31 23:59:59 satışları geliyor Müşteri : 103055 Personel :  Tür : 0  
[2026-07-01 23:29:35] local.INFO: DEBUG: Müşteri ID değeri: '103055'  
[2026-07-01 23:29:35] local.INFO: DEBUG: Müşteri ID tipi: string  
[2026-07-01 23:29:35] local.INFO: DEBUG: Müşteri ID == '': HAYIR  
[2026-07-01 23:29:35] local.INFO: DEBUG: Müşteri ID === '': HAYIR  
[2026-07-01 23:29:35] local.INFO: DEBUG: Müşteri ID empty(): HAYIR  
[2026-07-01 23:29:35] local.INFO: paketHizmetId: NULL  
[2026-07-01 23:30:02] local.INFO: [RND-SMS] cron tick {"simdi":"01.07.2026 23:30","aday_randevu_sayisi":566} 
[2026-07-01 23:30:04] local.INFO: [ALACAK-ARAMA] kontrol basladi. dk=2026-07-01 23:30  
[2026-07-01 23:30:04] local.INFO: [ALACAK-ARAMA] aranacak alacak yok.  
[2026-07-01 23:30:04] local.INFO: 💊 İlaç kontrol zamanı: 23:30  
[2026-07-01 23:30:56] local.ERROR: Trying to get property 'id' of non-object {"exception":"[object] (ErrorException(code: 0): Trying to get property 'id' of non-object at /var/www/www-root/data/www/randevumcepte/app/Http/Controllers/HomeController.php:299)
[stacktrace]
#0 /var/www/www-root/data/www/randevumcepte/app/Http/Controllers/HomeController.php(299): Illuminate\\Foundation\\Bootstrap\\HandleExceptions->handleError(8, 'Trying to get p...', '/var/www/www-ro...', 299, Array)
#1 [internal function]: App\\Http\\Controllers\\HomeController->salonDetay(Object(Illuminate\\Http\\Request))
#2 /var/www/www-root/data/www/randevumcepte/vendor/laravel/framework/src/Illuminate/Routing/Controller.php(54): call_user_func_array(Array, Array)
#3 /var/www/www-root/data/www/randevumcepte/vendor/laravel/framework/src/Illuminate/Routing/ControllerDispatcher.php(45): Illuminate\\Routing\\Controller->callAction('salonDetay', Array)
#4 /var/www/www-root/data/www/randevumcepte/vendor/laravel/framework/src/Illuminate/Routing/Route.php(212): Illuminate\\Routing\\ControllerDispatcher->dispatch(Object(Illuminate\\Routing\\Route), Object(App\\Http\\Controllers\\HomeController), 'salonDetay')
#5 /var/www/www-root/data/www/randevumcepte/vendor/laravel/framework/src/Illuminate/Routing/Route.php(169): Illuminate\\Routing\\Route->runController()
#6 /var/www/www-root/data/www/randevumcepte/vendor/laravel/framework/src/Illuminate/Routing/Router.php(665): Illuminate\\Routing\\Route->run()
#7 /var/www/www-root/data/www/randevumcepte/vendor/laravel/framework/src/Illuminate/Routing/Pipeline.php(30): Illuminate\\Routing\\Router->Illuminate\\Routing\\{closure}(Object(Illuminate\\Http\\Request))
#8 /var/www/www-root/data/www/randevumcepte/app/Http/Middleware/RedirectIfAuthenticated.php(33): Illuminate\\Routing\\Pipeline->Illuminate\\Routing\\{closure}(Object(Illuminate\\Http\\Request))
#9 /var/www/www-root/data/www/randevumcepte/vendor/laravel/framework/src/Illuminate/Pipeline/Pipeline.php(151): App\\Http\\Middleware\\RedirectIfAuthenticated->handle(Object(Illuminate\\Http\\Request), Object(Closure))
#10 /var/www/www-root/data/www/randevumcepte/vendor/laravel/framework/src/Illuminate/Routing/Pipeline.php(53): Illuminate\\Pipeline\\Pipeline->Illuminate\\Pipeline\\{closure}(Object(Illuminate\\Http\\Request))
#11 /var/www/www-root/data/www/randevumcepte/vendor/htmlmin/htmlmin/src/Http/Middleware/MinifyMiddleware.php(55): Illuminate\\Routing\\Pipeline->Illuminate\\Routing\\{closure}(Object(Illuminate\\Http\\Request))
#12 /var/www/www-root/data/www/randevumcepte/vendor/laravel/framework/src/Illuminate/Pipeline/Pipeline.php(151): HTMLMin\\HTMLMin\\Http\\Middleware\\MinifyMiddleware->handle(Object(Illuminate\\Http\\Request), Object(Closure))
#13 /var/www/www-root/data/www/randevumcepte/vendor/laravel/framework/src/Illuminate/Routing/Pipeline.php(53): Illuminate\\Pipeline\\Pipeline->Illuminate\\Pipeline\\{closure}(Object(Illuminate\\Http\\Request))
#14 /var/www/www-root/data/www/randevumcepte/vendor/laravel/framework/src/Illuminate/Routing/Middleware/SubstituteBindings.php(41): Illuminate\\Routing\\Pipeline->Illuminate\\Routing\\{closure}(Object(Illuminate\\Http\\Request))
#15 /var/www/www-root/data/www/randevumcepte/vendor/laravel/framework/src/Illuminate/Pipeline/Pipeline.php(151): Illuminate\\Routing\\Middleware\\SubstituteBindings->handle(Object(Illuminate\\Http\\Request), Object(Closure))
#16 /var/www/www-root/data/www/randevumcepte/vendor/laravel/framework/src/Illuminate/Routing/Pipeline.php(53): Illuminate\\Pipeline\\Pipeline->Illuminate\\Pipeline\\{closure}(Object(Illuminate\\Http\\Request))
#17 /var/www/www-root/data/www/randevumcepte/app/Http/Middleware/AuthenticateSession.php(42): Illuminate\\Routing\\Pipeline->Illuminate\\Routing\\{closure}(Object(Illuminate\\Http\\Request))
#18 /var/www/www-root/data/www/randevumcepte/vendor/laravel/framework/src/Illuminate/Pipeline/Pipeline.php(151): App\\Http\\Middleware\\AuthenticateSession->handle(Object(Illuminate\\Http\\Request), Object(Closure))
#19 /var/www/www-root/data/www/randevumcepte/vendor/laravel/framework/src/Illuminate/Routing/Pipeline.php(53): Illuminate\\Pipeline\\Pipeline->Illuminate\\Pipeline\\{closure}(Object(Illuminate\\Http\\Request))
#20 /var/www/www-root/data/www/randevumcepte/vendor/laravel/framework/src/Illuminate/Foundation/Http/Middleware/VerifyCsrfToken.php(68): Illuminate\\Routing\\Pipeline->Illuminate\\Routing\\{closure}(Object(Illuminate\\Http\\Request))
#21 /var/www/www-root/data/www/randevumcepte/vendor/laravel/framework/src/Illuminate/Pipeline/Pipeline.php(151): Illuminate\\Foundation\\Http\\Middleware\\VerifyCsrfToken->handle(Object(Illuminate\\Http\\Request), Object(Closure))
#22 /var/www/www-root/data/www/randevumcepte/vendor/laravel/framework/src/Illuminate/Routing/Pipeline.php(53): Illuminate\\Pipeline\\Pipeline->Illuminate\\Pipeline\\{closure}(Object(Illuminate\\Http\\Request))
#23 /var/www/www-root/data/www/randevumcepte/vendor/laravel/framework/src/Illuminate/View/Middleware/ShareErrorsFromSession.php(49): Illuminate\\Routing\\Pipeline->Illuminate\\Routing\\{closure}(Object(Illuminate\\Http\\Request))
#24 /var/www/www-root/data/www/randevumcepte/vendor/laravel/framework/src/Illuminate/Pipeline/Pipeline.php(151): Illuminate\\View\\Middleware\\ShareErrorsFromSession->handle(Object(Illuminate\\Http\\Request), Object(Closure))
#25 /var/www/www-root/data/www/randevumcepte/vendor/laravel/framework/src/Illuminate/Routing/Pipeline.php(53): Illuminate\\Pipeline\\Pipeline->Illuminate\\Pipeline\\{closure}(Object(Illuminate\\Http\\Request))
#26 /var/www/www-root/data/www/randevumcepte/vendor/laravel/framework/src/Illuminate/Session/Middleware/StartSession.php(63): Illuminate\\Routing\\Pipeline->Illuminate\\Routing\\{closure}(Object(Illuminate\\Http\\Request))
#27 /var/www/www-root/data/www/randevumcepte/vendor/laravel/framework/src/Illuminate/Pipeline/Pipeline.php(151): Illuminate\\Session\\Middleware\\StartSession->handle(Object(Illuminate\\Http\\Request), Object(Closure))
#28 /var/www/www-root/data/www/randevumcepte/vendor/laravel/framework/src/Illuminate/Routing/Pipeline.php(53): Illuminate\\Pipeline\\Pipeline->Illuminate\\Pipeline\\{closure}(Object(Illuminate\\Http\\Request))
#29 /var/www/www-root/data/www/randevumcepte/vendor/laravel/framework/src/Illuminate/Cookie/Middleware/AddQueuedCookiesToResponse.php(37): Illuminate\\Routing\\Pipeline->Illuminate\\Routing\\{closure}(Object(Illuminate\\Http\\Request))
#30 /var/www/www-root/data/www/randevumcepte/vendor/laravel/framework/src/Illuminate/Pipeline/Pipeline.php(151): Illuminate\\Cookie\\Middleware\\AddQueuedCookiesToResponse->handle(Object(Illuminate\\Http\\Request), Object(Closure))
#31 /var/www/www-root/data/www/randevumcepte/vendor/laravel/framework/src/Illuminate/Routing/Pipeline.php(53): Illuminate\\Pipeline\\Pipeline->Illuminate\\Pipeline\\{closure}(Object(Illuminate\\Http\\Request))
#32 /var/www/www-root/data/www/randevumcepte/vendor/laravel/framework/src/Illuminate/Cookie/Middleware/EncryptCookies.php(66): Illuminate\\Routing\\Pipeline->Illuminate\\Routing\\{closure}(Object(Illuminate\\Http\\Request))
#33 /var/www/www-root/data/www/randevumcepte/vendor/laravel/framework/src/Illuminate/Pipeline/Pipeline.php(151): Illuminate\\Cookie\\Middleware\\EncryptCookies->handle(Object(Illuminate\\Http\\Request), Object(Closure))
#34 /var/www/www-root/data/www/randevumcepte/vendor/laravel/framework/src/Illuminate/Routing/Pipeline.php(53): Illuminate\\Pipeline\\Pipeline->Illuminate\\Pipeline\\{closure}(Object(Illuminate\\Http\\Request))
#35 /var/www/www-root/data/www/randevumcepte/app/Http/Middleware/LogRequestPerformance.php(13): Illuminate\\Routing\\Pipeline->Illuminate\\Routing\\{closure}(Object(Illuminate\\Http\\Request))
#36 /var/www/www-root/data/www/randevumcepte/vendor/laravel/framework/src/Illuminate/Pipeline/Pipeline.php(151): App\\Http\\Middleware\\LogRequestPerformance->handle(Object(Illuminate\\Http\\Request), Object(Closure))
#37 /var/www/www-root/data/www/randevumcepte/vendor/laravel/framework/src/Illuminate/Routing/Pipeline.php(53): Illuminate\\Pipeline\\Pipeline->Illuminate\\Pipeline\\{closure}(Object(Illuminate\\Http\\Request))
#38 /var/www/www-root/data/www/randevumcepte/vendor/laravel/framework/src/Illuminate/Pipeline/Pipeline.php(104): Illuminate\\Routing\\Pipeline->Illuminate\\Routing\\{closure}(Object(Illuminate\\Http\\Request))
#39 /var/www/www-root/data/www/randevumcepte/vendor/laravel/framework/src/Illuminate/Routing/Router.php(667): Illuminate\\Pipeline\\Pipeline->then(Object(Closure))
#40 /var/www/www-root/data/www/randevumcepte/vendor/laravel/framework/src/Illuminate/Routing/Router.php(642): Illuminate\\Routing\\Router->runRouteWithinStack(Object(Illuminate\\Routing\\Route), Object(Illuminate\\Http\\Request))
#41 /var/www/www-root/data/www/randevumcepte/vendor/laravel/framework/src/Illuminate/Routing/Router.php(608): Illuminate\\Routing\\Router->runRoute(Object(Illuminate\\Http\\Request), Object(Illuminate\\Routing\\Route))
#42 /var/www/www-root/data/www/randevumcepte/vendor/laravel/framework/src/Illuminate/Routing/Router.php(597): Illuminate\\Routing\\Router->dispatchToRoute(Object(Illuminate\\Http\\Request))
#43 /var/www/www-root/data/www/randevumcepte/vendor/laravel/framework/src/Illuminate/Foundation/Http/Kernel.php(176): Illuminate\\Routing\\Router->dispatch(Object(Illuminate\\Http\\Request))
#44 /var/www/www-root/data/www/randevumcepte/vendor/laravel/framework/src/Illuminate/Routing/Pipeline.php(30): Illuminate\\Foundation\\Http\\Kernel->Illuminate\\Foundation\\Http\\{closure}(Object(Illuminate\\Http\\Request))
#45 /var/www/www-root/data/www/randevumcepte/vendor/barryvdh/laravel-debugbar/src/Middleware/InjectDebugbar.php(58): Illuminate\\Routing\\Pipeline->Illuminate\\Routing\\{closure}(Object(Illuminate\\Http\\Request))
#46 /var/www/www-root/data/www/randevumcepte/vendor/laravel/framework/src/Illuminate/Pipeline/Pipeline.php(151): Barryvdh\\Debugbar\\Middleware\\InjectDebugbar->handle(Object(Illuminate\\Http\\Request), Object(Closure))
#47 /var/www/www-root/data/www/randevumcepte/vendor/laravel/framework/src/Illuminate/Routing/Pipeline.php(53): Illuminate\\Pipeline\\Pipeline->Illuminate\\Pipeline\\{closure}(Object(Illuminate\\Http\\Request))
#48 /var/www/www-root/data/www/randevumcepte/vendor/laravel/framework/src/Illuminate/Foundation/Http/Middleware/TransformsRequest.php(31): Illuminate\\Routing\\Pipeline->Illuminate\\Routing\\{closure}(Object(Illuminate\\Http\\Request))
#49 /var/www/www-root/data/www/randevumcepte/vendor/laravel/framework/src/Illuminate/Pipeline/Pipeline.php(151): Illuminate\\Foundation\\Http\\Middleware\\TransformsRequest->handle(Object(Illuminate\\Http\\Request), Object(Closure))
#50 /var/www/www-root/data/www/randevumcepte/vendor/laravel/framework/src/Illuminate/Routing/Pipeline.php(53): Illuminate\\Pipeline\\Pipeline->Illuminate\\Pipeline\\{closure}(Object(Illuminate\\Http\\Request))
#51 /var/www/www-root/data/www/randevumcepte/vendor/laravel/framework/src/Illuminate/Foundation/Http/Middleware/TransformsRequest.php(31): Illuminate\\Routing\\Pipeline->Illuminate\\Routing\\{closure}(Object(Illuminate\\Http\\Request))
#52 /var/www/www-root/data/www/randevumcepte/vendor/laravel/framework/src/Illuminate/Pipeline/Pipeline.php(151): Illuminate\\Foundation\\Http\\Middleware\\TransformsRequest->handle(Object(Illuminate\\Http\\Request), Object(Closure))
#53 /var/www/www-root/data/www/randevumcepte/vendor/laravel/framework/src/Illuminate/Routing/Pipeline.php(53): Illuminate\\Pipeline\\Pipeline->Illuminate\\Pipeline\\{closure}(Object(Illuminate\\Http\\Request))
#54 /var/www/www-root/data/www/randevumcepte/vendor/laravel/framework/src/Illuminate/Foundation/Http/Middleware/ValidatePostSize.php(27): Illuminate\\Routing\\Pipeline->Illuminate\\Routing\\{closure}(Object(Illuminate\\Http\\Request))
#55 /var/www/www-root/data/www/randevumcepte/vendor/laravel/framework/src/Illuminate/Pipeline/Pipeline.php(151): Illuminate\\Foundation\\Http\\Middleware\\ValidatePostSize->handle(Object(Illuminate\\Http\\Request), Object(Closure))
#56 /var/www/www-root/data/www/randevumcepte/vendor/laravel/framework/src/Illuminate/Routing/Pipeline.php(53): Illuminate\\Pipeline\\Pipeline->Illuminate\\Pipeline\\{closure}(Object(Illuminate\\Http\\Request))
#57 /var/www/www-root/data/www/randevumcepte/vendor/laravel/framework/src/Illuminate/Foundation/Http/Middleware/CheckForMaintenanceMode.php(62): Illuminate\\Routing\\Pipeline->Illuminate\\Routing\\{closure}(Object(Illuminate\\Http\\Request))
#58 /var/www/www-root/data/www/randevumcepte/vendor/laravel/framework/src/Illuminate/Pipeline/Pipeline.php(151): Illuminate\\Foundation\\Http\\Middleware\\CheckForMaintenanceMode->handle(Object(Illuminate\\Http\\Request), Object(Closure))
#59 /var/www/www-root/data/www/randevumcepte/vendor/laravel/framework/src/Illuminate/Routing/Pipeline.php(53): Illuminate\\Pipeline\\Pipeline->Illuminate\\Pipeline\\{closure}(Object(Illuminate\\Http\\Request))
#60 /var/www/www-root/data/www/randevumcepte/vendor/laravel/framework/src/Illuminate/Pipeline/Pipeline.php(104): Illuminate\\Routing\\Pipeline->Illuminate\\Routing\\{closure}(Object(Illuminate\\Http\\Request))
#61 /var/www/www-root/data/www/randevumcepte/vendor/laravel/framework/src/Illuminate/Foundation/Http/Kernel.php(151): Illuminate\\Pipeline\\Pipeline->then(Object(Closure))
#62 /var/www/www-root/data/www/randevumcepte/vendor/laravel/framework/src/Illuminate/Foundation/Http/Kernel.php(116): Illuminate\\Foundation\\Http\\Kernel->sendRequestThroughRouter(Object(Illuminate\\Http\\Request))
#63 /var/www/www-root/data/www/randevumcepte/public/index.php(52): Illuminate\\Foundation\\Http\\Kernel->handle(Object(Illuminate\\Http\\Request))
#64 /var/www/www-root/data/www/randevumcepte/index.php(20): require_once('/var/www/www-ro...')
#65 {main}
"} 
[2026-07-01 23:31:02] local.INFO: [RND-SMS] cron tick {"simdi":"01.07.2026 23:31","aday_randevu_sayisi":566} 
[2026-07-01 23:31:03] local.INFO: [ALACAK-ARAMA] kontrol basladi. dk=2026-07-01 23:31  
[2026-07-01 23:31:03] local.INFO: [ALACAK-ARAMA] aranacak alacak yok.  
[2026-07-01 23:31:04] local.INFO: 💊 İlaç kontrol zamanı: 23:31  
[2026-07-01 23:31:07] local.INFO: 2026-07-01 00:00:00 - 2026-07-31 23:59:59 satışları geliyor Müşteri :  Personel :  Tür : 0  
[2026-07-01 23:31:07] local.INFO: DEBUG: Müşteri ID değeri: ''  
[2026-07-01 23:31:07] local.INFO: DEBUG: Müşteri ID tipi: NULL  
[2026-07-01 23:31:07] local.INFO: DEBUG: Müşteri ID == '': EVET  
[2026-07-01 23:31:07] local.INFO: DEBUG: Müşteri ID === '': HAYIR  
[2026-07-01 23:31:07] local.INFO: DEBUG: Müşteri ID empty(): EVET  
[2026-07-01 23:31:07] local.INFO: 2026-07-01 00:00:00 - 2026-07-31 23:59:59 satışları geliyor Müşteri :  Personel :  Tür : 0  
[2026-07-01 23:31:07] local.INFO: DEBUG: Müşteri ID değeri: ''  
[2026-07-01 23:31:07] local.INFO: DEBUG: Müşteri ID tipi: NULL  
[2026-07-01 23:31:07] local.INFO: DEBUG: Müşteri ID == '': EVET  
[2026-07-01 23:31:07] local.INFO: DEBUG: Müşteri ID === '': HAYIR  
[2026-07-01 23:31:07] local.INFO: DEBUG: Müşteri ID empty(): EVET  
[2026-07-01 23:31:11] local.INFO: randevu yükleme bitti  
[2026-07-01 23:31:14] local.INFO: başlangıç 2026-07-01  
[2026-07-01 23:31:14] local.INFO: bitis 2026-07-01  
[2026-07-01 23:32:02] local.INFO: [RND-SMS] cron tick {"simdi":"01.07.2026 23:32","aday_randevu_sayisi":566} 
[2026-07-01 23:32:03] local.INFO: [ALACAK-ARAMA] kontrol basladi. dk=2026-07-01 23:32  
[2026-07-01 23:32:03] local.INFO: [ALACAK-ARAMA] aranacak alacak yok.  
[2026-07-01 23:32:04] local.INFO: 💊 İlaç kontrol zamanı: 23:32  
[2026-07-01 23:32:21] local.INFO: başlangıç 2026-07-01  
[2026-07-01 23:32:21] local.INFO: bitis 2026-07-01  
[2026-07-01 23:32:31] local.INFO: [v2 oda_personel_map] {"salon_id":"355","oda_count":38,"row_count":22,"map_keys":[296,335,301,302,297,350,349,291,292,346,294,298,347]} 
[2026-07-01 23:32:32] local.INFO: 1970-01-01 00:00:00 - 2026-07-31 23:59:59 satışları geliyor Müşteri : 185757 Personel :  Tür : 0  
[2026-07-01 23:32:32] local.INFO: DEBUG: Müşteri ID değeri: '185757'  
[2026-07-01 23:32:32] local.INFO: DEBUG: Müşteri ID tipi: string  
[2026-07-01 23:32:32] local.INFO: DEBUG: Müşteri ID == '': HAYIR  
[2026-07-01 23:32:32] local.INFO: DEBUG: Müşteri ID === '': HAYIR  
[2026-07-01 23:32:32] local.INFO: DEBUG: Müşteri ID empty(): HAYIR  
[2026-07-01 23:32:32] local.INFO: paketHizmetId: NULL  
[2026-07-01 23:33:02] local.INFO: [RND-SMS] cron tick {"simdi":"01.07.2026 23:33","aday_randevu_sayisi":566} 
[2026-07-01 23:33:04] local.INFO: [ALACAK-ARAMA] kontrol basladi. dk=2026-07-01 23:33  
[2026-07-01 23:33:04] local.INFO: [ALACAK-ARAMA] aranacak alacak yok.  
[2026-07-01 23:33:04] local.INFO: 💊 İlaç kontrol zamanı: 23:33  
[2026-07-01 23:33:09] local.ERROR: Trying to get property 'id' of non-object {"exception":"[object] (ErrorException(code: 0): Trying to get property 'id' of non-object at /var/www/www-root/data/www/randevumcepte/app/Http/Controllers/HomeController.php:389)
[stacktrace]
#0 /var/www/www-root/data/www/randevumcepte/app/Http/Controllers/HomeController.php(389): Illuminate\\Foundation\\Bootstrap\\HandleExceptions->handleError(8, 'Trying to get p...', '/var/www/www-ro...', 389, Array)
#1 [internal function]: App\\Http\\Controllers\\HomeController->salonDetay_anasayfa(Object(Illuminate\\Http\\Request), 'wp', 'content')
#2 /var/www/www-root/data/www/randevumcepte/vendor/laravel/framework/src/Illuminate/Routing/Controller.php(54): call_user_func_array(Array, Array)
#3 /var/www/www-root/data/www/randevumcepte/vendor/laravel/framework/src/Illuminate/Routing/ControllerDispatcher.php(45): Illuminate\\Routing\\Controller->callAction('salonDetay_anas...', Array)
#4 /var/www/www-root/data/www/randevumcepte/vendor/laravel/framework/src/Illuminate/Routing/Route.php(212): Illuminate\\Routing\\ControllerDispatcher->dispatch(Object(Illuminate\\Routing\\Route), Object(App\\Http\\Controllers\\HomeController), 'salonDetay_anas...')
#5 /var/www/www-root/data/www/randevumcepte/vendor/laravel/framework/src/Illuminate/Routing/Route.php(169): Illuminate\\Routing\\Route->runController()
#6 /var/www/www-root/data/www/randevumcepte/vendor/laravel/framework/src/Illuminate/Routing/Router.php(665): Illuminate\\Routing\\Route->run()
#7 /var/www/www-root/data/www/randevumcepte/vendor/laravel/framework/src/Illuminate/Routing/Pipeline.php(30): Illuminate\\Routing\\Router->Illuminate\\Routing\\{closure}(Object(Illuminate\\Http\\Request))
#8 /var/www/www-root/data/www/randevumcepte/app/Http/Middleware/RedirectIfAuthenticated.php(33): Illuminate\\Routing\\Pipeline->Illuminate\\Routing\\{closure}(Object(Illuminate\\Http\\Request))
#9 /var/www/www-root/data/www/randevumcepte/vendor/laravel/framework/src/Illuminate/Pipeline/Pipeline.php(151): App\\Http\\Middleware\\RedirectIfAuthenticated->handle(Object(Illuminate\\Http\\Request), Object(Closure))
#10 /var/www/www-root/data/www/randevumcepte/vendor/laravel/framework/src/Illuminate/Routing/Pipeline.php(53): Illuminate\\Pipeline\\Pipeline->Illuminate\\Pipeline\\{closure}(Object(Illuminate\\Http\\Request))
#11 /var/www/www-root/data/www/randevumcepte/vendor/htmlmin/htmlmin/src/Http/Middleware/MinifyMiddleware.php(55): Illuminate\\Routing\\Pipeline->Illuminate\\Routing\\{closure}(Object(Illuminate\\Http\\Request))
#12 /var/www/www-root/data/www/randevumcepte/vendor/laravel/framework/src/Illuminate/Pipeline/Pipeline.php(151): HTMLMin\\HTMLMin\\Http\\Middleware\\MinifyMiddleware->handle(Object(Illuminate\\Http\\Request), Object(Closure))
#13 /var/www/www-root/data/www/randevumcepte/vendor/laravel/framework/src/Illuminate/Routing/Pipeline.php(53): Illuminate\\Pipeline\\Pipeline->Illuminate\\Pipeline\\{closure}(Object(Illuminate\\Http\\Request))
#14 /var/www/www-root/data/www/randevumcepte/vendor/laravel/framework/src/Illuminate/Routing/Middleware/SubstituteBindings.php(41): Illuminate\\Routing\\Pipeline->Illuminate\\Routing\\{closure}(Object(Illuminate\\Http\\Request))
#15 /var/www/www-root/data/www/randevumcepte/vendor/laravel/framework/src/Illuminate/Pipeline/Pipeline.php(151): Illuminate\\Routing\\Middleware\\SubstituteBindings->handle(Object(Illuminate\\Http\\Request), Object(Closure))
#16 /var/www/www-root/data/www/randevumcepte/vendor/laravel/framework/src/Illuminate/Routing/Pipeline.php(53): Illuminate\\Pipeline\\Pipeline->Illuminate\\Pipeline\\{closure}(Object(Illuminate\\Http\\Request))
#17 /var/www/www-root/data/www/randevumcepte/app/Http/Middleware/AuthenticateSession.php(42): Illuminate\\Routing\\Pipeline->Illuminate\\Routing\\{closure}(Object(Illuminate\\Http\\Request))
#18 /var/www/www-root/data/www/randevumcepte/vendor/laravel/framework/src/Illuminate/Pipeline/Pipeline.php(151): App\\Http\\Middleware\\AuthenticateSession->handle(Object(Illuminate\\Http\\Request), Object(Closure))
#19 /var/www/www-root/data/www/randevumcepte/vendor/laravel/framework/src/Illuminate/Routing/Pipeline.php(53): Illuminate\\Pipeline\\Pipeline->Illuminate\\Pipeline\\{closure}(Object(Illuminate\\Http\\Request))
#20 /var/www/www-root/data/www/randevumcepte/vendor/laravel/framework/src/Illuminate/Foundation/Http/Middleware/VerifyCsrfToken.php(68): Illuminate\\Routing\\Pipeline->Illuminate\\Routing\\{closure}(Object(Illuminate\\Http\\Request))
#21 /var/www/www-root/data/www/randevumcepte/vendor/laravel/framework/src/Illuminate/Pipeline/Pipeline.php(151): Illuminate\\Foundation\\Http\\Middleware\\VerifyCsrfToken->handle(Object(Illuminate\\Http\\Request), Object(Closure))
#22 /var/www/www-root/data/www/randevumcepte/vendor/laravel/framework/src/Illuminate/Routing/Pipeline.php(53): Illuminate\\Pipeline\\Pipeline->Illuminate\\Pipeline\\{closure}(Object(Illuminate\\Http\\Request))
#23 /var/www/www-root/data/www/randevumcepte/vendor/laravel/framework/src/Illuminate/View/Middleware/ShareErrorsFromSession.php(49): Illuminate\\Routing\\Pipeline->Illuminate\\Routing\\{closure}(Object(Illuminate\\Http\\Request))
#24 /var/www/www-root/data/www/randevumcepte/vendor/laravel/framework/src/Illuminate/Pipeline/Pipeline.php(151): Illuminate\\View\\Middleware\\ShareErrorsFromSession->handle(Object(Illuminate\\Http\\Request), Object(Closure))
#25 /var/www/www-root/data/www/randevumcepte/vendor/laravel/framework/src/Illuminate/Routing/Pipeline.php(53): Illuminate\\Pipeline\\Pipeline->Illuminate\\Pipeline\\{closure}(Object(Illuminate\\Http\\Request))
#26 /var/www/www-root/data/www/randevumcepte/vendor/laravel/framework/src/Illuminate/Session/Middleware/StartSession.php(63): Illuminate\\Routing\\Pipeline->Illuminate\\Routing\\{closure}(Object(Illuminate\\Http\\Request))
#27 /var/www/www-root/data/www/randevumcepte/vendor/laravel/framework/src/Illuminate/Pipeline/Pipeline.php(151): Illuminate\\Session\\Middleware\\StartSession->handle(Object(Illuminate\\Http\\Request), Object(Closure))
#28 /var/www/www-root/data/www/randevumcepte/vendor/laravel/framework/src/Illuminate/Routing/Pipeline.php(53): Illuminate\\Pipeline\\Pipeline->Illuminate\\Pipeline\\{closure}(Object(Illuminate\\Http\\Request))
#29 /var/www/www-root/data/www/randevumcepte/vendor/laravel/framework/src/Illuminate/Cookie/Middleware/AddQueuedCookiesToResponse.php(37): Illuminate\\Routing\\Pipeline->Illuminate\\Routing\\{closure}(Object(Illuminate\\Http\\Request))
#30 /var/www/www-root/data/www/randevumcepte/vendor/laravel/framework/src/Illuminate/Pipeline/Pipeline.php(151): Illuminate\\Cookie\\Middleware\\AddQueuedCookiesToResponse->handle(Object(Illuminate\\Http\\Request), Object(Closure))
#31 /var/www/www-root/data/www/randevumcepte/vendor/laravel/framework/src/Illuminate/Routing/Pipeline.php(53): Illuminate\\Pipeline\\Pipeline->Illuminate\\Pipeline\\{closure}(Object(Illuminate\\Http\\Request))
#32 /var/www/www-root/data/www/randevumcepte/vendor/laravel/framework/src/Illuminate/Cookie/Middleware/EncryptCookies.php(66): Illuminate\\Routing\\Pipeline->Illuminate\\Routing\\{closure}(Object(Illuminate\\Http\\Request))
#33 /var/www/www-root/data/www/randevumcepte/vendor/laravel/framework/src/Illuminate/Pipeline/Pipeline.php(151): Illuminate\\Cookie\\Middleware\\EncryptCookies->handle(Object(Illuminate\\Http\\Request), Object(Closure))
#34 /var/www/www-root/data/www/randevumcepte/vendor/laravel/framework/src/Illuminate/Routing/Pipeline.php(53): Illuminate\\Pipeline\\Pipeline->Illuminate\\Pipeline\\{closure}(Object(Illuminate\\Http\\Request))
#35 /var/www/www-root/data/www/randevumcepte/app/Http/Middleware/LogRequestPerformance.php(13): Illuminate\\Routing\\Pipeline->Illuminate\\Routing\\{closure}(Object(Illuminate\\Http\\Request))
#36 /var/www/www-root/data/www/randevumcepte/vendor/laravel/framework/src/Illuminate/Pipeline/Pipeline.php(151): App\\Http\\Middleware\\LogRequestPerformance->handle(Object(Illuminate\\Http\\Request), Object(Closure))
#37 /var/www/www-root/data/www/randevumcepte/vendor/laravel/framework/src/Illuminate/Routing/Pipeline.php(53): Illuminate\\Pipeline\\Pipeline->Illuminate\\Pipeline\\{closure}(Object(Illuminate\\Http\\Request))
#38 /var/www/www-root/data/www/randevumcepte/vendor/laravel/framework/src/Illuminate/Pipeline/Pipeline.php(104): Illuminate\\Routing\\Pipeline->Illuminate\\Routing\\{closure}(Object(Illuminate\\Http\\Request))
#39 /var/www/www-root/data/www/randevumcepte/vendor/laravel/framework/src/Illuminate/Routing/Router.php(667): Illuminate\\Pipeline\\Pipeline->then(Object(Closure))
#40 /var/www/www-root/data/www/randevumcepte/vendor/laravel/framework/src/Illuminate/Routing/Router.php(642): Illuminate\\Routing\\Router->runRouteWithinStack(Object(Illuminate\\Routing\\Route), Object(Illuminate\\Http\\Request))
#41 /var/www/www-root/data/www/randevumcepte/vendor/laravel/framework/src/Illuminate/Routing/Router.php(608): Illuminate\\Routing\\Router->runRoute(Object(Illuminate\\Http\\Request), Object(Illuminate\\Routing\\Route))
#42 /var/www/www-root/data/www/randevumcepte/vendor/laravel/framework/src/Illuminate/Routing/Router.php(597): Illuminate\\Routing\\Router->dispatchToRoute(Object(Illuminate\\Http\\Request))
#43 /var/www/www-root/data/www/randevumcepte/vendor/laravel/framework/src/Illuminate/Foundation/Http/Kernel.php(176): Illuminate\\Routing\\Router->dispatch(Object(Illuminate\\Http\\Request))
#44 /var/www/www-root/data/www/randevumcepte/vendor/laravel/framework/src/Illuminate/Routing/Pipeline.php(30): Illuminate\\Foundation\\Http\\Kernel->Illuminate\\Foundation\\Http\\{closure}(Object(Illuminate\\Http\\Request))
#45 /var/www/www-root/data/www/randevumcepte/vendor/barryvdh/laravel-debugbar/src/Middleware/InjectDebugbar.php(58): Illuminate\\Routing\\Pipeline->Illuminate\\Routing\\{closure}(Object(Illuminate\\Http\\Request))
#46 /var/www/www-root/data/www/randevumcepte/vendor/laravel/framework/src/Illuminate/Pipeline/Pipeline.php(151): Barryvdh\\Debugbar\\Middleware\\InjectDebugbar->handle(Object(Illuminate\\Http\\Request), Object(Closure))
#47 /var/www/www-root/data/www/randevumcepte/vendor/laravel/framework/src/Illuminate/Routing/Pipeline.php(53): Illuminate\\Pipeline\\Pipeline->Illuminate\\Pipeline\\{closure}(Object(Illuminate\\Http\\Request))
#48 /var/www/www-root/data/www/randevumcepte/vendor/laravel/framework/src/Illuminate/Foundation/Http/Middleware/TransformsRequest.php(31): Illuminate\\Routing\\Pipeline->Illuminate\\Routing\\{closure}(Object(Illuminate\\Http\\Request))
#49 /var/www/www-root/data/www/randevumcepte/vendor/laravel/framework/src/Illuminate/Pipeline/Pipeline.php(151): Illuminate\\Foundation\\Http\\Middleware\\TransformsRequest->handle(Object(Illuminate\\Http\\Request), Object(Closure))
#50 /var/www/www-root/data/www/randevumcepte/vendor/laravel/framework/src/Illuminate/Routing/Pipeline.php(53): Illuminate\\Pipeline\\Pipeline->Illuminate\\Pipeline\\{closure}(Object(Illuminate\\Http\\Request))
#51 /var/www/www-root/data/www/randevumcepte/vendor/laravel/framework/src/Illuminate/Foundation/Http/Middleware/TransformsRequest.php(31): Illuminate\\Routing\\Pipeline->Illuminate\\Routing\\{closure}(Object(Illuminate\\Http\\Request))
#52 /var/www/www-root/data/www/randevumcepte/vendor/laravel/framework/src/Illuminate/Pipeline/Pipeline.php(151): Illuminate\\Foundation\\Http\\Middleware\\TransformsRequest->handle(Object(Illuminate\\Http\\Request), Object(Closure))
#53 /var/www/www-root/data/www/randevumcepte/vendor/laravel/framework/src/Illuminate/Routing/Pipeline.php(53): Illuminate\\Pipeline\\Pipeline->Illuminate\\Pipeline\\{closure}(Object(Illuminate\\Http\\Request))
#54 /var/www/www-root/data/www/randevumcepte/vendor/laravel/framework/src/Illuminate/Foundation/Http/Middleware/ValidatePostSize.php(27): Illuminate\\Routing\\Pipeline->Illuminate\\Routing\\{closure}(Object(Illuminate\\Http\\Request))
#55 /var/www/www-root/data/www/randevumcepte/vendor/laravel/framework/src/Illuminate/Pipeline/Pipeline.php(151): Illuminate\\Foundation\\Http\\Middleware\\ValidatePostSize->handle(Object(Illuminate\\Http\\Request), Object(Closure))
#56 /var/www/www-root/data/www/randevumcepte/vendor/laravel/framework/src/Illuminate/Routing/Pipeline.php(53): Illuminate\\Pipeline\\Pipeline->Illuminate\\Pipeline\\{closure}(Object(Illuminate\\Http\\Request))
#57 /var/www/www-root/data/www/randevumcepte/vendor/laravel/framework/src/Illuminate/Foundation/Http/Middleware/CheckForMaintenanceMode.php(62): Illuminate\\Routing\\Pipeline->Illuminate\\Routing\\{closure}(Object(Illuminate\\Http\\Request))
#58 /var/www/www-root/data/www/randevumcepte/vendor/laravel/framework/src/Illuminate/Pipeline/Pipeline.php(151): Illuminate\\Foundation\\Http\\Middleware\\CheckForMaintenanceMode->handle(Object(Illuminate\\Http\\Request), Object(Closure))
#59 /var/www/www-root/data/www/randevumcepte/vendor/laravel/framework/src/Illuminate/Routing/Pipeline.php(53): Illuminate\\Pipeline\\Pipeline->Illuminate\\Pipeline\\{closure}(Object(Illuminate\\Http\\Request))
#60 /var/www/www-root/data/www/randevumcepte/vendor/laravel/framework/src/Illuminate/Pipeline/Pipeline.php(104): Illuminate\\Routing\\Pipeline->Illuminate\\Routing\\{closure}(Object(Illuminate\\Http\\Request))
#61 /var/www/www-root/data/www/randevumcepte/vendor/laravel/framework/src/Illuminate/Foundation/Http/Kernel.php(151): Illuminate\\Pipeline\\Pipeline->then(Object(Closure))
#62 /var/www/www-root/data/www/randevumcepte/vendor/laravel/framework/src/Illuminate/Foundation/Http/Kernel.php(116): Illuminate\\Foundation\\Http\\Kernel->sendRequestThroughRouter(Object(Illuminate\\Http\\Request))
#63 /var/www/www-root/data/www/randevumcepte/public/index.php(52): Illuminate\\Foundation\\Http\\Kernel->handle(Object(Illuminate\\Http\\Request))
#64 /var/www/www-root/data/www/randevumcepte/index.php(20): require_once('/var/www/www-ro...')
#65 {main}
"} 
[2026-07-01 23:33:34] local.INFO: başlangıç 2026-07-01  
[2026-07-01 23:33:34] local.INFO: bitis 2026-07-01  
[2026-07-01 23:33:39] local.INFO: başlangıç 2026-07-01  
[2026-07-01 23:33:39] local.INFO: bitis 2026-07-01  
[2026-07-01 23:34:02] local.INFO: [RND-SMS] cron tick {"simdi":"01.07.2026 23:34","aday_randevu_sayisi":566} 
[2026-07-01 23:34:03] local.INFO: [ALACAK-ARAMA] kontrol basladi. dk=2026-07-01 23:34  
[2026-07-01 23:34:03] local.INFO: [ALACAK-ARAMA] aranacak alacak yok.  
[2026-07-01 23:34:03] local.INFO: 💊 İlaç kontrol zamanı: 23:34  
[2026-07-01 23:35:02] local.INFO: [RND-SMS] cron tick {"simdi":"01.07.2026 23:35","aday_randevu_sayisi":566} 
[2026-07-01 23:35:03] local.INFO: [ALACAK-ARAMA] kontrol basladi. dk=2026-07-01 23:35  
[2026-07-01 23:35:03] local.INFO: [ALACAK-ARAMA] aranacak alacak yok.  
[2026-07-01 23:35:04] local.INFO: 💊 İlaç kontrol zamanı: 23:35  
[2026-07-01 23:35:17] local.INFO: [v2 oda_personel_map] {"salon_id":"355","oda_count":38,"row_count":22,"map_keys":[296,335,301,302,297,350,349,291,292,346,294,298,347]} 
[2026-07-01 23:35:18] local.INFO: 1970-01-01 00:00:00 - 2026-07-31 23:59:59 satışları geliyor Müşteri : 156474 Personel :  Tür : 0  
[2026-07-01 23:35:18] local.INFO: DEBUG: Müşteri ID değeri: '156474'  
[2026-07-01 23:35:18] local.INFO: DEBUG: Müşteri ID tipi: string  
[2026-07-01 23:35:18] local.INFO: DEBUG: Müşteri ID == '': HAYIR  
[2026-07-01 23:35:18] local.INFO: DEBUG: Müşteri ID === '': HAYIR  
[2026-07-01 23:35:18] local.INFO: DEBUG: Müşteri ID empty(): HAYIR  
[2026-07-01 23:35:19] local.INFO: paketHizmetId: NULL  
[2026-07-01 23:36:02] local.INFO: [RND-SMS] cron tick {"simdi":"01.07.2026 23:36","aday_randevu_sayisi":566} 
[2026-07-01 23:36:04] local.INFO: [ALACAK-ARAMA] kontrol basladi. dk=2026-07-01 23:36  
[2026-07-01 23:36:04] local.INFO: [ALACAK-ARAMA] aranacak alacak yok.  
[2026-07-01 23:36:04] local.INFO: 💊 İlaç kontrol zamanı: 23:36  
[2026-07-01 23:37:02] local.INFO: [RND-SMS] cron tick {"simdi":"01.07.2026 23:37","aday_randevu_sayisi":566} 
[2026-07-01 23:37:02] local.INFO: [v2 oda_personel_map] {"salon_id":"355","oda_count":38,"row_count":22,"map_keys":[296,335,301,302,297,350,349,291,292,346,294,298,347]} 
[2026-07-01 23:37:03] local.INFO: santral_raporlari endpoint: https://santral.randevumcepte.com.tr/monitor/api/freepbxapi.php?offset=0&limit=500&dahililer[]=15&tarih1=2026-07-01&tarih2=2026-07-01  
[2026-07-01 23:37:03] local.INFO: 1970-01-01 00:00:00 - 2026-07-31 23:59:59 satışları geliyor Müşteri : 185759 Personel :  Tür : 0  
[2026-07-01 23:37:03] local.INFO: DEBUG: Müşteri ID değeri: '185759'  
[2026-07-01 23:37:03] local.INFO: DEBUG: Müşteri ID tipi: string  
[2026-07-01 23:37:03] local.INFO: DEBUG: Müşteri ID == '': HAYIR  
[2026-07-01 23:37:03] local.INFO: DEBUG: Müşteri ID === '': HAYIR  
[2026-07-01 23:37:03] local.INFO: DEBUG: Müşteri ID empty(): HAYIR  
[2026-07-01 23:37:03] local.INFO: paketHizmetId: NULL  
[2026-07-01 23:37:03] local.INFO: [ALACAK-ARAMA] kontrol basladi. dk=2026-07-01 23:37  
[2026-07-01 23:37:03] local.INFO: [ALACAK-ARAMA] aranacak alacak yok.  
[2026-07-01 23:37:04] local.INFO: 💊 İlaç kontrol zamanı: 23:37  
[2026-07-01 23:38:02] local.INFO: [RND-SMS] cron tick {"simdi":"01.07.2026 23:38","aday_randevu_sayisi":566} 
[2026-07-01 23:38:03] local.INFO: [ALACAK-ARAMA] kontrol basladi. dk=2026-07-01 23:38  
[2026-07-01 23:38:03] local.INFO: [ALACAK-ARAMA] aranacak alacak yok.  
[2026-07-01 23:38:04] local.INFO: 💊 İlaç kontrol zamanı: 23:38  
[2026-07-01 23:38:12] local.INFO: [v2 oda_personel_map] {"salon_id":"355","oda_count":38,"row_count":22,"map_keys":[296,335,301,302,297,350,349,291,292,346,294,298,347]} 
[2026-07-01 23:39:02] local.INFO: [RND-SMS] cron tick {"simdi":"01.07.2026 23:39","aday_randevu_sayisi":566} 
[2026-07-01 23:39:03] local.INFO: [ALACAK-ARAMA] kontrol basladi. dk=2026-07-01 23:39  
[2026-07-01 23:39:03] local.INFO: [ALACAK-ARAMA] aranacak alacak yok.  
[2026-07-01 23:39:04] local.INFO: 💊 İlaç kontrol zamanı: 23:39  
[2026-07-01 23:40:02] local.INFO: [RND-SMS] cron tick {"simdi":"01.07.2026 23:40","aday_randevu_sayisi":566} 
[2026-07-01 23:40:04] local.INFO: [ALACAK-ARAMA] kontrol basladi. dk=2026-07-01 23:40  
[2026-07-01 23:40:04] local.INFO: [ALACAK-ARAMA] aranacak alacak yok.  
[2026-07-01 23:40:04] local.INFO: 💊 İlaç kontrol zamanı: 23:40  
[2026-07-01 23:40:15] local.ERROR: Trying to get property 'id' of non-object {"exception":"[object] (ErrorException(code: 0): Trying to get property 'id' of non-object at /var/www/www-root/data/www/randevumcepte/app/Http/Controllers/HomeController.php:299)
[stacktrace]
#0 /var/www/www-root/data/www/randevumcepte/app/Http/Controllers/HomeController.php(299): Illuminate\\Foundation\\Bootstrap\\HandleExceptions->handleError(8, 'Trying to get p...', '/var/www/www-ro...', 299, Array)
#1 [internal function]: App\\Http\\Controllers\\HomeController->salonDetay(Object(Illuminate\\Http\\Request))
#2 /var/www/www-root/data/www/randevumcepte/vendor/laravel/framework/src/Illuminate/Routing/Controller.php(54): call_user_func_array(Array, Array)
#3 /var/www/www-root/data/www/randevumcepte/vendor/laravel/framework/src/Illuminate/Routing/ControllerDispatcher.php(45): Illuminate\\Routing\\Controller->callAction('salonDetay', Array)
#4 /var/www/www-root/data/www/randevumcepte/vendor/laravel/framework/src/Illuminate/Routing/Route.php(212): Illuminate\\Routing\\ControllerDispatcher->dispatch(Object(Illuminate\\Routing\\Route), Object(App\\Http\\Controllers\\HomeController), 'salonDetay')
#5 /var/www/www-root/data/www/randevumcepte/vendor/laravel/framework/src/Illuminate/Routing/Route.php(169): Illuminate\\Routing\\Route->runController()
#6 /var/www/www-root/data/www/randevumcepte/vendor/laravel/framework/src/Illuminate/Routing/Router.php(665): Illuminate\\Routing\\Route->run()
#7 /var/www/www-root/data/www/randevumcepte/vendor/laravel/framework/src/Illuminate/Routing/Pipeline.php(30): Illuminate\\Routing\\Router->Illuminate\\Routing\\{closure}(Object(Illuminate\\Http\\Request))
#8 /var/www/www-root/data/www/randevumcepte/app/Http/Middleware/RedirectIfAuthenticated.php(33): Illuminate\\Routing\\Pipeline->Illuminate\\Routing\\{closure}(Object(Illuminate\\Http\\Request))
#9 /var/www/www-root/data/www/randevumcepte/vendor/laravel/framework/src/Illuminate/Pipeline/Pipeline.php(151): App\\Http\\Middleware\\RedirectIfAuthenticated->handle(Object(Illuminate\\Http\\Request), Object(Closure))
#10 /var/www/www-root/data/www/randevumcepte/vendor/laravel/framework/src/Illuminate/Routing/Pipeline.php(53): Illuminate\\Pipeline\\Pipeline->Illuminate\\Pipeline\\{closure}(Object(Illuminate\\Http\\Request))
#11 /var/www/www-root/data/www/randevumcepte/vendor/htmlmin/htmlmin/src/Http/Middleware/MinifyMiddleware.php(55): Illuminate\\Routing\\Pipeline->Illuminate\\Routing\\{closure}(Object(Illuminate\\Http\\Request))
#12 /var/www/www-root/data/www/randevumcepte/vendor/laravel/framework/src/Illuminate/Pipeline/Pipeline.php(151): HTMLMin\\HTMLMin\\Http\\Middleware\\MinifyMiddleware->handle(Object(Illuminate\\Http\\Request), Object(Closure))
#13 /var/www/www-root/data/www/randevumcepte/vendor/laravel/framework/src/Illuminate/Routing/Pipeline.php(53): Illuminate\\Pipeline\\Pipeline->Illuminate\\Pipeline\\{closure}(Object(Illuminate\\Http\\Request))
#14 /var/www/www-root/data/www/randevumcepte/vendor/laravel/framework/src/Illuminate/Routing/Middleware/SubstituteBindings.php(41): Illuminate\\Routing\\Pipeline->Illuminate\\Routing\\{closure}(Object(Illuminate\\Http\\Request))
#15 /var/www/www-root/data/www/randevumcepte/vendor/laravel/framework/src/Illuminate/Pipeline/Pipeline.php(151): Illuminate\\Routing\\Middleware\\SubstituteBindings->handle(Object(Illuminate\\Http\\Request), Object(Closure))
#16 /var/www/www-root/data/www/randevumcepte/vendor/laravel/framework/src/Illuminate/Routing/Pipeline.php(53): Illuminate\\Pipeline\\Pipeline->Illuminate\\Pipeline\\{closure}(Object(Illuminate\\Http\\Request))
#17 /var/www/www-root/data/www/randevumcepte/app/Http/Middleware/AuthenticateSession.php(42): Illuminate\\Routing\\Pipeline->Illuminate\\Routing\\{closure}(Object(Illuminate\\Http\\Request))
#18 /var/www/www-root/data/www/randevumcepte/vendor/laravel/framework/src/Illuminate/Pipeline/Pipeline.php(151): App\\Http\\Middleware\\AuthenticateSession->handle(Object(Illuminate\\Http\\Request), Object(Closure))
#19 /var/www/www-root/data/www/randevumcepte/vendor/laravel/framework/src/Illuminate/Routing/Pipeline.php(53): Illuminate\\Pipeline\\Pipeline->Illuminate\\Pipeline\\{closure}(Object(Illuminate\\Http\\Request))
#20 /var/www/www-root/data/www/randevumcepte/vendor/laravel/framework/src/Illuminate/Foundation/Http/Middleware/VerifyCsrfToken.php(68): Illuminate\\Routing\\Pipeline->Illuminate\\Routing\\{closure}(Object(Illuminate\\Http\\Request))
#21 /var/www/www-root/data/www/randevumcepte/vendor/laravel/framework/src/Illuminate/Pipeline/Pipeline.php(151): Illuminate\\Foundation\\Http\\Middleware\\VerifyCsrfToken->handle(Object(Illuminate\\Http\\Request), Object(Closure))
#22 /var/www/www-root/data/www/randevumcepte/vendor/laravel/framework/src/Illuminate/Routing/Pipeline.php(53): Illuminate\\Pipeline\\Pipeline->Illuminate\\Pipeline\\{closure}(Object(Illuminate\\Http\\Request))
#23 /var/www/www-root/data/www/randevumcepte/vendor/laravel/framework/src/Illuminate/View/Middleware/ShareErrorsFromSession.php(49): Illuminate\\Routing\\Pipeline->Illuminate\\Routing\\{closure}(Object(Illuminate\\Http\\Request))
#24 /var/www/www-root/data/www/randevumcepte/vendor/laravel/framework/src/Illuminate/Pipeline/Pipeline.php(151): Illuminate\\View\\Middleware\\ShareErrorsFromSession->handle(Object(Illuminate\\Http\\Request), Object(Closure))
#25 /var/www/www-root/data/www/randevumcepte/vendor/laravel/framework/src/Illuminate/Routing/Pipeline.php(53): Illuminate\\Pipeline\\Pipeline->Illuminate\\Pipeline\\{closure}(Object(Illuminate\\Http\\Request))
#26 /var/www/www-root/data/www/randevumcepte/vendor/laravel/framework/src/Illuminate/Session/Middleware/StartSession.php(63): Illuminate\\Routing\\Pipeline->Illuminate\\Routing\\{closure}(Object(Illuminate\\Http\\Request))
#27 /var/www/www-root/data/www/randevumcepte/vendor/laravel/framework/src/Illuminate/Pipeline/Pipeline.php(151): Illuminate\\Session\\Middleware\\StartSession->handle(Object(Illuminate\\Http\\Request), Object(Closure))
#28 /var/www/www-root/data/www/randevumcepte/vendor/laravel/framework/src/Illuminate/Routing/Pipeline.php(53): Illuminate\\Pipeline\\Pipeline->Illuminate\\Pipeline\\{closure}(Object(Illuminate\\Http\\Request))
#29 /var/www/www-root/data/www/randevumcepte/vendor/laravel/framework/src/Illuminate/Cookie/Middleware/AddQueuedCookiesToResponse.php(37): Illuminate\\Routing\\Pipeline->Illuminate\\Routing\\{closure}(Object(Illuminate\\Http\\Request))
#30 /var/www/www-root/data/www/randevumcepte/vendor/laravel/framework/src/Illuminate/Pipeline/Pipeline.php(151): Illuminate\\Cookie\\Middleware\\AddQueuedCookiesToResponse->handle(Object(Illuminate\\Http\\Request), Object(Closure))
#31 /var/www/www-root/data/www/randevumcepte/vendor/laravel/framework/src/Illuminate/Routing/Pipeline.php(53): Illuminate\\Pipeline\\Pipeline->Illuminate\\Pipeline\\{closure}(Object(Illuminate\\Http\\Request))
#32 /var/www/www-root/data/www/randevumcepte/vendor/laravel/framework/src/Illuminate/Cookie/Middleware/EncryptCookies.php(66): Illuminate\\Routing\\Pipeline->Illuminate\\Routing\\{closure}(Object(Illuminate\\Http\\Request))
#33 /var/www/www-root/data/www/randevumcepte/vendor/laravel/framework/src/Illuminate/Pipeline/Pipeline.php(151): Illuminate\\Cookie\\Middleware\\EncryptCookies->handle(Object(Illuminate\\Http\\Request), Object(Closure))
#34 /var/www/www-root/data/www/randevumcepte/vendor/laravel/framework/src/Illuminate/Routing/Pipeline.php(53): Illuminate\\Pipeline\\Pipeline->Illuminate\\Pipeline\\{closure}(Object(Illuminate\\Http\\Request))
#35 /var/www/www-root/data/www/randevumcepte/app/Http/Middleware/LogRequestPerformance.php(13): Illuminate\\Routing\\Pipeline->Illuminate\\Routing\\{closure}(Object(Illuminate\\Http\\Request))
#36 /var/www/www-root/data/www/randevumcepte/vendor/laravel/framework/src/Illuminate/Pipeline/Pipeline.php(151): App\\Http\\Middleware\\LogRequestPerformance->handle(Object(Illuminate\\Http\\Request), Object(Closure))
#37 /var/www/www-root/data/www/randevumcepte/vendor/laravel/framework/src/Illuminate/Routing/Pipeline.php(53): Illuminate\\Pipeline\\Pipeline->Illuminate\\Pipeline\\{closure}(Object(Illuminate\\Http\\Request))
#38 /var/www/www-root/data/www/randevumcepte/vendor/laravel/framework/src/Illuminate/Pipeline/Pipeline.php(104): Illuminate\\Routing\\Pipeline->Illuminate\\Routing\\{closure}(Object(Illuminate\\Http\\Request))
#39 /var/www/www-root/data/www/randevumcepte/vendor/laravel/framework/src/Illuminate/Routing/Router.php(667): Illuminate\\Pipeline\\Pipeline->then(Object(Closure))
#40 /var/www/www-root/data/www/randevumcepte/vendor/laravel/framework/src/Illuminate/Routing/Router.php(642): Illuminate\\Routing\\Router->runRouteWithinStack(Object(Illuminate\\Routing\\Route), Object(Illuminate\\Http\\Request))
#41 /var/www/www-root/data/www/randevumcepte/vendor/laravel/framework/src/Illuminate/Routing/Router.php(608): Illuminate\\Routing\\Router->runRoute(Object(Illuminate\\Http\\Request), Object(Illuminate\\Routing\\Route))
#42 /var/www/www-root/data/www/randevumcepte/vendor/laravel/framework/src/Illuminate/Routing/Router.php(597): Illuminate\\Routing\\Router->dispatchToRoute(Object(Illuminate\\Http\\Request))
#43 /var/www/www-root/data/www/randevumcepte/vendor/laravel/framework/src/Illuminate/Foundation/Http/Kernel.php(176): Illuminate\\Routing\\Router->dispatch(Object(Illuminate\\Http\\Request))
#44 /var/www/www-root/data/www/randevumcepte/vendor/laravel/framework/src/Illuminate/Routing/Pipeline.php(30): Illuminate\\Foundation\\Http\\Kernel->Illuminate\\Foundation\\Http\\{closure}(Object(Illuminate\\Http\\Request))
#45 /var/www/www-root/data/www/randevumcepte/vendor/barryvdh/laravel-debugbar/src/Middleware/InjectDebugbar.php(58): Illuminate\\Routing\\Pipeline->Illuminate\\Routing\\{closure}(Object(Illuminate\\Http\\Request))
#46 /var/www/www-root/data/www/randevumcepte/vendor/laravel/framework/src/Illuminate/Pipeline/Pipeline.php(151): Barryvdh\\Debugbar\\Middleware\\InjectDebugbar->handle(Object(Illuminate\\Http\\Request), Object(Closure))
#47 /var/www/www-root/data/www/randevumcepte/vendor/laravel/framework/src/Illuminate/Routing/Pipeline.php(53): Illuminate\\Pipeline\\Pipeline->Illuminate\\Pipeline\\{closure}(Object(Illuminate\\Http\\Request))
#48 /var/www/www-root/data/www/randevumcepte/vendor/laravel/framework/src/Illuminate/Foundation/Http/Middleware/TransformsRequest.php(31): Illuminate\\Routing\\Pipeline->Illuminate\\Routing\\{closure}(Object(Illuminate\\Http\\Request))
#49 /var/www/www-root/data/www/randevumcepte/vendor/laravel/framework/src/Illuminate/Pipeline/Pipeline.php(151): Illuminate\\Foundation\\Http\\Middleware\\TransformsRequest->handle(Object(Illuminate\\Http\\Request), Object(Closure))
#50 /var/www/www-root/data/www/randevumcepte/vendor/laravel/framework/src/Illuminate/Routing/Pipeline.php(53): Illuminate\\Pipeline\\Pipeline->Illuminate\\Pipeline\\{closure}(Object(Illuminate\\Http\\Request))
#51 /var/www/www-root/data/www/randevumcepte/vendor/laravel/framework/src/Illuminate/Foundation/Http/Middleware/TransformsRequest.php(31): Illuminate\\Routing\\Pipeline->Illuminate\\Routing\\{closure}(Object(Illuminate\\Http\\Request))
#52 /var/www/www-root/data/www/randevumcepte/vendor/laravel/framework/src/Illuminate/Pipeline/Pipeline.php(151): Illuminate\\Foundation\\Http\\Middleware\\TransformsRequest->handle(Object(Illuminate\\Http\\Request), Object(Closure))
#53 /var/www/www-root/data/www/randevumcepte/vendor/laravel/framework/src/Illuminate/Routing/Pipeline.php(53): Illuminate\\Pipeline\\Pipeline->Illuminate\\Pipeline\\{closure}(Object(Illuminate\\Http\\Request))
#54 /var/ww